{
	"format_version": "1.10.0",
	"geometry.bee": {
		"texturewidth": 104,
		"textureheight": 104,
		"visible_bounds_width": 3,
		"visible_bounds_height": 4,
		"visible_bounds_offset": [0, 1, 0],
		"bones": [
			{
				"name": "body",
				"pivot": [0.5, 5, 0],
				"cubes": [
					{"origin": [-3, 2, -5], "size": [7, 7, 10], "uv": [0, 0]},
					{"origin": [2, 7, -8], "size": [1, 2, 3], "uv": [2, 0]},
					{"origin": [-2, 7, -8], "size": [1, 2, 3], "uv": [2, 3]}
				],
				"locators": {
					"lead": [0, 4, -1]
				}
			},
			{
				"name": "stinger",
				"parent": "body",
				"pivot": [0.5, 6, 1],
				"cubes": [
					{"origin": [0.5, 5, 5], "size": [0, 1, 2], "uv": [26, 7]}
				]
			},
			{
				"name": "rightwing_bone",
				"parent": "body",
				"pivot": [-1, 9, -3],
				"rotation": [15, -15, 0],
				"cubes": [
					{"origin": [-10, 9, -3], "size": [9, 0, 6], "uv": [1, 18]}
				]
			},
			{
				"name": "leftwing_bone",
				"parent": "body",
				"pivot": [2, 9, -3],
				"rotation": [15, 15, 0],
				"cubes": [
					{"origin": [2, 9, -3], "size": [9, 0, 6], "uv": [0, 24]}
				]
			},
			{
				"name": "leg_front",
				"parent": "body",
				"pivot": [2, 2, -2],
				"cubes": [
					{"origin": [-3, 0, -2], "size": [7, 2, 0], "uv": [26, 1]}
				]
			},
			{
				"name": "leg_mid",
				"parent": "body",
				"pivot": [2, 2, 0],
				"cubes": [
					{"origin": [-3, 0, 0], "size": [7, 2, 0], "uv": [26, 3]}
				]
			},
			{
				"name": "leg_back",
				"parent": "body",
				"pivot": [2, 2, 2],
				"cubes": [
					{"origin": [-3, 0, 2], "size": [7, 2, 0], "uv": [26, 5]}
				]
			},
			{
				"name": "torso",
				"parent": "body",
				"pivot": [0, 5, 0],
				"cubes": [
					{"origin": [-5.5, 3, -6], "size": [11, 11, 12], "uv": [9, 48]}
				]
			},
			{
				"name": "torso_overlay",
				"parent": "torso",
				"pivot": [0, 0, 0],
				"cubes": [
					{"origin": [-6.5, 0, -7], "size": [13, 15, 14], "uv": [10, 17]},
					{"origin": [3.5, 15, -2], "size": [4, 5, 0], "uv": [44, 72]},
					{"origin": [-6.5, 15, -5], "size": [5, 3, 0], "uv": [52, 73]},
					{"origin": [-8.5, 2, 4], "size": [2, 4, 0], "uv": [59, 66]},
					{"origin": [6.5, 2, 1], "size": [3, 7, 0], "uv": [58, 58]}
				]
			},
			{
				"name": "allium",
				"parent": "torso_overlay",
				"pivot": [-4, 10, 7],
				"rotation": [-12.5, 0, -12.5],
				"cubes": [
					{"origin": [-6.06712, 11.90631, 6.57738], "size": [5, 8, 0], "uv": [54, 0]}
				]
			},
			{
				"name": "cornflower",
				"parent": "torso_overlay",
				"pivot": [-1, 13, 0],
				"rotation": [0, 0, -2.5],
				"cubes": [
					{"origin": [-3.41276, 14.9981, 0], "size": [5, 8, 0], "uv": [44, 0]}
				]
			},
			{
				"name": "pink_tulip",
				"parent": "torso_overlay",
				"pivot": [-6, 10, 0],
				"rotation": [0, 0, -32.5],
				"cubes": [
					{"origin": [-7.4254, 11.68678, 0], "size": [5, 8, 0], "uv": [54, 16]}
				]
			},
			{
				"name": "sunflower",
				"parent": "torso_overlay",
				"pivot": [3, 11, -7],
				"rotation": [10, 0, 5],
				"cubes": [
					{"origin": [0.32569, 12.96212, -6.65403], "size": [5, 9, 0], "uv": [44, 8]}
				]
			},
			{
				"name": "red_tulip",
				"parent": "torso_overlay",
				"pivot": [6, 12, 5],
				"rotation": [0, 0, 17.5],
				"cubes": [
					{"origin": [2.89859, 13.90743, 5], "size": [5, 8, 0], "uv": [54, 8]}
				]
			},
			{
				"name": "tail_large",
				"parent": "torso_overlay",
				"pivot": [0, 0, 0],
				"cubes": [
					{"origin": [-4.5, -4, -4], "size": [9, 9, 9], "uv": [0, 71]}
				]
			},
			{
				"name": "tail_small",
				"parent": "tail_large",
				"pivot": [0, -2, 0],
				"cubes": [
					{"origin": [-3.5, -10, -3], "size": [7, 13, 7], "uv": [36, 84]}
				]
			},
			{
				"name": "cod",
				"parent": "torso_overlay",
				"pivot": [-7, 5, -2],
				"rotation": [7.5, -2.5, 2.5]
			},
			{
				"name": "cod_body",
				"parent": "cod",
				"pivot": [-7, 5, -4],
				"cubes": [
					{"origin": [-8.08716, 4.98051, -3.73542], "size": [2, 4, 7], "uv": [0, 93]}
				]
			},
			{
				"name": "cod_right_fin",
				"parent": "cod_body",
				"pivot": [-8, 4, -4],
				"rotation": [0, 0, -45],
				"cubes": [
					{"origin": [-8.6612, 5.46206, -4.73542], "size": [2, 0, 2], "uv": [24, 94]}
				]
			},
			{
				"name": "cod_left_fin",
				"parent": "cod_body",
				"pivot": [-6, 4, -4],
				"rotation": [0, 0, 45],
				"cubes": [
					{"origin": [-7.46206, 5.3388, -4.73542], "size": [2, 0, 2], "uv": [24, 97]}
				]
			},
			{
				"name": "cod_head",
				"parent": "cod",
				"pivot": [-7, 5, -4],
				"cubes": [
					{"origin": [-8.08716, 4.98051, -6.73542], "size": [2, 4, 3], "uv": [11, 93]}
				]
			},
			{
				"name": "cod_nose",
				"parent": "cod",
				"pivot": [-7, 5, -7],
				"cubes": [
					{"origin": [-8.08716, 5.98051, -7.73542], "size": [2, 3, 1], "uv": [0, 93]}
				]
			},
			{
				"name": "cod_fin_back",
				"parent": "cod",
				"pivot": [-7, 7, -4],
				"cubes": [
					{"origin": [-7.08716, 8.98051, -4.73542], "size": [0, 1, 6], "uv": [20, 87]}
				]
			},
			{
				"name": "cod_tail",
				"parent": "cod",
				"pivot": [-7, 5, 3],
				"cubes": [
					{"origin": [-7.08716, 4.98051, 3.26458], "size": [0, 4, 4], "uv": [22, 96]}
				]
			},
			{
				"name": "cod2",
				"parent": "torso_overlay",
				"pivot": [7, 10, 4],
				"rotation": [-12.5, -5, 2.5]
			},
			{
				"name": "cod_body2",
				"parent": "cod2",
				"pivot": [7, 10, 2],
				"cubes": [
					{"origin": [5.91309, 9.95238, 1.57496], "size": [2, 4, 7], "uv": [0, 93]}
				]
			},
			{
				"name": "cod_right_fin2",
				"parent": "cod_body2",
				"pivot": [6, 9, 2],
				"rotation": [0, 0, -45],
				"cubes": [
					{"origin": [5.31909, 10.44199, 0.57496], "size": [2, 0, 2], "uv": [24, 94]}
				]
			},
			{
				"name": "cod_left_fin2",
				"parent": "cod_body2",
				"pivot": [8, 9, 2],
				"rotation": [0, 0, 45],
				"cubes": [
					{"origin": [6.55801, 10.31909, 0.57496], "size": [2, 0, 2], "uv": [24, 97]}
				]
			},
			{
				"name": "cod_head2",
				"parent": "cod2",
				"pivot": [7, 10, 2],
				"cubes": [
					{"origin": [5.91309, 9.95238, -1.42504], "size": [2, 4, 3], "uv": [11, 93]}
				]
			},
			{
				"name": "cod_nose2",
				"parent": "cod2",
				"pivot": [7, 10, -1],
				"cubes": [
					{"origin": [5.91309, 10.95238, -2.42504], "size": [2, 3, 1], "uv": [0, 93]}
				]
			},
			{
				"name": "cod_fin_back2",
				"parent": "cod2",
				"pivot": [7, 12, 2],
				"cubes": [
					{"origin": [6.91309, 13.95238, 0.57496], "size": [0, 1, 6], "uv": [20, 87]}
				]
			},
			{
				"name": "cod_tail2",
				"parent": "cod2",
				"pivot": [7, 10, 9],
				"cubes": [
					{"origin": [6.91309, 9.95238, 8.57496], "size": [0, 4, 4], "uv": [22, 96]}
				]
			},
			{
				"name": "elf_hat",
				"parent": "torso_overlay",
				"pivot": [0, -3, 10],
				"cubes": [
					{"origin": [-4, 15, -4], "size": [8, 2, 8], "uv": [64, 94], "inflate": 0.2}
				]
			},
			{
				"name": "elf_hat2",
				"parent": "elf_hat",
				"pivot": [0, 20.75, 1],
				"rotation": [-12.5, 0, 0],
				"cubes": [
					{"origin": [-3, 15.95259, -2.43288], "size": [6, 7, 6], "uv": [64, 81]}
				]
			},
			{
				"name": "elf_hat3",
				"parent": "elf_hat2",
				"pivot": [0, 22.75, 2],
				"rotation": [-22.5, 0, 0],
				"cubes": [
					{"origin": [-2, 21.6383, -1.14715], "size": [4, 4, 4], "uv": [88, 94], "inflate": 0.1}
				]
			}
		]
	}
}e": [4, 4, 4], "uv": [88, 94], "inflate": 0.1}
				]
			}
		]
	}
}