{
	"format_version": "1.12.0",
	"minecraft:geometry": [
		{
			"description": {
				"identifier": "geometry.chicken",
				"texture_width": 64,
				"texture_height": 102,
				"visible_bounds_width": 3,
				"visible_bounds_height": 2.25,
				"visible_bounds_offset": [0, 0.875, 0]
			},
			"bones": [
				{
					"name": "body",
					"pivot": [0, 8, 0]
				},
				{
					"name": "body2",
					"parent": "body",
					"pivot": [0, 7, 0],
					"cubes": [
						{"origin": [-3, 4, -3], "size": [6, 8, 6], "uv": [0, 9]},
						{"origin": [-4, 5, -4], "size": [8, 5, 6], "uv": [6, 38]}
					]
				},
				{
					"name": "head2",
					"parent": "body2",
					"pivot": [0, 8, 2],
					"rotation": [-90, 0, 0],
					"cubes": [
						{"origin": [-1, 7, -4], "size": [2, 3, 2], "uv": [52, 13]},
						{"origin": [-4, 8, -2], "size": [8, 5, 8], "uv": [32, 47]},
						{"origin": [-6, 13, -4], "size": [12, 7, 12], "uv": [0, 63]},
						{"origin": [-1, 13, 1], "size": [2, 3, 2], "uv": [52, 18]},
						{"origin": [-2, 16, 0], "size": [4, 3, 4], "uv": [48, 24]}
					]
				},
				{
					"name": "head",
					"pivot": [0, 9, -4],
					"cubes": [
						{"origin": [-2, 9, -6], "size": [4, 6, 3], "uv": [0, 0]}
					],
					"locators": {
						"lead": [0, 9, -4]
					}
				},
				{
					"name": "comb",
					"parent": "head",
					"pivot": [0, 9, -4],
					"cubes": [
						{"origin": [-1, 9, -7], "size": [2, 2, 2], "uv": [14, 4]}
					]
				},
				{
					"name": "beak",
					"parent": "head",
					"pivot": [0, 9, -4],
					"cubes": [
						{"origin": [-2, 11, -8], "size": [4, 2, 2], "uv": [14, 0]}
					]
				},
				{
					"name": "leg0",
					"pivot": [-2, 5, 1]
				},
				{
					"name": "right_leg",
					"parent": "leg0",
					"pivot": [-2, 5, 1],
					"cubes": [
						{"origin": [-3, 0, -2], "size": [3, 5, 3], "uv": [26, 0]},
						{"origin": [-4, 0, -1], "size": [4, 5, 3], "uv": [18, 52]}
					]
				},
				{
					"name": "leg1",
					"pivot": [1, 5, 1]
				},
				{
					"name": "left_leg",
					"parent": "leg1",
					"pivot": [1, 5, 1],
					"cubes": [
						{"origin": [0, 0, -2], "size": [3, 5, 3], "uv": [26, 0]},
						{"origin": [0, 0, -1], "size": [4, 5, 3], "uv": [4, 52]}
					]
				},
				{
					"name": "wing0",
					"pivot": [-3, 11, 0],
					"cubes": [
						{"origin": [-4, 7, -3], "size": [1, 4, 6], "uv": [24, 13]}
					]
				},
				{
					"name": "wing1",
					"pivot": [3, 11, 0],
					"cubes": [
						{"origin": [3, 7, -3], "size": [1, 4, 6], "uv": [24, 13]}
					]
				},
				{
					"name": "left_arm",
					"pivot": [4, 10, 0],
					"cubes": [
						{"origin": [4, 1, -1], "size": [2, 10, 3], "uv": [42, 11]}
					]
				},
				{
					"name": "right_arm",
					"pivot": [-4, 10, 0],
					"cubes": [
						{"origin": [-6, 1, -1], "size": [2, 10, 3], "uv": [42, 32]},
						{"origin": [-8, 9, -2], "size": [4, 3, 5], "uv": [44, 65]}
					]
				}
			]
		}
	]
}