{
	"format_version": "1.10.0",
	"geometry.cow.v1.8": {
		"texturewidth": 128,
		"textureheight": 128,
		"visible_bounds_width": 3,
		"visible_bounds_height": 3.125,
		"visible_bounds_offset": [0, 1.4375, 0],
		"bones": [
			{
				"name": "body",
				"pivot": [0, 19, 2],
				"cubes": [
					{"origin": [-6, 11, -5], "size": [12, 18, 10], "uv": [18, 4]},
					{"origin": [-2, 11, -6], "size": [4, 6, 1], "uv": [52, 0]}
				]
			},
			{
				"name": "leg1s",
				"parent": "body",
				"pivot": [3, 4, 1]
			},
			{
				"name": "bone2",
				"parent": "leg1s",
				"pivot": [3, 4, 1],
				"rotation": [90, 0, 0],
				"cubes": [
					{"origin": [1, 2, -3], "size": [4, 4, 4], "uv": [0, 96]}
				]
			},
			{
				"name": "leg2s",
				"parent": "body",
				"pivot": [-3, 4, 7]
			},
			{
				"name": "bone4",
				"parent": "leg2s",
				"pivot": [-3, 4, 7],
				"rotation": [90, 0, 0],
				"cubes": [
					{"origin": [-5, 2, 3], "size": [4, 4, 4], "uv": [0, 96]}
				]
			},
			{
				"name": "leg2s2",
				"parent": "body",
				"pivot": [-3, 4, -5]
			},
			{
				"name": "bone5",
				"parent": "leg2s2",
				"pivot": [-3, 4, -5],
				"rotation": [90, 0, 0],
				"cubes": [
					{"origin": [-5, 2, -9], "size": [4, 4, 4], "uv": [0, 96]}
				]
			},
			{
				"name": "leg3s",
				"parent": "body",
				"pivot": [3, 4, -5]
			},
			{
				"name": "bone6",
				"parent": "leg3s",
				"pivot": [3, 4, -5],
				"rotation": [90, 0, 0],
				"cubes": [
					{"origin": [1, 2, -9], "size": [4, 4, 4], "uv": [0, 96]}
				]
			},
			{
				"name": "leg3s2",
				"parent": "body",
				"pivot": [3, 4, 7]
			},
			{
				"name": "bone7",
				"parent": "leg3s2",
				"pivot": [3, 4, 7],
				"rotation": [90, 0, 0],
				"cubes": [
					{"origin": [1, 2, 3], "size": [4, 4, 4], "uv": [0, 96]}
				]
			},
			{
				"name": "leg0s",
				"parent": "body",
				"pivot": [-3, 4, 1]
			},
			{
				"name": "bone8",
				"parent": "leg0s",
				"pivot": [-3, 4, 1],
				"rotation": [90, 0, 0],
				"cubes": [
					{"origin": [-5, 2, -3], "size": [4, 4, 4], "uv": [0, 96]}
				]
			},
			{
				"name": "bone3",
				"parent": "body",
				"pivot": [3, 29, 2]
			},
			{
				"name": "head2",
				"parent": "body",
				"pivot": [0, 8, -9]
			},
			{
				"name": "bone",
				"parent": "head2",
				"pivot": [0, 17, 21],
				"rotation": [90, 0, 0],
				"cubes": [
					{"origin": [-3, 47, 8.5], "size": [6, 7, 6], "uv": [0, 72]},
					{"origin": [-3, 45, 8.5], "size": [6, 3, 6], "uv": [6, 119], "inflate": 0.01}
				]
			},
			{
				"name": "ear",
				"parent": "bone",
				"pivot": [3, 48, 13],
				"rotation": [0, -25, 0],
				"cubes": [
					{"origin": [2.5, 46, 9], "size": [1, 3, 5], "uv": [82, 112]}
				]
			},
			{
				"name": "ear2",
				"parent": "bone",
				"pivot": [-2, 48, 13],
				"rotation": [0, 25, 0],
				"cubes": [
					{"origin": [-3.5, 46, 8.5], "size": [1, 3, 5], "uv": [82, 120]}
				]
			},
			{
				"name": "sniffer",
				"parent": "body",
				"pivot": [0, 17, 21],
				"rotation": [90, 0, 0]
			},
			{
				"name": "sniffer_body",
				"parent": "sniffer",
				"pivot": [0, 37, 12],
				"cubes": [
					{"origin": [-4, 44, 16.5], "size": [4, 0, 4], "uv": [116, 103]},
					{"origin": [-10, 40, 13.5], "size": [4, 0, 4], "uv": [116, 98]},
					{"origin": [6, 29, 13.5], "size": [4, 0, 4], "uv": [108, 103]},
					{"origin": [5, 39, 15.5], "size": [4, 0, 4], "uv": [116, 93]},
					{"origin": [-4, 35, 16.5], "size": [4, 0, 4], "uv": [108, 98]},
					{"origin": [-6, 29, 11.5], "size": [12, 16, 5], "uv": [94, 107], "inflate": 0.75},
					{"origin": [-6, 29, 6], "size": [12, 16, 2], "uv": [40, 110], "inflate": 0.01},
					{"origin": [-6, 29, 8.5], "size": [12, 16, 8], "uv": [0, 104], "inflate": 0.5}
				]
			},
			{
				"name": "head",
				"parent": "body",
				"pivot": [0, 20, -8],
				"cubes": [
					{"origin": [-4, 16, -14], "size": [8, 8, 6], "uv": [0, 0]},
					{"origin": [-5, 22, -12], "size": [1, 3, 1], "uv": [22, 0]},
					{"origin": [4, 22, -12], "size": [1, 3, 1], "uv": [22, 0]}
				],
				"locators": {
					"lead": [0, 20, -8]
				}
			},
			{
				"name": "leg0",
				"parent": "body",
				"pivot": [-4, 12, 7],
				"cubes": [
					{"origin": [-6, 0, 5], "size": [4, 12, 4], "uv": [0, 16]}
				]
			},
			{
				"name": "leg1",
				"parent": "body",
				"pivot": [4, 12, 7],
				"mirror": true,
				"cubes": [
					{"origin": [2, 0, 5], "size": [4, 12, 4], "uv": [0, 16]}
				]
			},
			{
				"name": "leg2",
				"parent": "body",
				"pivot": [-4, 12, -6],
				"cubes": [
					{"origin": [-6, 0, -7], "size": [4, 12, 4], "uv": [0, 16]}
				]
			},
			{
				"name": "leg3",
				"parent": "body",
				"pivot": [4, 12, -6],
				"mirror": true,
				"cubes": [
					{"origin": [2, 0, -7], "size": [4, 12, 4], "uv": [0, 16]}
				]
			}
		]
	}
}