{
	"format_version": "1.10.0",
	"geometry.creeper.v1.8": {
		"texturewidth": 64,
		"textureheight": 32,
		"visible_bounds_width": 3,
		"visible_bounds_height": 3.25,
		"visible_bounds_offset": [0, 1.375, 0],
		"bones": [
			{
				"name": "body",
				"pivot": [0, 0, 0],
				"cubes": [
					{"origin": [-4, 6, -2], "size": [8, 12, 4], "uv": [16, 16]}
				]
			},
			{
				"name": "head",
				"parent": "body",
				"pivot": [0, 18, 0],
				"cubes": [
					{"origin": [-4, 18, -4], "size": [8, 8, 8], "uv": [0, 0]},
					{"origin": [-4, 26, 0], "size": [8, 8, 0], "uv": [48, 0]}
				]
			},
			{
				"name": "rotation",
				"parent": "head",
				"pivot": [0, 0, 0],
				"rotation": [0, -90, 0]
			},
			{
				"name": "head2",
				"parent": "rotation",
				"pivot": [0, 0, 0],
				"cubes": [
					{"origin": [-4, 26, 0], "size": [8, 8, 0], "uv": [48, 0]}
				]
			},
			{
				"name": "leg0",
				"parent": "body",
				"pivot": [-2, 6, 4],
				"cubes": [
					{"origin": [-4, 0, 2], "size": [4, 6, 4], "uv": [0, 16]}
				]
			},
			{
				"name": "leg1",
				"parent": "body",
				"pivot": [2, 6, 4],
				"cubes": [
					{"origin": [0, 0, 2], "size": [4, 6, 4], "uv": [0, 16]}
				]
			},
			{
				"name": "leg2",
				"parent": "body",
				"pivot": [-2, 6, -4],
				"cubes": [
					{"origin": [-4, 0, -6], "size": [4, 6, 4], "uv": [0, 16]}
				]
			},
			{
				"name": "leg3",
				"parent": "body",
				"pivot": [2, 6, -4],
				"cubes": [
					{"origin": [0, 0, -6], "size": [4, 6, 4], "uv": [0, 16]}
				]
			},
			{
				"name": "rotation2",
				"parent": "body",
				"pivot": [4, 0, 0],
				"rotation": [0, -90, 0]
			},
			{
				"name": "body2",
				"parent": "rotation2",
				"pivot": [4, 0, 0],
				"cubes": [
					{"origin": [6, 6, 4], "size": [8, 12, 0], "uv": [32, 0]}
				]
			}
		]
	},
	"geometry.creeper.charged.v1.8": {
		"texturewidth": 64,
		"textureheight": 32,
		"visible_bounds_width": 2,
		"visible_bounds_height": 3.25,
		"visible_bounds_offset": [0, 1.375, 0],
		"bones": [
			{
				"name": "body",
				"pivot": [0, 0, 0],
				"cubes": [
					{"origin": [-4, 6, -2], "size": [8, 12, 4], "uv": [16, 16]}
				]
			},
			{
				"name": "head",
				"parent": "body",
				"pivot": [0, 18, 0],
				"cubes": [
					{"origin": [-4, 18, -4], "size": [8, 8, 8], "uv": [0, 0]}
				]
			},
			{
				"name": "leg0",
				"parent": "body",
				"pivot": [-2, 6, 4],
				"cubes": [
					{"origin": [-4, 0, 2], "size": [4, 6, 4], "uv": [0, 16]}
				]
			},
			{
				"name": "leg1",
				"parent": "body",
				"pivot": [2, 6, 4],
				"cubes": [
					{"origin": [0, 0, 2], "size": [4, 6, 4], "uv": [0, 16]}
				]
			},
			{
				"name": "leg2",
				"parent": "body",
				"pivot": [-2, 6, -4],
				"cubes": [
					{"origin": [-4, 0, -6], "size": [4, 6, 4], "uv": [0, 16]}
				]
			},
			{
				"name": "leg3",
				"parent": "body",
				"pivot": [2, 6, -4],
				"cubes": [
					{"origin": [0, 0, -6], "size": [4, 6, 4], "uv": [0, 16]}
				]
			}
		]
	}
}
