{
	"format_version": "1.10.0",
	"geometry.zombie.husk.v1.8": {
		"texturewidth": 64,
		"textureheight": 178,
		"visible_bounds_width": 3,
		"visible_bounds_height": 4,
		"visible_bounds_offset": [0, 2, 0],
		"bones": [
			{
				"name": "waist",
				"pivot": [0, 12, 0]
			},
			{
				"name": "body",
				"parent": "waist",
				"pivot": [0, 24, 0]
			},
			{
				"name": "head",
				"parent": "body",
				"pivot": [0, 24, 0]
			},
			{
				"name": "hat",
				"parent": "head",
				"pivot": [0, 24, 0],
				"cubes": [
					{"origin": [-4, 24, -4], "size": [8, 8, 8], "uv": [32, 0], "inflate": 0.5}
				]
			},
			{
				"name": "head2",
				"parent": "head",
				"pivot": [0, 24, 0],
				"cubes": [
					{"origin": [-4, 24, -4], "size": [8, 8, 8], "uv": [0, 0]},
					{"origin": [-5, 31, -5], "size": [10, 3, 10], "uv": [0, 165], "inflate": 0.1}
				]
			},
			{
				"name": "hat2",
				"parent": "head2",
				"pivot": [-4, 31, 0],
				"rotation": [0, 0, 12.5],
				"cubes": [
					{"origin": [-4.5, 24, -4], "size": [1, 7, 8], "uv": [40, 163], "inflate": -0.01}
				]
			},
			{
				"name": "hat3",
				"parent": "head2",
				"pivot": [4, 31, 0],
				"rotation": [0, 0, -12.5],
				"cubes": [
					{"origin": [3.5, 24, -4], "size": [1, 7, 8], "uv": [40, 163], "inflate": -0.01}
				]
			},
			{
				"name": "zillager",
				"parent": "head2",
				"pivot": [0, 0, 0],
				"cubes": [
					{"origin": [-4, 24, -4], "size": [8, 10, 8], "uv": [0, 117]},
					{"origin": [-4, 24, -4], "size": [8, 10, 8], "uv": [0, 99], "inflate": 0.25},
					{"origin": [-1, 23, -6], "size": [2, 4, 2], "uv": [24, 117]}
				]
			},
			{
				"name": "big_hat",
				"parent": "zillager",
				"pivot": [0, 0, -3],
				"rotation": [-5, 0, 0],
				"cubes": [
					{"origin": [-6, 34, -9], "size": [12, 9, 12], "uv": [0, 144], "inflate": 0.1}
				]
			},
			{
				"name": "chain",
				"parent": "zillager",
				"pivot": [5, 35, -2],
				"rotation": [0, 45, 0],
				"cubes": [
					{"origin": [5, 26, -3], "size": [0, 8, 3], "uv": [1, 132]}
				]
			},
			{
				"name": "chain2",
				"parent": "zillager",
				"pivot": [-5, 35, -2],
				"rotation": [0, -45, 0],
				"cubes": [
					{"origin": [-5, 26, -3], "size": [0, 8, 3], "uv": [1, 132]}
				]
			},
			{
				"name": "ziglin",
				"parent": "head2",
				"pivot": [0, 0, 0],
				"cubes": [
					{"origin": [-5, 24, -4], "size": [10, 8, 8], "uv": [0, 66]},
					{"origin": [-5, 24, -4], "size": [10, 8, 8], "uv": [28, 88]},
					{"origin": [-2, 24, -5], "size": [4, 4, 1], "uv": [31, 67]},
					{"origin": [2, 24, -5], "size": [1, 2, 1], "uv": [2, 66]},
					{"origin": [-3, 24, -5], "size": [1, 2, 1], "uv": [2, 70]},
					{"origin": [-4, 32, -3], "size": [8, 6, 6], "uv": [0, 82]}
				]
			},
			{
				"name": "ear",
				"parent": "ziglin",
				"pivot": [-4, 30, 0],
				"rotation": [0, 0, 30],
				"cubes": [
					{"origin": [-5, 25, -2], "size": [1, 5, 4], "uv": [39, 72]}
				]
			},
			{
				"name": "ear2",
				"parent": "ziglin",
				"pivot": [4, 30, 0],
				"rotation": [0, 0, -30],
				"cubes": [
					{"origin": [4, 25, -2], "size": [1, 5, 4], "uv": [51, 72]}
				]
			},
			{
				"name": "rightArm",
				"parent": "body",
				"pivot": [-5, 22, 0]
			},
			{
				"name": "rightItem",
				"parent": "rightArm",
				"pivot": [-6, 15, 1]
			},
			{
				"name": "right_arm",
				"parent": "rightArm",
				"pivot": [-5, 22, 0],
				"cubes": [
					{"origin": [-8, 12, -2], "size": [4, 12, 4], "uv": [40, 16]},
					{"origin": [-8, 12, -2], "size": [4, 12, 4], "uv": [40, 32], "inflate": 0.24}
				]
			},
			{
				"name": "leftArm",
				"parent": "body",
				"pivot": [5, 22, 0],
				"mirror": true
			},
			{
				"name": "leftItem",
				"parent": "leftArm",
				"pivot": [6, 15, 1]
			},
			{
				"name": "left_arm",
				"parent": "leftArm",
				"pivot": [5, 22, 0],
				"mirror": true,
				"cubes": [
					{"origin": [4, 12, -2], "size": [4, 12, 4], "uv": [40, 16]},
					{"origin": [4, 12, -2], "size": [4, 12, 4], "uv": [40, 32], "inflate": 0.24}
				]
			},
			{
				"name": "rightLeg",
				"parent": "body",
				"pivot": [-1.9, 12, 0]
			},
			{
				"name": "right_leg",
				"parent": "rightLeg",
				"pivot": [-1.9, 12, 0],
				"cubes": [
					{"origin": [-4, 0, -2], "size": [4, 12, 4], "uv": [0, 16]},
					{"origin": [-4, 0, -2], "size": [4, 12, 4], "uv": [0, 32], "inflate": 0.25}
				]
			},
			{
				"name": "leftLeg",
				"parent": "body",
				"pivot": [1.9, 12, 0],
				"mirror": true
			},
			{
				"name": "left_leg",
				"parent": "leftLeg",
				"pivot": [1.9, 12, 0],
				"mirror": true,
				"cubes": [
					{"origin": [0, 0, -2], "size": [4, 12, 4], "uv": [0, 16]},
					{"origin": [0, 0, -2], "size": [4, 12, 4], "uv": [0, 32], "inflate": 0.25}
				]
			},
			{
				"name": "body2",
				"parent": "body",
				"pivot": [0, 24, 0],
				"cubes": [
					{"origin": [-4, 12, -2], "size": [8, 12, 4], "uv": [16, 16]},
					{"origin": [-4, 4, -2], "size": [8, 20, 4], "uv": [16, 32], "inflate": 0.25},
					{"origin": [-4, 12, -3], "size": [8, 12, 6], "uv": [36, 112]},
					{"origin": [-4, 4, -3], "size": [8, 20, 6], "uv": [36, 130], "inflate": 0.25}
				]
			}
		]
	}
}