{
	"format_version": "1.10.0",
	"geometry.ocelot.v1.8": {
		"texturewidth": 64,
		"textureheight": 102,
		"visible_bounds_width": 4,
		"visible_bounds_height": 2,
		"visible_bounds_offset": [0, 1, 0],
		"bones": [
			{
				"name": "body",
				"pivot": [0, 7, 1],
				"cubes": [
					{"origin": [-2, -1, -2], "size": [4, 16, 6], "uv": [20, 0]},
					{"origin": [-3, 4.1, -4], "size": [6, 6, 2], "uv": [48, 24]}
				]
			},
			{
				"name": "head3",
				"parent": "body",
				"pivot": [0.47981, -1, 3.01047]
			},
			{
				"name": "bottom_head3",
				"parent": "head3",
				"pivot": [0.47981, 7, 5.01047],
				"cubes": [
					{"origin": [-4, 4, -4.98953], "size": [8, 3, 10], "uv": [0, 89]}
				]
			},
			{
				"name": "top_head4",
				"parent": "head3",
				"pivot": [0.47981, 7, 5.01047],
				"cubes": [
					{"origin": [-4, 7, -4.98953], "size": [8, 3, 10], "uv": [0, 76]},
					{"origin": [-4, 7, -4.98953], "size": [8, 3, 10], "uv": [0, 63], "inflate": 0.25},
					{"origin": [0, 10, -4.98953], "size": [0, 12, 10], "uv": [4, 35]}
				]
			},
			{
				"name": "top_head5",
				"parent": "top_head4",
				"pivot": [0.47981, 10, 0.01047],
				"rotation": [0, 90, 0],
				"cubes": [
					{"origin": [0, 10, -5.3], "size": [0, 12, 10], "uv": [4, 35]}
				]
			},
			{
				"name": "head",
				"parent": "body",
				"pivot": [0, 9, -9],
				"cubes": [
					{"origin": [-2.02019, 7, -11.98953], "size": [5, 4, 5], "uv": [0, 0]},
					{"origin": [-1.02019, 7.01562, -12.98953], "size": [3, 2, 2], "uv": [0, 24]},
					{"origin": [-1.52019, 11, -8.98953], "size": [1, 1, 2], "uv": [0, 10]},
					{"origin": [1.47981, 11, -8.98953], "size": [1, 1, 2], "uv": [6, 10]}
				],
				"locators": {
					"lead": [0.47981, 9, -8.98953]
				}
			},
			{
				"name": "tail1",
				"parent": "body",
				"pivot": [0, 9, 8],
				"cubes": [
					{"origin": [-0.5, 1, 8], "size": [1, 8, 1], "uv": [0, 15]}
				]
			},
			{
				"name": "tail2",
				"parent": "tail1",
				"pivot": [0, 9, 16],
				"cubes": [
					{"origin": [-0.5, 1, 16], "size": [1, 8, 1], "uv": [4, 15]}
				]
			},
			{
				"name": "hungerbl_leg",
				"parent": "body",
				"pivot": [2, 4, 3],
				"cubes": [
					{"origin": [1.1, 0, 2], "size": [2, 4, 2], "uv": [40, 27]}
				]
			},
			{
				"name": "hungerbr_leg",
				"parent": "body",
				"pivot": [-2, 4, 3],
				"cubes": [
					{"origin": [-3.1, 0, 2], "size": [2, 4, 2], "uv": [40, 27]}
				]
			},
			{
				"name": "hungerfl_leg",
				"parent": "body",
				"pivot": [2, 4, -1],
				"cubes": [
					{"origin": [1.1, 0, -2], "size": [2, 4, 2], "uv": [40, 27]}
				]
			},
			{
				"name": "hungerfr_leg",
				"parent": "body",
				"pivot": [-3, 4, -1],
				"cubes": [
					{"origin": [-3.1, 0, -2], "size": [2, 4, 2], "uv": [40, 27]}
				]
			},
			{
				"name": "backLegL",
				"parent": "body",
				"pivot": [1.1, 6, 7],
				"cubes": [
					{"origin": [0.1, 0, 6], "size": [2, 6, 2], "uv": [8, 13]}
				]
			},
			{
				"name": "backLegR",
				"parent": "body",
				"pivot": [-1.1, 6, 7],
				"cubes": [
					{"origin": [-2.1, 0, 6], "size": [2, 6, 2], "uv": [8, 13]}
				]
			},
			{
				"name": "frontLegL",
				"parent": "body",
				"pivot": [1.2, 10, -4],
				"cubes": [
					{"origin": [0.2, 0.2, -5], "size": [2, 10, 2], "uv": [40, 0]}
				]
			},
			{
				"name": "frontLegR",
				"parent": "body",
				"pivot": [-1.2, 10, -4],
				"cubes": [
					{"origin": [-2.2, 0.2, -5], "size": [2, 10, 2], "uv": [40, 0]}
				]
			}
		]
	}
}