{
	"format_version": "1.10.0",
	"geometry.ocelot": {
		"texturewidth": 64,
		"textureheight": 102,
		"visible_bounds_width": 3,
		"visible_bounds_height": 2,
		"visible_bounds_offset": [0, 1, 0],
		"bones": [
			{
				"name": "head",
				"pivot": [0, 9, -9],
				"cubes": [
					{"origin": [-2.5, 7, -12], "size": [5, 4, 5], "uv": [0, 0]},
					{"origin": [-1.5, 7.01563, -13], "size": [3, 2, 2], "uv": [0, 24]},
					{"origin": [-2, 11, -9], "size": [1, 1, 2], "uv": [0, 10]},
					{"origin": [1, 11, -9], "size": [1, 1, 2], "uv": [6, 10]}
				],
				"locators": {
					"lead": [0, 9, -9]
				}
			},
			{
				"name": "head2",
				"parent": "head",
				"pivot": [0, -1, 3]
			},
			{
				"name": "bottom_head2",
				"parent": "head2",
				"pivot": [0, 7, 5],
				"cubes": [
					{"origin": [-4, 4, -5], "size": [8, 3, 10], "uv": [0, 89]}
				]
			},
			{
				"name": "top_head2",
				"parent": "head2",
				"pivot": [0, 7, 5],
				"cubes": [
					{"origin": [-4, 7, -5], "size": [8, 3, 10], "uv": [0, 76]},
					{"origin": [-4, 7, -5], "size": [8, 3, 10], "uv": [0, 63], "inflate": 0.25},
					{"origin": [0, 10, -5], "size": [0, 12, 10], "uv": [4, 35]}
				]
			},
			{
				"name": "top_head3",
				"parent": "top_head2",
				"pivot": [0, 10, 0],
				"rotation": [0, 90, 0],
				"cubes": [
					{"origin": [0, 10, -5], "size": [0, 12, 10], "uv": [4, 35]}
				]
			},
			{
				"name": "body",
				"pivot": [0, 12, -10],
				"rotation": [90, 0, 0],
				"cubes": [
					{"origin": [-2, -7, -18], "size": [4, 16, 6], "uv": [20, 0]},
					{"origin": [-3, -1.9, -19], "size": [6, 6, 2], "uv": [48, 24]}
				]
			},
			{
				"name": "tail1",
				"pivot": [0, 9, 8],
				"rotation": [50, 0, 0],
				"cubes": [
					{"origin": [-0.5, 1, 8], "size": [1, 8, 1], "uv": [0, 15]}
				]
			},
			{
				"name": "tail2",
				"pivot": [0, 4, 13],
				"cubes": [
					{"origin": [-0.5, -4, 13], "size": [1, 8, 1], "uv": [4, 15]}
				]
			},
			{
				"name": "backLegL",
				"pivot": [1.1, 6, 5],
				"cubes": [
					{"origin": [0.1, 0, 6], "size": [2, 6, 2], "uv": [8, 13]}
				]
			},
			{
				"name": "hungerbl_leg",
				"parent": "backLegL",
				"pivot": [2, 4, 3],
				"cubes": [
					{"origin": [1.1, 0, 2], "size": [2, 4, 2], "uv": [40, 27]}
				]
			},
			{
				"name": "backLegR",
				"pivot": [-1.1, 6, 5],
				"cubes": [
					{"origin": [-2.1, 0, 6], "size": [2, 6, 2], "uv": [8, 13]}
				]
			},
			{
				"name": "hungerbr_leg",
				"parent": "backLegR",
				"pivot": [-2, -18, 1],
				"cubes": [
					{"origin": [-3.1, 0, 2], "size": [2, 4, 2], "uv": [40, 27]}
				]
			},
			{
				"name": "frontLegL",
				"pivot": [1.2, 10.2, -5],
				"cubes": [
					{"origin": [0.2, 0.2, -5], "size": [2, 10, 2], "uv": [40, 0]}
				]
			},
			{
				"name": "hungerfl_leg",
				"parent": "frontLegL",
				"pivot": [2, 4, -1],
				"cubes": [
					{"origin": [1.1, 0, -2], "size": [2, 4, 2], "uv": [40, 27]}
				]
			},
			{
				"name": "frontLegR",
				"pivot": [-1.2, 10.2, -5],
				"cubes": [
					{"origin": [-2.2, 0.2, -5], "size": [2, 10, 2], "uv": [40, 0]}
				]
			},
			{
				"name": "hungerfr_leg",
				"parent": "frontLegR",
				"pivot": [-2, -18, -3],
				"cubes": [
					{"origin": [-3.1, 0, -2], "size": [2, 4, 2], "uv": [40, 27]}
				]
			}
		]
	}
}