{
	"format_version": "1.12.0",
	"minecraft:geometry": [
		{
			"description": {
				"identifier": "geometry.piglin_brute",
				"texture_width": 128,
				"texture_height": 128,
				"visible_bounds_width": 3,
				"visible_bounds_height": 5,
				"visible_bounds_offset": [0, 1.5, 0]
			},
			"bones": [
				{
					"name": "body",
					"pivot": [0, 24, 0]
				},
				{
					"name": "body2",
					"parent": "body",
					"pivot": [0, 24, 0],
					"cubes": [
						{"origin": [-4, 12, -2], "size": [8, 12, 4], "uv": [16, 16]},
						{"origin": [0, 12, 2], "size": [0, 12, 13], "uv": [81, 40]}
					]
				},
				{
					"name": "jacket",
					"parent": "body",
					"pivot": [0, 24, 0],
					"cubes": [
						{"origin": [-4, 12, -2], "size": [8, 12, 4], "inflate": 0.25, "uv": [16, 32]},
						{"origin": [-4, 12, -2], "size": [8, 12, 4], "inflate": 0.26, "uv": [0, 64]}
					]
				},
				{
					"name": "head",
					"parent": "body",
					"pivot": [0, 24, 0]
				},
				{
					"name": "head2",
					"parent": "head",
					"pivot": [0, 24, 0],
					"cubes": [
						{"origin": [-5, 24, -4], "size": [10, 8, 8], "uv": [0, 0]},
						{"origin": [-5, 24, -4], "size": [10, 8, 8], "inflate": 0.25, "uv": [25, 65]},
						{"origin": [-2, 24, -5], "size": [4, 4, 1], "uv": [31, 1]},
						{"origin": [2, 24, -5], "size": [1, 2, 1], "uv": [2, 4]},
						{"origin": [-3, 24, -5], "size": [1, 2, 1], "uv": [2, 0]},
						{"origin": [0, 24, 0], "size": [0, 13, 11], "uv": [87, 22]},
						{"origin": [0, 28, -12], "size": [0, 12, 12], "uv": [73, 8]}
					]
				},
				{
					"name": "mushroom_head",
					"parent": "head2",
					"pivot": [0, 31, 0],
					"rotation": [-7.5, 0, 0],
					"cubes": [
						{"origin": [-8, 30.8223, -7.71118], "size": [16, 10, 16], "uv": [64, 102]},
						{"origin": [-1, 31.5, -1], "size": [2, 4, 2], "uv": [113, 93]},
						{"origin": [-3, 35.5, -3], "size": [6, 2, 6], "uv": [84, 75]},
						{"origin": [-2, 37.5, -2], "size": [4, 3, 4], "uv": [88, 67]}
					]
				},
				{
					"name": "mushroom",
					"parent": "mushroom_head",
					"pivot": [6, 39.8223, 0.28882],
					"rotation": [0, 0, 15],
					"cubes": [
						{"origin": [5.26272, 39.87876, -0.71118], "size": [2, 4, 2], "uv": [113, 111]},
						{"origin": [3.26272, 43.87876, -2.71118], "size": [6, 2, 6], "uv": [84, 93]},
						{"origin": [4.26272, 45.87876, -1.71118], "size": [4, 3, 4], "uv": [88, 85]}
					]
				},
				{
					"name": "mushroom2",
					"parent": "mushroom_head",
					"pivot": [-7, 37.8223, -3.71118],
					"rotation": [0, 0, -45],
					"cubes": [
						{"origin": [-7.73728, 37.87876, -4.71118], "size": [2, 4, 2], "uv": [113, 111]},
						{"origin": [-9.73728, 41.87876, -6.71118], "size": [6, 2, 6], "uv": [84, 93]},
						{"origin": [-8.73728, 43.87876, -5.71118], "size": [4, 3, 4], "uv": [88, 85]}
					]
				},
				{
					"name": "basalt_head",
					"parent": "head2",
					"pivot": [0, 0, 0]
				},
				{
					"name": "basalt_spike1",
					"parent": "basalt_head",
					"pivot": [-4, 31, 3],
					"rotation": [-5, -5, -2.5],
					"cubes": [
						{"origin": [-5, 32, 1], "size": [3, 8, 3], "uv": [0, 117]}
					]
				},
				{
					"name": "basalt_spike2",
					"parent": "basalt_head",
					"pivot": [3, 32, 1],
					"rotation": [-10, 0, 10],
					"cubes": [
						{"origin": [2, 32, 0], "size": [3, 8, 3], "uv": [0, 106]}
					]
				},
				{
					"name": "basalt_spike3",
					"parent": "basalt_head",
					"pivot": [3, 32, -1],
					"rotation": [10, -25, 0],
					"cubes": [
						{"origin": [1, 32, -2], "size": [3, 4, 3], "uv": [24, 121]}
					]
				},
				{
					"name": "basalt_spike4",
					"parent": "basalt_head",
					"pivot": [-1, 32, -3],
					"rotation": [15, -7.5, -5],
					"cubes": [
						{"origin": [-2, 32, -4], "size": [3, 6, 3], "uv": [12, 119]}
					]
				},
				{
					"name": "basalt_spike5",
					"parent": "basalt_head",
					"pivot": [-4, 30, -2],
					"rotation": [12.5, 0, -37.5],
					"cubes": [
						{"origin": [-5, 30, -3], "size": [3, 8, 3], "uv": [0, 106]}
					]
				},
				{
					"name": "basalt_spike6",
					"parent": "basalt_head",
					"pivot": [-2, 28, -4],
					"rotation": [90, 15, 0],
					"cubes": [
						{"origin": [-4, 28, -5], "size": [3, 3, 3], "uv": [36, 122]}
					]
				},
				{
					"name": "basalt_spike7",
					"parent": "basalt_head",
					"pivot": [0, 32, -1],
					"cubes": [
						{"origin": [-2, 32, -2], "size": [4, 4, 4], "uv": [21, 110]},
						{"origin": [-1.5, 36, -1.5], "size": [3, 4, 3], "uv": [23, 111]}
					]
				},
				{
					"name": "leftear",
					"parent": "head",
					"pivot": [5, 30, 0],
					"rotation": [0, 0, -30],
					"cubes": [
						{"origin": [5, 25, -2], "size": [1, 5, 4], "uv": [51, 6]}
					]
				},
				{
					"name": "rightear",
					"parent": "head",
					"pivot": [-5, 30, 0],
					"rotation": [0, 0, 30],
					"cubes": [
						{"origin": [-6, 25, -2], "size": [1, 5, 4], "uv": [39, 6]}
					]
				},
				{
					"name": "hat",
					"parent": "body",
					"pivot": [0, 24, 0]
				},
				{
					"name": "rightarm",
					"parent": "body",
					"pivot": [-5, 22, 0]
				},
				{
					"name": "rightItem",
					"parent": "rightarm",
					"pivot": [-6, 15, 1]
				},
				{
					"name": "right_arm",
					"parent": "rightarm",
					"pivot": [-5, 22, 0],
					"cubes": [
						{"origin": [-8, 12, -2], "size": [4, 12, 4], "uv": [40, 16]},
						{"origin": [-12, 21, 0], "size": [7, 8, 0], "uv": [66, 32]}
					]
				},
				{
					"name": "right_sleeve",
					"parent": "rightarm",
					"pivot": [-5, 22, 0],
					"cubes": [
						{"origin": [-8, 12, -2], "size": [4, 12, 4], "inflate": 0.1, "uv": [40, 32]},
						{"origin": [-8, 21, -2], "size": [4, 3, 4], "inflate": 0.25, "uv": [56, 16]}
					]
				},
				{
					"name": "leftarm",
					"parent": "body",
					"pivot": [5, 22, 0]
				},
				{
					"name": "left_arm",
					"parent": "leftarm",
					"pivot": [5, 22, 0],
					"cubes": [
						{"origin": [4, 12, -2], "size": [4, 12, 4], "uv": [32, 48]},
						{"origin": [5, 21, 0], "size": [7, 8, 0], "uv": [66, 40]}
					]
				},
				{
					"name": "left_sleeve",
					"parent": "leftarm",
					"pivot": [5, 22, 0],
					"cubes": [
						{"origin": [4, 12, -2], "size": [4, 12, 4], "inflate": 0.1, "uv": [48, 48]},
						{"origin": [4, 21, -2], "size": [4, 3, 4], "inflate": 0.25, "uv": [64, 48]}
					]
				},
				{
					"name": "rightleg",
					"parent": "body",
					"pivot": [-1.9, 12, 0]
				},
				{
					"name": "right_leg",
					"parent": "rightleg",
					"pivot": [-2, 12, 0],
					"cubes": [
						{"origin": [-4, 0, -2], "size": [4, 12, 4], "uv": [0, 16]}
					]
				},
				{
					"name": "right_pants",
					"parent": "rightleg",
					"pivot": [-2, 12, 0],
					"cubes": [
						{"origin": [-4, 0, -2], "size": [4, 12, 4], "inflate": 0.14, "uv": [0, 32]}
					]
				},
				{
					"name": "leftleg",
					"parent": "body",
					"pivot": [1.9, 12, 0]
				},
				{
					"name": "left_leg",
					"parent": "leftleg",
					"pivot": [2, 12, 0],
					"cubes": [
						{"origin": [0, 0, -2], "size": [4, 12, 4], "uv": [16, 48]}
					]
				},
				{
					"name": "left_pants",
					"parent": "leftleg",
					"pivot": [2, 12, 0],
					"cubes": [
						{"origin": [0, 0, -2], "size": [4, 12, 4], "inflate": 0.24, "uv": [0, 48]}
					]
				},
				{
					"name": "leftItem",
					"pivot": [6, 15, 1]
				}
			]
		}
	]
}