{
	"format_version": "1.10.0",
	"geometry.pillager": {
		"texturewidth": 64,
		"textureheight": 178,
		"visible_bounds_width": 3,
		"visible_bounds_height": 4,
		"visible_bounds_offset": [0, 2, 0],
		"bones": [
			{
				"name": "waist",
				"pivot": [0, 12, 0]
			},
			{
				"name": "body",
				"parent": "waist",
				"pivot": [0, 0, 0]
			},
			{
				"name": "body2",
				"parent": "body",
				"pivot": [0, 24, 0],
				"cubes": [
					{"origin": [-4, 12, -3], "size": [8, 12, 6], "uv": [16, 20]},
					{"origin": [-4, 4, -3], "size": [8, 20, 6], "uv": [0, 38], "inflate": 0.25}
				]
			},
			{
				"name": "rotation",
				"parent": "body2",
				"pivot": [9, 2, 0],
				"rotation": [0, 0, -30]
			},
			{
				"name": "quiver",
				"parent": "rotation",
				"pivot": [9, 2, 0],
				"cubes": [
					{"origin": [6, 14, 3], "size": [6, 12, 4], "uv": [44, 162]},
					{"origin": [6, 25, 3], "size": [6, 1, 4], "uv": [0, 134], "inflate": 0.1}
				]
			},
			{
				"name": "arrow",
				"parent": "quiver",
				"pivot": [9, 2, 0],
				"cubes": [
					{"origin": [10, 26, 2.5], "size": [0, 7, 5], "uv": [33, 166]},
					{"origin": [7.5, 26, 5], "size": [5, 7, 0], "uv": [33, 171]}
				]
			},
			{
				"name": "arrow2",
				"parent": "quiver",
				"pivot": [15, 3, 0],
				"rotation": [0, 0, -12.5],
				"cubes": [
					{"origin": [10.5, 25, 6], "size": [5, 7, 0], "uv": [33, 171]},
					{"origin": [13, 25, 3.5], "size": [0, 7, 5], "uv": [33, 166]}
				]
			},
			{
				"name": "arrow3",
				"parent": "quiver",
				"pivot": [5, 4, -3],
				"rotation": [-7.5, 0, 20],
				"cubes": [
					{"origin": [0.5, 26, 3], "size": [5, 7, 0], "uv": [33, 171]},
					{"origin": [3, 26, 0.5], "size": [0, 7, 5], "uv": [33, 166]}
				]
			},
			{
				"name": "head",
				"parent": "body",
				"pivot": [0, 24, 0],
				"locators": {
					"lead": [0, 0, 0]
				}
			},
			{
				"name": "head2",
				"parent": "head",
				"pivot": [0, 24, 0],
				"cubes": [
					{"origin": [-4, 24, -4], "size": [8, 10, 8], "uv": [0, 0]},
					{"origin": [-4, 24, -4], "size": [8, 10, 8], "uv": [32, 0], "inflate": 0.251},
					{"origin": [-4, 32, -4], "size": [8, 3, 8], "uv": [0, 139], "inflate": 0.1},
					{"origin": [-6, 31, -6], "size": [12, 1, 12], "uv": [0, 150]},
					{"origin": [-5, 26, -5], "size": [10, 5, 10], "uv": [8, 119]}
				]
			},
			{
				"name": "elf_ear1",
				"parent": "head2",
				"pivot": [3, 29, 0],
				"rotation": [-10, 0, 40],
				"cubes": [
					{"origin": [3, 28, -0.5], "size": [2, 5, 1], "uv": [16, 20]},
					{"origin": [5, 27, -0.5], "size": [1, 3, 1], "uv": [12, 22]},
					{"origin": [3, 33, -0.5], "size": [1, 1, 1], "uv": [12, 20]}
				]
			},
			{
				"name": "elf_ear2",
				"parent": "head2",
				"pivot": [-3, 29, 0],
				"rotation": [-10, 0, -40],
				"mirror": true,
				"cubes": [
					{"origin": [-5, 28, -0.5], "size": [2, 5, 1], "uv": [16, 20]},
					{"origin": [-6, 27, -0.5], "size": [1, 3, 1], "uv": [12, 22]},
					{"origin": [-4, 33, -0.5], "size": [1, 1, 1], "uv": [12, 20]}
				]
			},
			{
				"name": "grass",
				"parent": "head2",
				"pivot": [0, 0, 0],
				"cubes": [
					{"origin": [-5, 34, 1], "size": [8, 10, 0], "uv": [48, 148]},
					{"origin": [-3, 34, -3], "size": [8, 10, 0], "uv": [48, 138]}
				]
			},
			{
				"name": "hat2",
				"parent": "head2",
				"pivot": [1, 1, 2],
				"rotation": [0, 10, 0],
				"cubes": [
					{"origin": [4.7, 32, -1], "size": [0, 9, 13], "uv": [7, 156]}
				]
			},
			{
				"name": "nose",
				"parent": "head",
				"pivot": [0, 26, 0],
				"cubes": [
					{"origin": [-1, 23, -6], "size": [2, 4, 2], "uv": [24, 0]}
				]
			},
			{
				"name": "leftLeg",
				"parent": "body",
				"pivot": [2, 12, 0]
			},
			{
				"name": "left_leg",
				"parent": "leftLeg",
				"pivot": [2, 12, 0],
				"mirror": true,
				"cubes": [
					{"origin": [0, 0, -2], "size": [4, 12, 4], "uv": [0, 22]},
					{"origin": [0, 0, -5], "size": [4, 3, 3], "uv": [22, 38]},
					{"origin": [0, 3, -5], "size": [4, 1, 1], "uv": [28, 44]},
					{"origin": [0, 0, -2], "size": [4, 12, 4], "uv": [44, 22], "inflate": 0.25}
				]
			},
			{
				"name": "rightLeg",
				"parent": "body",
				"pivot": [-2, 12, 0],
				"mirror": true
			},
			{
				"name": "right_leg",
				"parent": "rightLeg",
				"pivot": [-2, 12, 0],
				"cubes": [
					{"origin": [-4, 0, -2], "size": [4, 12, 4], "uv": [0, 22]},
					{"origin": [-4, 0, -5], "size": [4, 3, 3], "uv": [22, 38]},
					{"origin": [-4, 3, -5], "size": [4, 1, 1], "uv": [28, 44]},
					{"origin": [-4, 0, -2], "size": [4, 12, 4], "uv": [0, 64], "inflate": 0.25}
				]
			},
			{
				"name": "rightarm",
				"parent": "body",
				"pivot": [-5, 22, 0]
			},
			{
				"name": "right_arm",
				"parent": "rightarm",
				"pivot": [-5, 22, 0],
				"cubes": [
					{"origin": [-8, 12, -2], "size": [4, 12, 4], "uv": [40, 46]},
					{"origin": [-8, 12, -2], "size": [4, 12, 4], "uv": [40, 78], "inflate": 0.25},
					{"origin": [-8, 12, -2.5], "size": [4, 12, 5], "uv": [39, 112], "inflate": 0.25}
				]
			},
			{
				"name": "leftarm",
				"parent": "body",
				"pivot": [5, 22, 0],
				"mirror": true
			},
			{
				"name": "left_arm",
				"parent": "leftarm",
				"pivot": [5, 22, 0],
				"mirror": true,
				"cubes": [
					{"origin": [4, 12, -2], "size": [4, 12, 4], "uv": [40, 46]},
					{"origin": [4, 21, -1], "size": [5, 7, 0], "uv": [54, 131]},
					{"origin": [4, 12, -2], "size": [4, 12, 4], "uv": [40, 62], "inflate": 0.25},
					{"origin": [4, 12, -2.5], "size": [4, 12, 5], "uv": [39, 94], "inflate": 0.25}
				]
			},
			{
				"name": "rightItem",
				"pivot": [-6, 15, 1]
			},
			{
				"name": "leftItem",
				"pivot": [6, 15, 1]
			}
		]
	}
}