{
	"format_version": "1.10.0",
	"geometry.skeleton.v1.8": {
		"texturewidth": 178,
		"textureheight": 178,
		"visible_bounds_width": 3,
		"visible_bounds_height": 4,
		"visible_bounds_offset": [0, 2, 0],
		"bones": [
			{
				"name": "waist",
				"pivot": [0, 12, 0]
			},
			{
				"name": "body",
				"parent": "waist",
				"pivot": [0, 24, 0],
				"cubes": [
					{"origin": [-4, 12, -2], "size": [8, 12, 4], "uv": [16, 16]}
				]
			},
			{
				"name": "head",
				"parent": "body",
				"pivot": [0, 24, 0]
			},
			{
				"name": "head2",
				"parent": "head",
				"pivot": [0, 24, 0],
				"cubes": [
					{"origin": [-4, 24, -4], "size": [8, 8, 8], "uv": [0, 0]},
					{"origin": [-4, 24, -4], "size": [8, 10, 8], "uv": [0, 108]},
					{"origin": [-5, 24, -4], "size": [10, 8, 8], "uv": [0, 127], "inflate": -0.1},
					{"origin": [-4, 24, -4], "size": [8, 8, 8], "uv": [0, 66], "inflate": 0.25},
					{"origin": [-4, 24, -4], "size": [8, 8, 8], "uv": [0, 145], "inflate": -0.2},
					{"origin": [-4.5, 24, -4], "size": [9, 8, 8], "uv": [28, 35], "inflate": -0.2},
					{"origin": [-2, 24, -5], "size": [4, 4, 1], "uv": [31, 128], "inflate": 0.01, "mirror": true},
					{"origin": [-3, 24, -5], "size": [1, 2, 1], "uv": [2, 131]},
					{"origin": [2, 24, -5], "size": [1, 2, 1], "uv": [2, 127]},
					{"origin": [-1, 23, -6], "size": [2, 4, 2], "uv": [32, 120]},
					{"origin": [0, 24, -9], "size": [0, 15, 18], "uv": [28, 39]},
					{"origin": [-4, 25, -2], "size": [5, 4, 0], "uv": [26, 164]},
					{"origin": [-5, 26, -2], "size": [5, 4, 0], "uv": [33, 157]},
					{"origin": [-2, 24, -3], "size": [4, 4, 0], "uv": [33, 152]},
					{"origin": [-9, 29, 1], "size": [8, 8, 0], "uv": [44, 153]},
					{"origin": [-4, 32, -1], "size": [11, 12, 0], "uv": [75, 149]},
					{"origin": [1, 21, -4.01], "size": [1, 4, 0], "uv": [61, 140]},
					{"origin": [-3, 21, -4.01], "size": [1, 4, 0], "uv": [64, 140]},
					{"origin": [1, 21, -5.02], "size": [1, 4, 0], "uv": [61, 135]},
					{"origin": [-2, 21, -5.02], "size": [1, 4, 0], "uv": [58, 135]},
					{"origin": [0, 28, 3], "size": [3, 1, 3], "uv": [68, 5], "inflate": 0.02},
					{"origin": [-5, 29, -5], "size": [3, 1, 3], "uv": [68, 5], "inflate": 0.02},
					{"origin": [2, 26, 2], "size": [3, 1, 3], "uv": [68, 5], "inflate": 0.02},
					{"origin": [-8, 31, -1], "size": [2, 2, 2], "uv": [170, 19]},
					{"origin": [-8, 29, -1], "size": [4, 2, 2], "uv": [166, 13]},
					{"origin": [4, 29, -1], "size": [4, 2, 2], "uv": [152, 13]},
					{"origin": [6, 31, -1], "size": [2, 2, 2], "uv": [155, 19]},
					{"origin": [-5.5, 32, -1.5], "size": [5, 8, 0], "uv": [149, 49]},
					{"origin": [2, 30, 2], "size": [3, 1, 3], "uv": [81, 5], "inflate": 0.02},
					{"origin": [-1, 29, 3], "size": [3, 1, 3], "uv": [81, 5], "inflate": 0.02},
					{"origin": [3, 26, -1], "size": [3, 1, 3], "uv": [81, 5], "inflate": 0.02},
					{"origin": [2, 29, -5], "size": [3, 1, 3], "uv": [81, 5], "inflate": 0.02},
					{"origin": [0, 32, -3], "size": [3, 2, 3], "uv": [96, 4]},
					{"origin": [0, 34, -3], "size": [3, 2, 3], "uv": [96, 9]}
				]
			},
			{
				"name": "bonsai",
				"parent": "head2",
				"pivot": [3, 30, -1],
				"rotation": [0, 0, 10],
				"cubes": [
					{"origin": [3, 29, -1.9], "size": [2, 2, 2], "uv": [66, 174]},
					{"origin": [5, 29, -1.9], "size": [2, 6, 2], "uv": [75, 170]},
					{"origin": [7, 32, -1.4], "size": [2, 1, 1], "uv": [85, 176]},
					{"origin": [1, 34.99, -5.9], "size": [10, 3, 10], "uv": [93, 165]},
					{"origin": [7, 32.5, -2.4], "size": [3, 1, 3], "uv": [134, 174]}
				]
			},
			{
				"name": "bonsai_small",
				"parent": "head2",
				"pivot": [-3, 31, 3],
				"rotation": [-7.5, 0, -5],
				"cubes": [
					{"origin": [-4, 31, 2], "size": [2, 4, 2], "uv": [75, 170]},
					{"origin": [-7, 35, -1], "size": [8, 3, 8], "uv": [97, 167]}
				]
			},
			{
				"name": "bush",
				"parent": "head2",
				"pivot": [2, 30, 4],
				"rotation": [-12.5, 0, 0],
				"cubes": [
					{"origin": [0, 30, 4], "size": [5, 8, 0], "uv": [49, 136]}
				]
			},
			{
				"name": "dripleaf",
				"parent": "head2",
				"pivot": [0, 32, 0],
				"cubes": [
					{"origin": [-4, 39, -4], "size": [8, 0, 8], "uv": [32, 108]},
					{"origin": [-4, 37, -4], "size": [8, 2, 0], "uv": [42, 105]},
					{"origin": [0, 32, -2], "size": [0, 7, 6], "uv": [0, 85]}
				]
			},
			{
				"name": "birch",
				"parent": "head2",
				"pivot": [-2, 31, -1],
				"rotation": [-5, 0, -5],
				"cubes": [
					{"origin": [-3, 31, -1.9], "size": [2, 6, 2], "uv": [131, 28]},
					{"origin": [-6, 36.99, -4.9], "size": [8, 4, 8], "uv": [111, 12]}
				]
			},
			{
				"name": "ear1",
				"parent": "head2",
				"pivot": [-4, 30, 0],
				"rotation": [0, 0, 30],
				"cubes": [
					{"origin": [-5, 25, -2], "size": [1, 5, 4], "uv": [38, 134]}
				]
			},
			{
				"name": "ear2",
				"parent": "head2",
				"pivot": [4, 30, 0],
				"rotation": [0, 0, -30],
				"cubes": [
					{"origin": [4, 25, -2], "size": [1, 5, 4], "uv": [38, 134]}
				]
			},
			{
				"name": "hat",
				"parent": "head",
				"pivot": [0, 24, 0],
				"cubes": [
					{"origin": [-4, 24, -4], "size": [8, 8, 8], "uv": [32, 0], "inflate": 0.6}
				]
			},
			{
				"name": "rightArm",
				"parent": "body",
				"pivot": [-5, 22, 0],
				"cubes": [
					{"origin": [-6, 12, -1], "size": [2, 12, 2], "uv": [40, 16]},
					{"origin": [-8, 12, -2], "size": [4, 12, 4], "uv": [40, 82], "inflate": 0.1}
				]
			},
			{
				"name": "rightItem",
				"parent": "rightArm",
				"pivot": [-6, 15, 1]
			},
			{
				"name": "leftArm",
				"parent": "body",
				"pivot": [5, 22, 0],
				"mirror": true
			},
			{
				"name": "leftItem",
				"parent": "leftArm",
				"pivot": [6, 15, 1]
			},
			{
				"name": "left_arm",
				"parent": "leftArm",
				"pivot": [5, 22, 0],
				"mirror": true,
				"cubes": [
					{"origin": [4, 12, -1], "size": [2, 12, 2], "uv": [40, 16]},
					{"origin": [5, 22, -2], "size": [2, 1, 2], "uv": [83, 6], "inflate": 0.02},
					{"origin": [5, 18, 0], "size": [2, 1, 2], "uv": [83, 6], "inflate": 0.02},
					{"origin": [4, 12, -1], "size": [2, 12, 2], "uv": [142, 31], "inflate": 0.01},
					{"origin": [4, 12, -2], "size": [4, 12, 4], "uv": [40, 82], "inflate": 0.1},
					{"origin": [6, 19, 0], "size": [5, 5, 0], "uv": [39, 146]}
				]
			},
			{
				"name": "flower",
				"parent": "left_arm",
				"pivot": [5, 24, 0],
				"rotation": [0, 0, 17.5]
			},
			{
				"name": "left_arm_sub_1",
				"parent": "flower",
				"pivot": [5, 24, 0],
				"mirror": true,
				"cubes": [
					{"origin": [4, 24, 0], "size": [4, 8, 0], "uv": [159, 49]}
				]
			},
			{
				"name": "flower3",
				"parent": "left_arm",
				"pivot": [5, 22, 0],
				"rotation": [0, 0, 42.5]
			},
			{
				"name": "left_arm_sub_2",
				"parent": "flower3",
				"pivot": [5, 22, 0],
				"mirror": true,
				"cubes": [
					{"origin": [4, 22, 0], "size": [4, 8, 0], "uv": [159, 58]}
				]
			},
			{
				"name": "bonsai_tiny",
				"parent": "left_arm",
				"pivot": [5, 22, 0],
				"rotation": [12.5, 0, 17.5]
			},
			{
				"name": "left_arm_sub_3",
				"parent": "bonsai_tiny",
				"pivot": [5, 22, 0],
				"mirror": true,
				"cubes": [
					{"origin": [6, 23, -0.5], "size": [1, 2, 1], "uv": [79, 174]},
					{"origin": [5, 23, -0.5], "size": [1, 1, 1], "uv": [87, 176]},
					{"origin": [5, 25, -1.5], "size": [3, 1, 3], "uv": [134, 174]}
				]
			},
			{
				"name": "rightLeg",
				"parent": "body",
				"pivot": [-2, 12, 0],
				"cubes": [
					{"origin": [-3, 0, -1], "size": [2, 12, 2], "uv": [0, 16]}
				]
			},
			{
				"name": "leftLeg",
				"parent": "body",
				"pivot": [2, 12, 0],
				"mirror": true,
				"cubes": [
					{"origin": [1, 0, -1], "size": [2, 12, 2], "uv": [0, 16]}
				]
			},
			{
				"name": "body2",
				"parent": "body",
				"pivot": [0, 24, 0],
				"cubes": [
					{"origin": [-4, 12, -2], "size": [8, 12, 4], "uv": [16, 16]},
					{"origin": [-4, 3, -2], "size": [8, 21, 4], "uv": [16, 82], "inflate": 0.01},
					{"origin": [-4, 12, -2], "size": [8, 12, 4], "uv": [3, 40], "inflate": 0.25},
					{"origin": [-4, 12, -2], "size": [8, 12, 4], "uv": [0, 162], "inflate": -0.2},
					{"origin": [-4, 17, -2], "size": [8, 7, 4], "uv": [154, 37], "inflate": -0.2},
					{"origin": [-4, 12.5, -2], "size": [8, 1, 4], "uv": [51, 146], "inflate": -0.1},
					{"origin": [-2, 13, 0], "size": [1, 11, 0], "uv": [67, 133]}
				]
			},
			{
				"name": "flower2",
				"parent": "body2",
				"pivot": [-2, 13, -2],
				"rotation": [10, 0, -7.5],
				"cubes": [
					{"origin": [-4, 13, -2], "size": [3, 8, 0], "uv": [169, 49]}
				]
			},
			{
				"name": "mushroom_small",
				"parent": "body2",
				"pivot": [1, 18, -1],
				"rotation": [52.5, 22.5, 0],
				"cubes": [
					{"origin": [-2, 22, -2.5], "size": [3, 1, 3], "uv": [110, 5]},
					{"origin": [-1, 19, -1.5], "size": [1, 3, 1], "uv": [110, 10]}
				]
			},
			{
				"name": "mushroom_small2",
				"parent": "body2",
				"pivot": [4, 15, 6],
				"rotation": [-40, 5, 0],
				"cubes": [
					{"origin": [2, 17.84339, 3.9627], "size": [3, 1, 3], "uv": [110, 5]},
					{"origin": [3, 14.84339, 4.9627], "size": [1, 3, 1], "uv": [110, 10]}
				]
			},
			{
				"name": "rotation",
				"parent": "body2",
				"pivot": [0, 18, -1],
				"rotation": [0, 0, -45]
			},
			{
				"name": "quiver",
				"parent": "rotation",
				"pivot": [-0.20577, -0.35641, -1],
				"cubes": [
					{"origin": [-3.20577, 11.64359, 2.1], "size": [6, 12, 4], "uv": [44, 162]},
					{"origin": [-3.20577, 11.64359, 2.1], "size": [6, 12, 4], "uv": [44, 118], "inflate": 0.25}
				]
			},
			{
				"name": "arrow",
				"parent": "quiver",
				"pivot": [-0.20577, -0.35641, -1],
				"cubes": [
					{"origin": [0.79423, 23.64359, 1.6], "size": [0, 7, 5], "uv": [33, 166]},
					{"origin": [-1.70577, 23.64359, 4.1], "size": [5, 7, 0], "uv": [33, 171]}
				]
			},
			{
				"name": "arrow2",
				"parent": "quiver",
				"pivot": [5.79423, 0.64359, -1],
				"rotation": [0, 0, -12.5],
				"cubes": [
					{"origin": [1.29423, 22.64359, 5.1], "size": [5, 7, 0], "uv": [33, 171]},
					{"origin": [3.79423, 22.64359, 2.6], "size": [0, 7, 5], "uv": [33, 166]}
				]
			},
			{
				"name": "arrow3",
				"parent": "quiver",
				"pivot": [-4.20577, 1.64359, -4],
				"rotation": [-7.5, 0, 20],
				"cubes": [
					{"origin": [-8.70577, 23.64359, 2.1], "size": [5, 7, 0], "uv": [33, 171]},
					{"origin": [-6.20577, 23.64359, -0.4], "size": [0, 7, 5], "uv": [33, 166]}
				]
			}
		]
	}
}