{
	"format_version": "1.10.0",
	"geometry.vex.v1.8": {
		"texturewidth": 128,
		"textureheight": 128,
		"visible_bounds_width": 5,
		"visible_bounds_height": 3,
		"visible_bounds_offset": [0, 1.5, 0],
		"bones": [
			{
				"name": "body",
				"pivot": [0, 24, 0]
			},
			{
				"name": "head",
				"parent": "body",
				"pivot": [0, 21, 0]
			},
			{
				"name": "head2",
				"parent": "head",
				"pivot": [0, 24, 0],
				"cubes": [
					{"origin": [-8, 20, -6.5], "size": [15, 15, 15], "uv": [0, 0]}
				]
			},
			{
				"name": "rightArm",
				"parent": "body",
				"pivot": [-6, 19, 1],
				"cubes": [
					{"origin": [-8, 8, -2], "size": [3, 12, 6], "uv": [69, 0]}
				]
			},
			{
				"name": "leftArm",
				"parent": "body",
				"pivot": [5, 19, 1],
				"mirror": true,
				"cubes": [
					{"origin": [4, 8, -2], "size": [3, 12, 6], "uv": [69, 18], "mirror": false}
				]
			},
			{
				"name": "leftwing",
				"parent": "body",
				"pivot": [1, 16, 3],
				"mirror": true,
				"cubes": [
					{"origin": [0.5, 3, 3], "size": [24, 15, 0], "uv": [48, 81], "mirror": false}
				]
			},
			{
				"name": "rightwing",
				"parent": "body",
				"pivot": [-1, 16, 3],
				"cubes": [
					{"origin": [-24.5, 3, 3], "size": [24, 15, 0], "uv": [48, 66]}
				]
			},
			{
				"name": "body2",
				"parent": "body",
				"pivot": [0, 24, 0]
			},
			{
				"name": "body3",
				"parent": "body2",
				"pivot": [0, 20, 1],
				"cubes": [
					{"origin": [-5, 11, -2], "size": [9, 9, 6], "uv": [0, 30]}
				]
			},
			{
				"name": "tail",
				"parent": "body3",
				"pivot": [0, 14, 1],
				"cubes": [
					{"origin": [-5, 5, -2], "size": [9, 15, 6], "uv": [0, 48], "inflate": -0.2}
				]
			},
			{
				"name": "rightItem",
				"pivot": [-6, 13, 0]
			}
		]
	}
}