{
	"format_version": "1.10.0",
	"geometry.vindicator.v1.8": {
		"texturewidth": 64,
		"textureheight": 128,
		"visible_bounds_width": 3,
		"visible_bounds_height": 4,
		"visible_bounds_offset": [0, 2, 0],
		"bones": [
			{
				"name": "body",
				"pivot": [0, 24, 0]
			},
			{
				"name": "head",
				"parent": "body",
				"pivot": [0, 24, 0]
			},
			{
				"name": "head2",
				"parent": "head",
				"pivot": [0, 24, 0],
				"cubes": [
					{"origin": [-4, 24, -4], "size": [8, 10, 8], "uv": [0, 0]},
					{"origin": [-4, 34, -4], "size": [8, 10, 8], "uv": [0, 64]},
					{"origin": [-5, 33, -5], "size": [10, 1, 10], "uv": [24, 92]},
					{"origin": [-4, 24, -4], "size": [8, 10, 8], "uv": [32, 0], "inflate": 0.251}
				]
			},
			{
				"name": "nose",
				"parent": "head",
				"pivot": [0, 26, 0],
				"cubes": [
					{"origin": [-1, 23, -6], "size": [2, 4, 2], "uv": [24, 0]}
				]
			},
			{
				"name": "arms",
				"parent": "body",
				"pivot": [0, 22, 0],
				"cubes": [
					{"origin": [-8, 14.5, -1.7], "size": [4, 8, 4], "uv": [44, 22]},
					{"origin": [-8, 18.5, -1.7], "size": [4, 4, 4], "uv": [0, 104], "inflate": 0.25},
					{"origin": [-4, 14.5, -1.7], "size": [8, 4, 4], "uv": [40, 38]},
					{"origin": [-5, 14.5, -1.7], "size": [10, 4, 4], "uv": [22, 84], "inflate": 0.25},
					{"origin": [4, 14.5, -1.7], "size": [4, 8, 4], "uv": [44, 22], "mirror": true},
					{"origin": [4, 18.5, -1.7], "size": [4, 4, 4], "uv": [0, 96], "inflate": 0.25, "mirror": true}
				]
			},
			{
				"name": "leg0",
				"parent": "body",
				"pivot": [-2, 12, 0]
			},
			{
				"name": "right_leg",
				"parent": "leg0",
				"pivot": [-2, 12, 0],
				"cubes": [
					{"origin": [-4, 0, -2], "size": [4, 12, 4], "uv": [0, 22]},
					{"origin": [-4, 0, -2], "size": [4, 12, 4], "uv": [32, 112], "inflate": 0.25}
				]
			},
			{
				"name": "leg1",
				"parent": "body",
				"pivot": [2, 12, 0],
				"mirror": true
			},
			{
				"name": "left_leg",
				"parent": "leg1",
				"pivot": [2, 12, 0],
				"mirror": true,
				"cubes": [
					{"origin": [0, 0, -2], "size": [4, 12, 4], "uv": [0, 22]},
					{"origin": [0, 0, -2], "size": [4, 12, 4], "uv": [48, 112], "inflate": 0.25}
				]
			},
			{
				"name": "rightArm",
				"parent": "body",
				"pivot": [-5, 22, 0],
				"cubes": [
					{"origin": [-8, 12, -2], "size": [4, 12, 4], "uv": [0, 112], "inflate": 0.25},
					{"origin": [-8, 12, -2], "size": [4, 12, 4], "uv": [40, 46]}
				]
			},
			{
				"name": "rightItem",
				"parent": "rightArm",
				"pivot": [-5.5, 16, 0.5]
			},
			{
				"name": "leftArm",
				"parent": "body",
				"pivot": [5, 22, 0],
				"mirror": true,
				"cubes": [
					{"origin": [4, 12, -2], "size": [4, 12, 4], "uv": [40, 46]},
					{"origin": [4, 12, -2], "size": [4, 12, 4], "uv": [16, 112], "inflate": 0.25}
				]
			},
			{
				"name": "leftItem",
				"parent": "leftArm",
				"pivot": [6, 15, 1]
			},
			{
				"name": "body2",
				"parent": "body",
				"pivot": [0, 24, 0],
				"cubes": [
					{"origin": [-4, 12, -3], "size": [8, 12, 6], "uv": [16, 20]},
					{"origin": [-4, 4, -3], "size": [8, 20, 6], "uv": [0, 38], "inflate": 0.25},
					{"origin": [-5.5, 13, 3], "size": [2, 4, 4], "uv": [52, 74]},
					{"origin": [3.5, 13, 3], "size": [2, 6, 4], "uv": [40, 74]},
					{"origin": [-3.5, 13, 3], "size": [7, 8, 4], "uv": [42, 62]},
					{"origin": [-3.5, 21, 3], "size": [7, 3, 4], "uv": [0, 83], "inflate": 0.15}
				]
			}
		]
	}
}