{
	"format_version": "1.10.0",
	"geometry.villager.witch.v1.8": {
		"texturewidth": 128,
		"textureheight": 178,
		"visible_bounds_width": 3,
		"visible_bounds_height": 4,
		"visible_bounds_offset": [0, 2, 0],
		"bones": [
			{
				"name": "body",
				"pivot": [0, 0, 0]
			},
			{
				"name": "body2",
				"parent": "body",
				"pivot": [0, 24, 0],
				"cubes": [
					{"origin": [-4, 12, -3], "size": [8, 12, 6], "uv": [16, 20]},
					{"origin": [-6, 10, 3], "size": [12, 13, 12], "uv": [0, 111]},
					{"origin": [-5, 23, 9], "size": [10, 24, 0], "uv": [0, 136]}
				]
			},
			{
				"name": "cauldron_melon",
				"parent": "body2",
				"pivot": [-7, 0, 1],
				"rotation": [0, 30, 0],
				"cubes": [
					{"origin": [-14, 23, 13], "size": [10, 8, 0], "uv": [44, 149]}
				]
			},
			{
				"name": "cauldron_bone",
				"parent": "body2",
				"pivot": [0, 0, 0],
				"rotation": [0, 15, 0],
				"cubes": [
					{"origin": [-4, 23, 8], "size": [10, 8, 0], "uv": [44, 141]}
				]
			},
			{
				"name": "handle",
				"parent": "body2",
				"pivot": [-14.5, 11, 0],
				"rotation": [0, 0, 45],
				"cubes": [
					{"origin": [-8.5, 34, 6], "size": [0, 4, 6], "uv": [0, 111]}
				]
			},
			{
				"name": "handle2",
				"parent": "body2",
				"pivot": [14.5, 11, 0],
				"rotation": [0, 0, -45],
				"cubes": [
					{"origin": [8.5, 34, 6], "size": [0, 4, 6], "uv": [0, 111]}
				]
			},
			{
				"name": "bodywear",
				"parent": "body2",
				"pivot": [0, 24, 0],
				"cubes": [
					{"origin": [-4, 4, -3], "size": [8, 20, 6], "uv": [0, 38], "inflate": 0.25}
				]
			},
			{
				"name": "belt",
				"parent": "bodywear",
				"pivot": [0, 0, 0],
				"cubes": [
					{"origin": [-2, 13, -3.8], "size": [4, 2, 1], "uv": [22, 41]}
				]
			},
			{
				"name": "potion",
				"parent": "bodywear",
				"pivot": [0, 0, 0],
				"cubes": [
					{"origin": [-5, 10, -1], "size": [2, 1, 2], "uv": [12, 87]},
					{"origin": [-5, 13, -1], "size": [2, 4, 2], "uv": [28, 86]},
					{"origin": [-5, 11, -2], "size": [2, 2, 4], "uv": [16, 87]}
				]
			},
			{
				"name": "pouch",
				"parent": "bodywear",
				"pivot": [0, 0, 0],
				"cubes": [
					{"origin": [4, 11, -2], "size": [1, 4, 3], "uv": [36, 86]},
					{"origin": [4.3, 13, -1], "size": [1, 1, 1], "uv": [33, 92]}
				]
			},
			{
				"name": "backpack",
				"parent": "bodywear",
				"pivot": [0, 0, 0],
				"cubes": [
					{"origin": [-4, 11.99, 3], "size": [8, 11, 4], "uv": [104, 116]},
					{"origin": [-4, 21, 3], "size": [8, 2, 4], "uv": [104, 104], "inflate": 0.24},
					{"origin": [-2, 23, 5], "size": [4, 3, 0], "uv": [120, 101]},
					{"origin": [-1, 17, 5.5], "size": [2, 2, 2], "uv": [104, 110]}
				]
			},
			{
				"name": "head",
				"parent": "body",
				"pivot": [0, 24, 0]
			},
			{
				"name": "head2",
				"parent": "head",
				"pivot": [0, 24, 0],
				"cubes": [
					{"origin": [-4, 24, -4], "size": [8, 10, 8], "uv": [0, 0]},
					{"origin": [-4, 24, -4], "size": [8, 10, 8], "uv": [32, 0], "inflate": 0.251}
				]
			},
			{
				"name": "snow_owl",
				"parent": "head2",
				"pivot": [4.5, 39, -7]
			},
			{
				"name": "snow_owl_body",
				"parent": "snow_owl",
				"pivot": [4.5, 40, -7.5],
				"rotation": [2.5, 0, 0],
				"cubes": [
					{"origin": [2, 34, -9], "size": [5, 7, 4], "uv": [86, 119], "inflate": 0.01}
				]
			},
			{
				"name": "snow_owl_head",
				"parent": "snow_owl",
				"pivot": [4.5, 40, -7],
				"cubes": [
					{"origin": [2, 39.99953, -9.03068], "size": [5, 4, 4], "uv": [86, 111], "inflate": 0.1}
				]
			},
			{
				"name": "snow_owl_beak",
				"parent": "snow_owl_head",
				"pivot": [4.5, 40.99953, -9.03068],
				"cubes": [
					{"origin": [4, 39.49953, -10.03068], "size": [1, 1, 1], "uv": [100, 119], "inflate": -0.01},
					{"origin": [4, 39.99953, -10.03068], "size": [1, 1, 1], "uv": [100, 121]}
				]
			},
			{
				"name": "snow_owl_wing1",
				"parent": "snow_owl",
				"pivot": [7, 40, -7],
				"cubes": [
					{"origin": [7, 35, -8.5], "size": [1, 5, 3], "uv": [78, 122], "inflate": 0.01}
				]
			},
			{
				"name": "snow_owl_wing2",
				"parent": "snow_owl",
				"pivot": [2, 40, -7],
				"cubes": [
					{"origin": [1, 35, -8.5], "size": [1, 5, 3], "uv": [78, 114], "inflate": 0.01}
				]
			},
			{
				"name": "snow_owl_tail",
				"parent": "snow_owl",
				"pivot": [4.5, 37, -5],
				"rotation": [12.5, 0, 0],
				"cubes": [
					{"origin": [2, 34, -5], "size": [5, 3, 0], "uv": [90, 108]}
				]
			},
			{
				"name": "snow_owl_foot1",
				"parent": "snow_owl",
				"pivot": [3.5, 34, -8.5],
				"cubes": [
					{"origin": [3, 33, -8.5], "size": [1, 1, 0], "uv": [88, 114]},
					{"origin": [3, 33, -9.5], "size": [1, 0, 1], "uv": [85, 114]}
				]
			},
			{
				"name": "snow_owl_foot2",
				"parent": "snow_owl",
				"pivot": [5.5, 34, -8.5],
				"cubes": [
					{"origin": [5, 33, -8.5], "size": [1, 1, 0], "uv": [88, 113]},
					{"origin": [5, 33, -9.5], "size": [1, 0, 1], "uv": [85, 113]}
				]
			},
			{
				"name": "frog",
				"parent": "head2",
				"pivot": [-3, 41, 0],
				"rotation": [-7.5, 0, -25]
			},
			{
				"name": "frog_head",
				"parent": "frog",
				"pivot": [-3, 41, 1],
				"rotation": [10, 0, 0],
				"cubes": [
					{"origin": [-6.5, 42, -4], "size": [7, 0, 9], "uv": [103, 143]},
					{"origin": [-6.5, 40, -4], "size": [7, 3, 9], "uv": [80, 143]}
				]
			},
			{
				"name": "frog_eyes",
				"parent": "frog_head",
				"pivot": [-3, 43, -2],
				"cubes": [
					{"origin": [-6.5, 43, -3], "size": [3, 2, 3], "uv": [80, 130]},
					{"origin": [-2.5, 43, -3], "size": [3, 2, 3], "uv": [80, 135]}
				]
			},
			{
				"name": "frog_tongue",
				"parent": "frog",
				"pivot": [-3, 37, 0],
				"cubes": [
					{"origin": [-5, 40.1, -2.1], "size": [4, 0, 7], "uv": [97, 143]}
				]
			},
			{
				"name": "frog_body",
				"parent": "frog",
				"pivot": [-3, 41, 0],
				"rotation": [10, 0, 0],
				"cubes": [
					{"origin": [-6.5, 38, -4], "size": [7, 3, 9], "uv": [83, 131], "inflate": 0.01},
					{"origin": [-6.5, 40, -4], "size": [7, 0, 9], "uv": [103, 152]}
				]
			},
			{
				"name": "frog_croaking_body",
				"parent": "frog_body",
				"pivot": [-3, 39, -2.5],
				"cubes": [
					{"origin": [-6.5, 38, -3.9], "size": [7, 2, 3], "uv": [106, 135], "inflate": -0.1}
				]
			},
			{
				"name": "frog_left_arm",
				"parent": "frog",
				"pivot": [0, 39, -2],
				"rotation": [27.5, -5, 12.5],
				"cubes": [
					{"origin": [0, 37, -3.5], "size": [2, 3, 3], "uv": [80, 162]},
					{"origin": [-3, 36.99, -7.5], "size": [8, 0, 8], "uv": [98, 170]}
				]
			},
			{
				"name": "frog_right_arm",
				"parent": "frog",
				"pivot": [-6, 38, -2],
				"rotation": [5, 7.5, 12.5],
				"cubes": [
					{"origin": [-8, 36, -3.5], "size": [2, 3, 3], "uv": [80, 168]},
					{"origin": [-11, 35.99, -7.5], "size": [8, 0, 8], "uv": [82, 170]}
				]
			},
			{
				"name": "frog_left_leg",
				"parent": "frog",
				"pivot": [0, 39, 4],
				"rotation": [-10, 7.5, 27.5],
				"cubes": [
					{"origin": [-0.5, 37, 2], "size": [3, 3, 4], "uv": [94, 155]},
					{"origin": [-1.5, 36.99, 0], "size": [8, 0, 8], "uv": [82, 162]}
				]
			},
			{
				"name": "frog_right_leg",
				"parent": "frog",
				"pivot": [-6, 39, 4],
				"rotation": [0, 0, 5],
				"cubes": [
					{"origin": [-8.5, 37, 2], "size": [3, 3, 4], "uv": [80, 155]},
					{"origin": [-12.5, 36.99, 0], "size": [8, 0, 8], "uv": [98, 162]}
				]
			},
			{
				"name": "fireflies",
				"parent": "head2",
				"pivot": [0, 46, 0]
			},
			{
				"name": "firefly1",
				"parent": "fireflies",
				"pivot": [-3, 47, -10],
				"rotation": [0, 10, 0],
				"cubes": [
					{"origin": [-4, 46, -10], "size": [2, 1, 0], "uv": [64, 177]}
				]
			},
			{
				"name": "firefly2",
				"parent": "fireflies",
				"pivot": [9, 45, 1],
				"rotation": [0, -60, 0],
				"cubes": [
					{"origin": [8, 44, 1], "size": [2, 1, 0], "uv": [64, 177]}
				]
			},
			{
				"name": "fireflies2",
				"parent": "head2",
				"pivot": [1, 43, 0]
			},
			{
				"name": "firefly3",
				"parent": "fireflies2",
				"pivot": [-13, 43, 5],
				"rotation": [0, 97.5, 0],
				"cubes": [
					{"origin": [-14, 42, 5], "size": [2, 1, 0], "uv": [64, 177]}
				]
			},
			{
				"name": "firefly4",
				"parent": "fireflies2",
				"pivot": [4, 44, 9],
				"rotation": [0, -142.5, 0],
				"cubes": [
					{"origin": [3, 43, 9], "size": [2, 1, 0], "uv": [64, 177]}
				]
			},
			{
				"name": "fireflies3",
				"parent": "head2",
				"pivot": [0, 50, -2]
			},
			{
				"name": "firefly5",
				"parent": "fireflies3",
				"pivot": [3, 52, -3],
				"rotation": [0, 132.5, 0],
				"cubes": [
					{"origin": [2, 51, -3], "size": [2, 1, 0], "uv": [64, 177]}
				]
			},
			{
				"name": "nose",
				"parent": "head",
				"pivot": [0, 26, 0],
				"cubes": [
					{"origin": [-1, 23, -6], "size": [2, 4, 2], "uv": [24, 0]}
				]
			},
			{
				"name": "mole",
				"parent": "head",
				"pivot": [0, 28, 0],
				"cubes": [
					{"origin": [0, 24, -6.75], "size": [1, 1, 1], "uv": [0, 0], "inflate": -0.25}
				]
			},
			{
				"name": "headwear",
				"parent": "head",
				"pivot": [-5, 34.05, -5],
				"cubes": [
					{"origin": [-8, 32.05, -8], "size": [16, 2, 16], "uv": [0, 160]},
					{"origin": [-7, 29.05, -8], "size": [5, 3, 0], "uv": [54, 173]},
					{"origin": [0, 29.05, -6], "size": [5, 3, 0], "uv": [54, 170]}
				]
			},
			{
				"name": "hat2",
				"parent": "headwear",
				"pivot": [-3.25, 38.05, -3],
				"rotation": [-3, 0, 1.5],
				"cubes": [
					{"origin": [-3.25, 34.05, -3], "size": [7, 4, 7], "uv": [0, 76]}
				]
			},
			{
				"name": "hat3",
				"parent": "hat2",
				"pivot": [-1.5, 42.05, -1],
				"rotation": [-6, 0, 3],
				"cubes": [
					{"origin": [-1.5, 38.05, -1], "size": [4, 4, 4], "uv": [0, 87]}
				]
			},
			{
				"name": "hat4",
				"parent": "hat3",
				"pivot": [0.25, 44.05, 1],
				"rotation": [-12, 0, 6],
				"cubes": [
					{"origin": [0.25, 42.05, 1], "size": [1, 2, 1], "uv": [0, 95], "inflate": 0.25}
				]
			},
			{
				"name": "arms",
				"parent": "body",
				"pivot": [0, 22, 0]
			},
			{
				"name": "arms_rotation",
				"parent": "arms",
				"pivot": [0, 22.5, 0.35],
				"cubes": [
					{"origin": [-8, 14.5, -1.7], "size": [4, 8, 4], "uv": [44, 22]},
					{"origin": [-8, 18.5, -1.7], "size": [4, 4, 4], "uv": [48, 62], "inflate": 0.25},
					{"origin": [-4, 14.5, -1.7], "size": [8, 4, 4], "uv": [40, 38]},
					{"origin": [-5, 14.5, -1.7], "size": [10, 4, 4], "uv": [36, 46], "inflate": 0.25}
				]
			},
			{
				"name": "arms_flipped",
				"parent": "arms_rotation",
				"pivot": [0, -1.5, 0.35],
				"mirror": true,
				"cubes": [
					{"origin": [4, 14.5, -1.7], "size": [4, 8, 4], "uv": [44, 22]},
					{"origin": [4, 18.5, -1.7], "size": [4, 4, 4], "uv": [48, 54], "inflate": 0.25}
				]
			},
			{
				"name": "leg0",
				"parent": "body",
				"pivot": [-2, 12, 0]
			},
			{
				"name": "right_leg",
				"parent": "leg0",
				"pivot": [-2, 12, 0],
				"mirror": true,
				"cubes": [
					{"origin": [-4, 0, -2], "size": [4, 12, 4], "uv": [0, 22]},
					{"origin": [-4, 0, -2], "size": [4, 12, 4], "uv": [28, 70], "inflate": 0.249}
				]
			},
			{
				"name": "leg1",
				"parent": "body",
				"pivot": [2, 12, 0]
			},
			{
				"name": "left_leg",
				"parent": "leg1",
				"pivot": [2, 12, 0],
				"cubes": [
					{"origin": [0, 0, -2], "size": [4, 12, 4], "uv": [0, 22]},
					{"origin": [0, 0, -2], "size": [4, 12, 4], "uv": [28, 54], "inflate": 0.249}
				]
			}
		]
	}
}