{
	"format_version": "1.10.0",
	"geometry.skeleton.wither.v1.8": {
		"texturewidth": 64,
		"textureheight": 178,
		"visible_bounds_width": 2,
		"visible_bounds_height": 3,
		"visible_bounds_offset": [0, 1.5, 0],
		"bones": [
			{
				"name": "waist",
				"pivot": [0, 12, 0]
			},
			{
				"name": "body",
				"parent": "waist",
				"pivot": [0, 24, 0],
				"cubes": [
					{"origin": [-4, 12, -2], "size": [8, 12, 4], "uv": [16, 16]},
					{"origin": [-4, 12, -2], "size": [8, 12, 4], "uv": [40, 156], "inflate": 0.1}
				]
			},
			{
				"name": "cape",
				"parent": "body",
				"pivot": [0, 24, 1],
				"rotation": [15, 0, 0],
				"cubes": [
					{"origin": [-4, 9, 1], "size": [8, 15, 1], "uv": [46, 85], "inflate": 0.01}
				]
			},
			{
				"name": "head",
				"parent": "body",
				"pivot": [0, 24, 0]
			},
			{
				"name": "hat",
				"parent": "head",
				"pivot": [0, 24, 0],
				"cubes": [
					{"origin": [-4, 24, -4], "size": [8, 8, 8], "uv": [32, 0], "inflate": 0.5}
				]
			},
			{
				"name": "head2",
				"parent": "head",
				"pivot": [0, 24, 0],
				"cubes": [
					{"origin": [-4, 24, -4], "size": [8, 8, 8], "uv": [0, 0]},
					{"origin": [-4, 24, -4], "size": [8, 13, 8], "uv": [0, 157], "inflate": 0.25},
					{"origin": [-4, 24, -4], "size": [8, 10, 8], "uv": [0, 108]},
					{"origin": [-5, 24, -4], "size": [10, 8, 8], "uv": [0, 127]},
					{"origin": [-2, 24, -5], "size": [4, 4, 1], "uv": [31, 128], "inflate": 0.01},
					{"origin": [-3, 24, -5], "size": [1, 2, 1], "uv": [2, 131]},
					{"origin": [2, 24, -5], "size": [1, 2, 1], "uv": [2, 127]},
					{"origin": [-1, 23, -6], "size": [2, 4, 2], "uv": [32, 120]},
					{"origin": [-5, 24, -4], "size": [10, 12, 8], "uv": [0, 66], "inflate": 0.25}
				]
			},
			{
				"name": "ear1",
				"parent": "head2",
				"pivot": [-4, 30, 0],
				"rotation": [0, 0, 30],
				"cubes": [
					{"origin": [-5, 25, -2], "size": [1, 5, 4], "uv": [38, 134]}
				]
			},
			{
				"name": "ear2",
				"parent": "head2",
				"pivot": [4, 30, 0],
				"rotation": [0, 0, -30],
				"cubes": [
					{"origin": [4, 25, -2], "size": [1, 5, 4], "uv": [38, 134]}
				]
			},
			{
				"name": "rightArm",
				"parent": "body",
				"pivot": [-5, 22, 0],
				"cubes": [
					{"origin": [-6, 12, -1], "size": [2, 12, 2], "uv": [40, 16]}
				]
			},
			{
				"name": "rightItem",
				"parent": "rightArm",
				"pivot": [-5, 15, 1]
			},
			{
				"name": "right_arm_sub_0",
				"parent": "rightArm",
				"pivot": [0, 0, 0],
				"mirror": true,
				"cubes": [
					{"origin": [-7, 12, -2], "size": [3, 12, 4], "uv": [50, 143], "inflate": 0.1}
				]
			},
			{
				"name": "leftArm",
				"parent": "body",
				"pivot": [5, 22, 0],
				"mirror": true,
				"cubes": [
					{"origin": [4, 12, -1], "size": [2, 12, 2], "uv": [40, 16]},
					{"origin": [4, 12, -2], "size": [3, 12, 4], "uv": [50, 143], "inflate": 0.1}
				]
			},
			{
				"name": "leftItem",
				"parent": "leftArm",
				"pivot": [6, 15, 1]
			},
			{
				"name": "rightLeg",
				"parent": "body",
				"pivot": [-2, 12, 0],
				"cubes": [
					{"origin": [-3, 0, -1], "size": [2, 12, 2], "uv": [0, 16]}
				]
			},
			{
				"name": "leftLeg",
				"parent": "body",
				"pivot": [2, 12, 0],
				"mirror": true,
				"cubes": [
					{"origin": [1, 0, -1], "size": [2, 12, 2], "uv": [0, 16]}
				]
			}
		]
	}
}