{
	"format_version": "1.10.0",
	"geometry.zombie.v1.8": {
		"texturewidth": 200,
		"textureheight": 200,
		"visible_bounds_width": 3,
		"visible_bounds_height": 4,
		"visible_bounds_offset": [0, 2, 0],
		"bones": [
			{
				"name": "waist",
				"pivot": [0, 12, 0]
			},
			{
				"name": "body",
				"parent": "waist",
				"pivot": [0, 24, 0]
			},
			{
				"name": "body2",
				"parent": "body",
				"pivot": [0, 24, 0],
				"cubes": [
					{"origin": [-4, 12, -2], "size": [8, 12, 4], "uv": [16, 16]},
					{"origin": [-4, 12, -2], "size": [8, 12, 4], "uv": [32, 184], "inflate": 0.001},
					{"origin": [-4, 12, -2], "size": [8, 12, 4], "uv": [152, 0], "inflate": 0.25},
					{"origin": [-4, 12, -3], "size": [8, 12, 6], "uv": [0, 160]},
					{"origin": [-4, 7, -3], "size": [8, 17, 6], "uv": [0, 136], "inflate": 0.1},
					{"origin": [-4, 2, -2], "size": [8, 22, 4], "uv": [16, 59], "inflate": 0.248}
				]
			},
			{
				"name": "gift_box",
				"parent": "body2",
				"pivot": [0, 12, 0],
				"cubes": [
					{"origin": [-5, 12, -5], "size": [10, 7, 10], "uv": [160, 102], "inflate": 1},
					{"origin": [-5, 21, -5], "size": [10, 2, 10], "uv": [160, 119], "inflate": 1.5}
				]
			},
			{
				"name": "rotation",
				"parent": "body2",
				"pivot": [0, 18, 0],
				"rotation": [0, 0, -45]
			},
			{
				"name": "quiver",
				"parent": "rotation",
				"pivot": [-0.20577, -0.35641, 0],
				"cubes": [
					{"origin": [-3.20577, 11.64359, 3.1], "size": [6, 12, 4], "uv": [44, 162]},
					{"origin": [-3.20577, 11.64359, 2.1], "size": [6, 12, 5], "uv": [64, 161]}
				]
			},
			{
				"name": "arrow",
				"parent": "quiver",
				"pivot": [-0.20577, -0.35641, 0],
				"cubes": [
					{"origin": [0.79423, 23.64359, 2.6], "size": [0, 7, 5], "uv": [33, 166]},
					{"origin": [-1.70577, 23.64359, 5.1], "size": [5, 7, 0], "uv": [33, 171]}
				]
			},
			{
				"name": "arrow2",
				"parent": "quiver",
				"pivot": [5.79423, 0.64359, 0],
				"rotation": [0, 0, -12.5],
				"cubes": [
					{"origin": [1.29423, 22.64359, 6.1], "size": [5, 7, 0], "uv": [33, 171]},
					{"origin": [3.79423, 22.64359, 3.6], "size": [0, 7, 5], "uv": [33, 166]}
				]
			},
			{
				"name": "arrow3",
				"parent": "quiver",
				"pivot": [-4.20577, 1.64359, -3],
				"rotation": [-7.5, 0, 20],
				"cubes": [
					{"origin": [-8.70577, 23.64359, 3.1], "size": [5, 7, 0], "uv": [33, 171]},
					{"origin": [-6.20577, 23.64359, 0.6], "size": [0, 7, 5], "uv": [33, 166]}
				]
			},
			{
				"name": "cod",
				"parent": "body2",
				"pivot": [-4, 21, 5],
				"rotation": [-42.5, 92.5, 5]
			},
			{
				"name": "cod_body",
				"parent": "cod",
				"pivot": [-4, 21, 4],
				"cubes": [
					{"origin": [-5, 19, 4], "size": [2, 4, 7], "uv": [96, 132]}
				]
			},
			{
				"name": "right_fin",
				"parent": "cod_body",
				"pivot": [-5, 20, 4],
				"rotation": [0, 0, -45],
				"cubes": [
					{"origin": [-7, 20, 3], "size": [2, 0, 2], "uv": [120, 133]}
				]
			},
			{
				"name": "left_fin",
				"parent": "cod_body",
				"pivot": [-3, 20, 4],
				"rotation": [0, 0, 45],
				"cubes": [
					{"origin": [-3, 20, 3], "size": [2, 0, 2], "uv": [120, 136]}
				]
			},
			{
				"name": "cod_head",
				"parent": "cod",
				"pivot": [-4, 21, 4],
				"cubes": [
					{"origin": [-5, 19, 1], "size": [2, 4, 3], "uv": [107, 132]}
				]
			},
			{
				"name": "nose",
				"parent": "cod",
				"pivot": [-4, 21, 1],
				"cubes": [
					{"origin": [-5, 20, 0], "size": [2, 3, 1], "uv": [96, 132]}
				]
			},
			{
				"name": "fin_back",
				"parent": "cod",
				"pivot": [-4, 23, 4],
				"cubes": [
					{"origin": [-4, 23, 3], "size": [0, 1, 6], "uv": [116, 126]}
				]
			},
			{
				"name": "tail",
				"parent": "cod",
				"pivot": [-4, 21, 11],
				"cubes": [
					{"origin": [-4, 19, 11], "size": [0, 4, 4], "uv": [118, 135]}
				]
			},
			{
				"name": "cape",
				"parent": "body2",
				"pivot": [0, 24, 1],
				"rotation": [-5, 180, 0],
				"cubes": [
					{"origin": [-5, 8, -1], "size": [10, 16, 1], "uv": [178, 183]}
				]
			},
			{
				"name": "head",
				"parent": "body",
				"pivot": [0, 24, 0]
			},
			{
				"name": "head2",
				"parent": "head",
				"pivot": [0, 24, 0],
				"cubes": [
					{"origin": [-4, 24, -4], "size": [8, 8, 8], "uv": [0, 0]},
					{"origin": [-3, 32, 0], "size": [3, 7, 3], "uv": [188, 157]},
					{"origin": [1, 32, -3], "size": [2, 9, 2], "uv": [192, 167]},
					{"origin": [-3, 39, -2], "size": [6, 4, 0], "uv": [188, 153]},
					{"origin": [-7.5, 28, 1.5], "size": [12, 15, 0], "uv": [176, 137]},
					{"origin": [-4, 24, -4], "size": [8, 8, 8], "uv": [0, 184], "inflate": 0.001},
					{"origin": [-5, 23, -4], "size": [10, 10, 2], "uv": [40, 100], "inflate": 0.31},
					{"origin": [-4, 24, -4], "size": [8, 8, 8], "uv": [32, 0], "inflate": 0.25},
					{"origin": [-4, 29, -4], "size": [8, 4, 8], "uv": [0, 99], "inflate": 0.01},
					{"origin": [-7, 29, -6], "size": [14, 1, 12], "uv": [126, 187]},
					{"origin": [-7, 29, -6], "size": [1, 2, 12], "uv": [152, 173], "inflate": -0.001},
					{"origin": [6, 29, -6], "size": [1, 2, 12], "uv": [126, 173], "inflate": -0.001},
					{"origin": [-2, 30, -5], "size": [4, 2, 2], "uv": [152, 173], "inflate": 0.1},
					{"origin": [-2, 30.5, -7], "size": [4, 4, 2], "uv": [0, 93]},
					{"origin": [-2, 30.5, -6.3], "size": [4, 4, 2], "uv": [0, 80]},
					{"origin": [-1, 29, -5], "size": [2, 5, 2], "uv": [0, 86]},
					{"origin": [-2, 29, 4], "size": [4, 2, 1], "uv": [14, 94]},
					{"origin": [-8, 27.75, -8], "size": [16, 1, 16], "uv": [0, 32], "inflate": 0.35},
					{"origin": [1, 29, -3], "size": [3, 3, 1], "uv": [0, 3], "inflate": 0.25},
					{"origin": [1, 29, -1], "size": [3, 3, 1], "uv": [0, 3], "inflate": 0.1},
					{"origin": [2, 30, 1], "size": [2, 2, 1], "uv": [2, 4], "inflate": 0.1},
					{"origin": [-4, 24, -4], "size": [8, 10, 8], "uv": [0, 112]},
					{"origin": [-4, 24, -4], "size": [8, 10, 8], "uv": [32, 81], "inflate": 0.25},
					{"origin": [-1, 23, -6], "size": [2, 4, 2], "uv": [24, 112]}
				]
			},
			{
				"name": "rightArm",
				"parent": "body",
				"pivot": [-5, 22, 0]
			},
			{
				"name": "rightItem",
				"parent": "rightArm",
				"pivot": [-6, 15, 1]
			},
			{
				"name": "right_arm",
				"parent": "rightArm",
				"pivot": [-5, 22, 0],
				"cubes": [
					{"origin": [-8, 12, -2], "size": [4, 12, 4], "uv": [40, 16]},
					{"origin": [-10, 12, -2], "size": [4, 12, 4], "uv": [184, 86]},
					{"origin": [-10, 12, -2], "size": [4, 12, 4], "uv": [184, 70], "inflate": 0.25},
					{"origin": [-8, 12, -2], "size": [4, 12, 4], "uv": [56, 184], "inflate": 0.001},
					{"origin": [-8, 12, -2], "size": [4, 12, 4], "uv": [176, 0], "inflate": 0.25},
					{"origin": [-7, 12, -2], "size": [3, 12, 4], "uv": [186, 32], "inflate": 0.25},
					{"origin": [-9, 10, -2], "size": [5, 14, 4], "uv": [92, 64]},
					{"origin": [-8, 13, -2], "size": [4, 11, 4], "uv": [112, 49]},
					{"origin": [-7, 12, -2], "size": [3, 12, 4], "uv": [88, 184], "inflate": 0.251},
					{"origin": [-8, 12, -2], "size": [4, 12, 4], "uv": [40, 59], "inflate": 0.1},
					{"origin": [-7, 12, -2], "size": [3, 12, 4], "uv": [114, 32], "inflate": 0.099}
				]
			},
			{
				"name": "right_arm_sub_0",
				"parent": "right_arm",
				"pivot": [0, 0, 0],
				"mirror": true,
				"cubes": [
					{"origin": [-7, 12, -2], "size": [3, 12, 4], "uv": [114, 16]}
				]
			},
			{
				"name": "leftArm",
				"parent": "body",
				"pivot": [5, 22, 0],
				"mirror": true
			},
			{
				"name": "leftItem",
				"parent": "leftArm",
				"pivot": [6, 15, 1]
			},
			{
				"name": "left_arm",
				"parent": "leftArm",
				"pivot": [5, 22, 0],
				"mirror": true,
				"cubes": [
					{"origin": [4, 12, -2], "size": [4, 12, 4], "uv": [40, 16]},
					{"origin": [6, 12, -2], "size": [4, 12, 4], "uv": [184, 86]},
					{"origin": [6, 12, -2], "size": [4, 12, 4], "uv": [184, 70], "inflate": 0.25},
					{"origin": [4, 12, -2], "size": [4, 12, 4], "uv": [72, 184], "inflate": 0.001},
					{"origin": [4, 10, -2], "size": [5, 14, 4], "uv": [110, 64]},
					{"origin": [4, 12, -2], "size": [3, 12, 4], "uv": [114, 0]},
					{"origin": [4, 12, -2], "size": [4, 12, 4], "uv": [40, 59], "inflate": 0.1},
					{"origin": [4, 12, -2], "size": [3, 12, 4], "uv": [114, 32], "inflate": 0.099}
				]
			},
			{
				"name": "left_arm_sub_0",
				"parent": "left_arm",
				"pivot": [0, 0, 0],
				"mirror": true,
				"cubes": [
					{"origin": [4, 12, -2], "size": [4, 12, 4], "uv": [184, 16], "inflate": 0.25}
				]
			},
			{
				"name": "left_arm_sub_1",
				"parent": "left_arm_sub_0",
				"pivot": [0, 0, 0],
				"cubes": [
					{"origin": [4, 12, -2], "size": [4, 12, 4], "uv": [168, 16], "inflate": 0.01}
				]
			},
			{
				"name": "left_arm_sub_2",
				"parent": "left_arm",
				"pivot": [0, 0, 0],
				"cubes": [
					{"origin": [4, 12, -2], "size": [3, 12, 4], "uv": [102, 184], "inflate": 0.251}
				]
			},
			{
				"name": "left_arm_sub_3",
				"parent": "left_arm",
				"pivot": [0, 0, 0],
				"cubes": [
					{"origin": [4, 12, -2], "size": [3, 12, 4], "uv": [186, 48], "inflate": 0.25}
				]
			},
			{
				"name": "rightLeg",
				"parent": "body",
				"pivot": [-1.9, 12, 0]
			},
			{
				"name": "right_leg",
				"parent": "rightLeg",
				"pivot": [-1.9, 12, 0],
				"cubes": [
					{"origin": [-4, 0, -2], "size": [4, 12, 4], "uv": [0, 16]},
					{"origin": [-4, 0, -2], "size": [4, 12, 4], "uv": [136, 0], "inflate": 0.25},
					{"origin": [-4, 0, -6], "size": [4, 2, 4], "uv": [112, 114], "inflate": 0.099},
					{"origin": [-4, 0, -2], "size": [4, 12, 4], "uv": [0, 59], "inflate": 0.1}
				]
			},
			{
				"name": "drip_shoe_right",
				"parent": "right_leg",
				"pivot": [-2, 3, -3],
				"rotation": [20, 0, 0],
				"mirror": true,
				"cubes": [
					{"origin": [-4, 1.4, -6.2], "size": [4, 2, 5], "uv": [110, 82], "inflate": 0.098}
				]
			},
			{
				"name": "leftLeg",
				"parent": "body",
				"pivot": [1.9, 12, 0],
				"mirror": true
			},
			{
				"name": "left_leg",
				"parent": "leftLeg",
				"pivot": [1.9, 12, 0],
				"mirror": true,
				"cubes": [
					{"origin": [0, 0, -2], "size": [4, 12, 4], "uv": [0, 16]},
					{"origin": [0, 0, -2], "size": [4, 12, 4], "uv": [152, 16], "inflate": 0.001},
					{"origin": [0, 0, -2], "size": [4, 12, 4], "uv": [136, 16], "inflate": 0.25},
					{"origin": [0, 0, -6], "size": [4, 2, 4], "uv": [112, 114], "inflate": 0.099},
					{"origin": [0, 0, -2], "size": [4, 12, 4], "uv": [0, 59], "inflate": 0.1}
				]
			},
			{
				"name": "drip_shoe_left",
				"parent": "left_leg",
				"pivot": [2, 3, -3],
				"rotation": [20, 0, 0],
				"mirror": true,
				"cubes": [
					{"origin": [0, 1.4, -6.2], "size": [4, 2, 5], "uv": [110, 82], "inflate": 0.098}
				]
			}
		]
	}
}