{
  "format_version": "1.16.100",
  "minecraft:item": {
    "description": {
      "identifier": "new:key",
      "category": "Equipment"
    },
    "components": {
      "minecraft:allow_off_hand": false,
      "minecraft:max_stack_size": 64,
      "minecraft:cooldown":{
        "category": "key",
        "duration": 1
      },
      "minecraft:on_use":{
        "on_use":{
          "event": "new:tp_tumba"
        }
      },
      "minecraft:icon": {
        "texture": "llave"
      },
      "minecraft:foil": true,
      "minecraft:display_name": {
        "value": "Key\n§l§cOpen GraveStone"
      }
    },
    "events":{
      "new:tp_tumba":{
        "sequence": [
          {
            "run_command":{
              "command":[
                "tag @s add keyUse"
              ],
              "target": "holder"
            }
          }
        ]
      }
    }
  }
}