{
    "format_version": "1.16.100",
    "minecraft:item": {
      "description": {
        "identifier": "new:key2",
        "category": "Equipment"
      },
      "components": {
        "minecraft:allow_off_hand": false,
        "minecraft:max_stack_size": 64,
        "minecraft:cooldown":{
          "category": "key",
          "duration": 1
        },
        "minecraft:icon": {
          "texture": "llave"
        },
        "minecraft:foil": false,
        "minecraft:display_name": {
          "value": "Key\n§l§cOpen GraveStone"
        }
      },
      "events":{
      }
    }
  }