{
  "format_version": "1.8.0",
  "render_controllers": {
    "controller.render.cake": {
      "arrays": {
        "textures": {
          "Array.Xcracks": [
            "Texture.default166",
            "Texture.default165",
            "Texture.default164",
            "Texture.default163",
            "Texture.default162"
          ]
        }
      },
      "geometry": "Geometry.default",
      "textures": [ "Array.Xcracks[math.clamp(query.health / 2, 0, 4)]" ]
    }
  }
}

