{
  "format_version": "1.8.0",
  "render_controllers": {
    "controller.render.evoker": {
      "geometry": "Geometry.default",
      "materials": [
        {
          "*": "Material.default"
        }
      ],
      "part_visibility": [
        {
          "*": true
        },
        {
          "arms": "!(query.is_casting || query.is_celebrating)"
        },
        {
          "leftarm": "query.is_casting || query.is_celebrating"
        },
        {
          "rightarm": "query.is_casting || query.is_celebrating"
        }
      ],
      "textures": [
        "Array.Xskins[variable.Xvar]"
      ],
      "arrays": {
        "textures": {
          "Array.Xskins": [
            "Texture.default",
            "Texture.default2",
            "Texture.default3",
            "Texture.default4"
          ]
        }
      }
    }
  }
}
