{
  "format_version": "1.8.0",
  "render_controllers": {
    "controller.render.glare": {
      "arrays": {
          "textures": {
            "array.skins": [
              "texture.default2",
              "texture.nectar2",
              "texture.angry2",
              "texture.angry_nectar2"
            ]
          }
      },
      "geometry": "Geometry.default",
      "materials": [ { "*": "Material.default" } ],
      "textures": [ "array.skins[query.is_powered + query.is_angry * 2]" ],
      "ignore_lighting": true
    },
    "controller.render.bloom": {
      "arrays": {
          "textures": {
            "array.skins": [
              "texture.default3",
              "texture.nectar3",
              "texture.angry3",
              "texture.angry_nectar3"
            ]
          }
      },
      "geometry": "Geometry.default",
      "materials": [ { "*": "Material.default" } ],
      "textures": [ "array.skins[query.is_powered + query.is_angry * 2]" ],
      "ignore_lighting": true
    },
    "controller.render.monsoon": {
      "arrays": {
          "textures": {
            "array.skins": [
              "texture.default4",
              "texture.nectar4",
              "texture.angry4",
              "texture.angry_nectar4"
            ]
          }
      },
      "geometry": "Geometry.default",
      "materials": [ { "*": "Material.default" } ],
      "textures": [ "array.skins[query.is_powered + query.is_angry * 2]" ],
      "ignore_lighting": true
    },
    "controller.render.scowl": {
      "arrays": {
          "textures": {
            "array.skins": [
              "texture.default5",
              "texture.nectar5",
              "texture.angry5",
              "texture.angry_nectar5"
            ]
          }
      },
      "geometry": "Geometry.default",
      "materials": [ { "*": "Material.default" } ],
      "textures": [ "array.skins[query.is_powered + query.is_angry * 2]" ],
      "ignore_lighting": true
    },
    "controller.render.chill": {
      "arrays": {
          "textures": {
            "array.skins": [
              "texture.default6",
              "texture.nectar6",
              "texture.angry6",
              "texture.angry_nectar6"
            ]
          }
      },
      "geometry": "Geometry.default",
      "materials": [ { "*": "Material.default" } ],
      "textures": [ "array.skins[query.is_powered + query.is_angry * 2]" ],
      "ignore_lighting": true
    },
    "controller.render.frostle": {
      "arrays": {
          "textures": {
            "array.skins": [
              "texture.default7",
              "texture.nectar7",
              "texture.angry7",
              "texture.angry_nectar7"
            ]
          }
      },
      "geometry": "Geometry.default",
      "materials": [ { "*": "Material.default" } ],
      "textures": [ "array.skins[query.is_powered + query.is_angry * 2]" ],
      "ignore_lighting": true
    },
    "controller.render.scare": {
      "arrays": {
          "textures": {
            "array.skins": [
              "texture.default8",
              "texture.nectar8",
              "texture.angry8",
              "texture.angry_nectar8"
            ]
          }
      },
      "geometry": "Geometry.default",
      "materials": [ { "*": "Material.default" } ],
      "textures": [ "array.skins[query.is_powered + query.is_angry * 2]" ],
      "ignore_lighting": true
    },
    "controller.render.flare": {
      "arrays": {
          "textures": {
            "array.skins": [
              "texture.default9",
              "texture.nectar9",
              "texture.angry9",
              "texture.angry_nectar9"
            ]
          }
      },
      "geometry": "Geometry.default",
      "materials": [ { "*": "Material.default" } ],
      "textures": [ "array.skins[query.is_powered + query.is_angry * 2]" ],
      "ignore_lighting": true
    },
    "controller.render.voiding": {
      "arrays": {
          "textures": {
            "array.skins": [
              "texture.default10",
              "texture.nectar10",
              "texture.angry10",
              "texture.angry_nectar10"
            ]
          }
      },
      "geometry": "Geometry.default",
      "materials": [ { "*": "Material.default" } ],
      "textures": [ "array.skins[query.is_powered + query.is_angry * 2]" ],
      "ignore_lighting": true
    },
    "controller.render.festive_glare": {
      "arrays": {
          "textures": {
            "array.skins": [
              "texture.default11",
              "texture.nectar11",
              "texture.angry11",
              "texture.angry_nectar11"
            ]
          }
      },
      "geometry": "Geometry.default",
      "materials": [ { "*": "Material.default" } ],
      "textures": [ "array.skins[query.is_powered + query.is_angry * 2]" ],
      "ignore_lighting": true
    }
  }
}