{
	"format_version": "1.8.0",
	"render_controllers": {
		"controller.render.iron_golem": {
			"arrays": {
				"textures": {
					"Array.Xskins": [
						"Texture.default",
						"Texture.default2",
						"Texture.default3",
						"Texture.default4",
						"Texture.default5",
						"Texture.default6",
						"Texture.default7",
						"Texture.default8",
						"Texture.default9",
						"Texture.default10",
						"Texture.default11",
						"Texture.default12",
						"Texture.default13",
						"Texture.default14",
						"Texture.default15",
						"Texture.default16",
						"Texture.default17",
						"Texture.default18",
						"Texture.default19",
						"Texture.default20",
						"Texture.default21",
						"Texture.default22",
						"Texture.default23",
						"Texture.default24",
						"Texture.default25",
						"Texture.default26",
						"Texture.default27"
					]
				}
			},
			"geometry": "Geometry.default",
			"materials": [
				{
					"*": "Material.default"
				}
			],
			"textures": [
				"query.is_name_any('Diamond Golem') ? Texture.default2 : query.is_name_any('Gold Golem') ? Texture.default3 : query.is_name_any('Bling Golem') ? Texture.default4 : query.is_name_any('Copper Golem') ? Texture.default5 : query.is_name_any('Emerald Golem') ? Texture.default6 : query.is_name_any('Furnace Golem') ? Texture.default7 : query.is_name_any('Gold Pig') ? Texture.default8 : query.is_name_any('Amethyst Geode Golem') ? Texture.default9 : query.is_name_any('Ruby Geode Golem') ? Texture.default10 : query.is_name_any('Serpentine Geode Golem') ? Texture.default11: query.is_name_any('Boarbarian') ? Texture.default12 : query.is_name_any('Crimson Boarbarian') ? Texture.default13 : query.is_name_any('Warped Boarbarian') ? Texture.default14 : query.is_name_any('Boarbarian Brute') ? Texture.default15 : query.is_name_any('Boarbarian Chieftain') ? Texture.default16 : query.is_name_any('Zombified Boarbarian') ? Texture.default17 : query.is_name_any('Zombified Crimson Boarbarian') ? Texture.default18 : query.is_name_any('Zombified Warped Boarbarian') ? Texture.default19 : query.is_name_any('Zombified Boarbarian Brute') ? Texture.default20 : query.is_name_any('Zombified Boarbarian Chieftain') ? Texture.default21 : Array.Xskins[variable.Xvar]"
			]
		}
	}
}