{
  "format_version": "1.8.0",
  "render_controllers": {
    "controller.render.ocelot": {
      "arrays": {
        "textures": {
          "Array.skins": [ "Texture.wild", "Texture.black", "Texture.red", "Texture.siamese" ]
        }
      },
      "geometry": "Geometry.default",
      "materials": [ { "*": "Material.default" } ],
      "textures": [ "query.is_name_any('The Great Hunger') ? Texture.great : query.is_name_any('The Dripstone Hunger') ? Texture.dripstone : query.is_name_any('The Rooted Hunger') ? Texture.rooted : query.is_name_any('The Sandy Hunger') ? Texture.sandy : query.is_name_any('The Amethyst Hunger') ? Texture.amethyst : Array.skins[query.variant]" ]
    }
  }
}
