{
  "format_version": "1.8.0",
  "render_controllers": {
    "controller.render.pillager": {
      "geometry": "Geometry.default",
      "materials": [
        {
          "*": "Material.default"
        }
      ],
      "textures": [
        "query.is_name_any('Phill') ? Texture.default19 : query.is_name_any('Phill 1') ? Texture.default20 : query.is_name_any('Elf') ? Texture.default21 : query.is_name_any('Chillager') ? Texture.default22 : Array.Xskins[variable.Xvar]"
      ],
      "arrays": {
        "textures": {
          "Array.Xskins": [
            "Texture.default",
            "Texture.default2",
            "Texture.default3",
            "Texture.default4",
            "Texture.default5",
            "Texture.default6",
            "Texture.default7",
            "Texture.default8",
            "Texture.default9",
            "Texture.default10",
            "Texture.default11",
            "Texture.default12",
            "Texture.default13",
            "Texture.default14",
            "Texture.default15",
            "Texture.default16",
            "Texture.default17",
            "Texture.default18"
          ]
        }
      }
    }
  }
}
