{
  "format_version": "1.8.0",
  "render_controllers": {
    "controller.render.witch.v1.0": {
      "geometry": "Geometry.default",
      "materials": [
        {
          "*": "Material.default"
        }
      ],
      "part_visibility": [
        {
          "*": false,
          "head": true,
          "nose": true,
          "body": true,
          "arms": true,
          "leg0": true,
          "leg1": true,
          "hat": true,
          "hat2": true,
          "hat3": true,
          "hat4": true
        }
      ],
      "textures": [
        "Texture.default"
      ]
    },
    "controller.render.witch": {
      "geometry": "Geometry.default",
      "materials": [
        {
          "*": "Material.default"
        }
      ],
      "textures": [
        "Array.Xskins[variable.Xvar]"
      ],
      "arrays": {
        "textures": {
          "Array.Xskins": [
            "Texture.default",
            "Texture.default2",
            "Texture.default3",
            "Texture.default4",
            "Texture.default5",
            "Texture.default6",
            "Texture.default7",
            "Texture.default8",
            "Texture.default9",
            "Texture.default10",
            "Texture.default11",
            "Texture.default12",
            "Texture.default13",
            "Texture.default14",
            "Texture.default15",
            "Texture.default16",
            "Texture.default17",
            "Texture.default18", 
            "Texture.default19",
            "Texture.default20",
            "Texture.default21",
            "Texture.default22",
            "Texture.default23",
            "Texture.default24",
            "Texture.default25"
          ]
        }
      }
    }
  }
}
