{
  "format_version": "1.8.0",
  "render_controllers": {
    "controller.render.tumba0": {
      "arrays": {
        "geometries": {
          "array.geos": [
            "geometry.default",
            "geometry.var2",
            "geometry.var3",
            "geometry.var4",
            "geometry.var5",
            "geometry.var6",
            "geometry.var7",
            "geometry.var8",
            "geometry.var9",
            "geometry.var10",
            "geometry.var11"
          ]
        },
        "textures": {
          "array.skins": [
            "Texture.default",
            "Texture.var2",
            "Texture.var3",
            "Texture.var4",
            "Texture.var5",
            "Texture.var6",
            "Texture.var7",
            "Texture.var8",
            "Texture.var9",
            "Texture.var10",
            "Texture.var11"
          ]
        }
      },
      "geometry": "Array.geos[query.variant]",
      "materials": [ { "*": "Material.default" } ],
      "textures": [ "Array.skins[query.variant]" ]
    }
  }
}
