{
	"format_version": "1.16.100",
	"minecraft:block": {
		"description": {
			"identifier": "snf:straw_nest"
		},
		"components": {
			"minecraft:creative_category": {
				"category": "nature"
			},
			"minecraft:material_instances": {
				"*": {
					"render_method": "alpha_test",
					"texture": "snf_straw_nest"
				}
			},
			"minecraft:destroy_time": 0.2,
			"minecraft:block_light_absorption": 0,
			"minecraft:entity_collision": {
				"origin": [
					-8,
					0,
					-8
				],
				"size": [
					16,
					3,
					16
				]
			},
			"minecraft:pick_collision": {
				"origin": [
					-8,
					0,
					-8
				],
				"size": [
					16,
					3,
					16
				]
			},
			"minecraft:geometry": "geometry.straw_nest"
		},
		"events": {}
	}
}