{
	"format_version": "1.13.0",
	"minecraft:feature_rules": {
		"description": {
			"identifier": "snf:extremehills_nest_feature_rules",
			"places_feature": "snf:extremehills_nest"
		},
		"conditions": {
			"placement_pass": "surface_pass",
			"minecraft:biome_filter": {
				"any_of": [
					{
						"test": "has_biome_tag",
						"operator": "==",
						"value": "extreme_hills"
					}
				]
			}
		},
		"distribution": {
			"iterations": 1,
			"scatter_chance": {
				"numerator": 1,
				"denominator": 16
			},
			"x": {
				"extent": [
					0,
					16
				],
				"distribution": "uniform"
			},
			"y": "query.heightmap(variable.worldx,variable.worldz) + -1",
			"z": {
				"extent": [
					0,
					16
				],
				"distribution": "uniform"
			}
		}
	}
}