{
  "format_version": "1.13.0",
  "minecraft:entity": {
    "description": {
      "identifier": "new:tumba",
      "is_spawnable": false,
      "is_summonable": true,
      "is_experimental": false,
      "scripts": {
        "animate": [
          "drop",
          "tp_item"
        ]
      },
      "animations": {
        "drop": "controller.animation.drop",
        "tp_item": "controller.animation.tp_item"
      }
    },
    "component_groups":{
      "death": {
        "minecraft:is_stackable": {},
        "minecraft:health": {
          "value": 0,
          "max": 0,
          "min": 0
        }
      },
      "pickup_item_timer": {
        "minecraft:timer": {
          "time": 2.2,
          "time_down_event": {
            "event": "new:stop_pickup_item"
          }
        },
        "minecraft:behavior.pickup_items": {
          "priority": 0,
          "max_dist": 10,
          "goal_radius": 10,
          "speed_multiplier": 0
        },
        "minecraft:item_hopper": {},
        "minecraft:collision_box": {
          "width": 4,
          "height": 4
        }
      },
      "not_pickup_item": {
        "minecraft:collision_box": {
          "width": 1,
          "height": 0.5
        }
      }
    },
    "components": {
      "minecraft:is_chested": {},
      "minecraft:inventory": {
        "container_type": "inventory",
        "inventory_size": 48,
        "private": true
      },
      "minecraft:nameable": {
        "always_show": true
      },
      
      "minecraft:damage_sensor": {
        "triggers": [
          {
            "on_damage": {
            },
            "deals_damage": false
          }
        ]
      },
      "minecraft:knockback_resistance": {
        "value": 100
      },
      "minecraft:health": {
        "value": 1,
        "max": 1,
        "min": 1
      },
      "minecraft:pushable": {
        "is_pushable": false,
        "is_pushable_by_piston": true
      },
      "minecraft:physics": {
        "has_collision": false,
        "has_gravity": false
      }
    },
    "events": {
      "minecraft:entity_spawned": {
        "sequence":[
          {
            "filters":{
              "all_of":[
                {
                  "test": "in_lava",
                  "subject": "self",
                  "operator": "==",
                  "value": true
                }
              ]
            },
            "run_command": {
              "command": [
                "fill ~-1~-1~-1 ~1~3~1 dirt 0"
              ]
            }
          },
          {
            "filters":{
              "all_of":[
                {
                  "test": "has_biome_tag",
                  "subject": "self",
                  "operator": "!=",
                  "value": "nether"
                },
                {
                  "test": "has_biome_tag",
                  "subject": "self",
                  "operator": "!=",
                  "value": "jungle"
                },
                {
                  "test": "has_biome_tag",
                  "subject": "self",
                  "operator": "!=",
                  "value": "desert"
                },
                {
                  "test": "in_water",
                  "subject": "self",
                  "operator": "==",
                  "value": false
                },
                {
                  "test": "is_underwater",
                  "subject": "self",
                  "operator": "==",
                  "value": false
                }
              ]
            },
            "randomize":[
              {
                "weight": 1,
                "run_command":{
                  "command":[
                    "setblock ~~~ new:tumba 0"
                  ]
                }
              },
              {
                "weight": 1,
                "run_command":{
                  "command":[
                    "setblock ~~~ new:tumba3 0"
                  ]
                }
              },
              {
                "weight": 1,
                "run_command":{
                  "command":[
                    "setblock ~~~ new:tumba5 0"
                  ]
                }
              },
              {
                "weight": 1,
                "run_command":{
                  "command":[
                    "setblock ~~~ new:tumba6 0"
                  ]
                }
              },
              {
                "weight": 1,
                "run_command":{
                  "command":[
                    "setblock ~~~ new:tumba7 0"
                  ]
                }
              }
            ]
          },
          {
            "filters":{
              "all_of":[
                {
                  "test": "has_biome_tag",
                  "subject": "self",
                  "operator": "==",
                  "value": "jungle"
                }
              ]
            },
            "randomize":[
              {
                "weight": 1,
                "run_command":{
                  "command":[
                    "setblock ~~~ new:tumba2 0"
                  ]
                }
              },
              {
                "weight": 1,
                "run_command":{
                  "command":[
                    "setblock ~~~ new:tumba4 0"
                  ]
                }
              }
            ]
          },
          {
            "filters":{
              "any_of":[
                {
                  "test": "in_water",
                  "subject": "self",
                  "operator": "==",
                  "value": true
                },
                {
                  "test": "is_underwater",
                  "subject": "self",
                  "operator": "==",
                  "value": true
                }
              ]
            },
            "run_command":{
              "command":[
                "setblock ~~~ new:tumba10 0"
              ]
            }
          },
          {
            "filters":{
              "all_of":[
                {
                  "test": "has_biome_tag",
                  "subject": "self",
                  "operator": "==",
                  "value": "nether"
                }
              ]
            },
            "run_command":{
              "command":[
                "setblock ~~~ new:tumba1 0"
              ]
            }
          },
          {
            "filters":{
              "all_of":[
                {
                  "test": "has_biome_tag",
                  "subject": "self",
                  "operator": "==",
                  "value": "desert"
                }
              ]
            },
            "run_command":{
              "command":[
                "setblock ~~~ new:tumba8 0"
              ]
            }
          },
          {
            "add": {
              "component_groups": [
                "pickup_item_timer"
              ]
            }
          },
          {
            "run_command": {
              "command": [
                "tickingarea add ~~-1~ ~1~1~1",
                "setblock ~~1~ air 0"
              ]
            }
          }
        ]
},
"new:entity_death": {
  "sequence":[
    {
      "filters":{
        "test": "is_difficulty",
        "operator":"==",
        "value": "hard"
      },
      "randomize":[
        {
          "weight": 10,
          "run_command":{
            "command":[
              "summon zombie ~~~"
            ]
          }
        },
        {
          "weight": 10,
          "run_command":{
            "command":[
              "summon skeleton ~~~"
            ]
          }
        },
        {
          "weight":80,
          "add":{}
        }
      ]
    },
    {
      "run_command": {
        "command": [
          "tickingarea remove ~~~",
          "setblock ~~~ air 0 destroy",
          "summon new:tumba_loot ~~~"
        ]
      },
      "add": {
        "component_groups": [
          "death"
        ]
      }
    }
  ]
},
"new:stop_pickup_item": {
  "add": {
    "component_groups": [
      "not_pickup_item"
    ]
  },
  "remove": {
    "component_groups": [
      "pickup_item_timer"
    ]
  }
}
}
}
}
