{
	"format_version": "1.8.0",
	"geometry.pig.v1.8": {
		"texturewidth": 64,
		"textureheight": 32,
		"visible_bounds_width": 3,
		"visible_bounds_height": 3.25,
		"visible_bounds_offset": [0, 1.375, 0],
		"bones": [
			{
				"name": "body",
				"pivot": [0, 13, 2],
				"cubes": [
					{"origin": [-5, 7, -5], "size": [10, 16, 8], "uv": [28, 8]}
				]
			},
			{
				"name": "head",
				"parent": "body",
				"pivot": [0, 12, -6],
				"cubes": [
					{"origin": [-4, 8, -14], "size": [8, 8, 8], "uv": [0, 0]},
					{"origin": [-2, 8.375, -15], "size": [4, 3, 1], "uv": [16, 16]}
				],
				"locators": {
					"lead": [0, 14, -6]
				}
			},
			{
				"name": "leg0",
				"parent": "body",
				"pivot": [-3, 6, 7],
				"cubes": [
					{"origin": [-5, 0, 5], "size": [4, 6, 4], "uv": [0, 16]}
				]
			},
			{
				"name": "leg1",
				"parent": "body",
				"pivot": [3, 6, 7],
				"mirror": true,
				"cubes": [
					{"origin": [1, 0, 5], "size": [4, 6, 4], "uv": [0, 16]}
				]
			},
			{
				"name": "leg2",
				"parent": "body",
				"pivot": [-3, 6, -5],
				"cubes": [
					{"origin": [-5, 0, -7], "size": [4, 6, 4], "uv": [0, 16]}
				]
			},
			{
				"name": "leg3",
				"parent": "body",
				"pivot": [3, 6, -5],
				"mirror": true,
				"cubes": [
					{"origin": [1, 0, -7], "size": [4, 6, 4], "uv": [0, 16]}
				]
			},
			{
				"name": "bone",
				"pivot": [0, 12.25, 34.75],
				"rotation": [92.5, 0, 0]
			}
		]
	}
}