{
    "format_version": "1.17.0",
    "minecraft:recipe_shaped": {
      "description": {
      "identifier": "mcpack:copper_golem_item"
      },
  
      
      "tags": [ "crafting_table" ],
      "pattern": [
        "X",
        "Y",
        "#"
      ],
      "key": {
        "#": {
          "item": "minecraft:copper_block"
        },
        "Y": {
          "item": "minecraft:carved_pumpkin"
        },
        "X": {
            "item": "minecraft:lightning_rod"
          }
      },
      "result": {
        "item": "mcpack:copper_golem_item"
      }
    }
  }
  