{
  "format_version": "1.12",
  "minecraft:recipe_shaped": {
    "description": {
    "identifier": "tim:furniture_stone"
    },

    
    "tags": [ "crafting_table" ],
    "group": "furniture",
    "pattern": [
      "###",
      "#X#",
      "###"
    ],
    "key": {
      "X": {
        "item": "minecraft:iron_ingot"
      },
      "#": {
        "item": "minecraft:cobblestone"
      }
    },
    "result": {
      "item": "tim:furniture_stone",
      "count": 8
    }
  }
}
