{
    "format_version": "1.17.0",
    "minecraft:block": {
      "description": {
        "identifier": "mcpack:copper_golem_statue0",
        "is_experimental": false,
        "register_to_creative_menu": true,
        "category": "construction",
        "properties": {
          "mcpack:rotation": [2, 3, 4, 5]
        }
      },
      "components": {
        "tag:statue":{},
        "minecraft:rotation": [0,0,0],
        "minecraft:creative_category": {
          "category": "construction"
        },
        "minecraft:block_light_emission": 0.0,
			  "minecraft:block_light_absorption": 0,
        "minecraft:display_name":"statue.name",
        "minecraft:geometry":"geometry.copper_golem",
        "minecraft:destroy_time": 2.0,
        "minecraft:friction": 0.7,
        "minecraft:explosion_resistance": 1.0,
        "minecraft:entity_collision": {
          "origin": [-6, 0, -6],
          "size": [12, 16, 12]
        },
        "minecraft:pick_collision": {
          "origin": [-6, 0, -6],
          "size": [12, 16, 12]
        },
        "minecraft:material_instances": {
          "*": {
            "texture": "copper_golem_c",
            "render_method": "alpha_test"
          }
        },
        "minecraft:placement_filter": {
          "conditions": [
            {
              "allowed_faces": ["up"],
              "block_filter": [
                {
                  "tags": "!query.any_tag('statue')"
                }
              ]
            }
          ]
        },
        "minecraft:on_player_placing": {
          "event": "mcpack:set_rotation"
        },
        "minecraft:on_placed": {
          "event": "spawn_entity"
        }

      },
      "events": {
        "mcpack:set_rotation": {
            "set_block_property": {
                "mcpack:rotation": "(query.cardinal_facing_2d)"
            }
        },
        "spawn_entity":{
          "run_command":{
            "command": ["summon mcpack:copper_golem_statue_entity ~ ~ ~"]
          }  
        }
    },
    "permutations": [
      {
      "condition": "query.block_property('mcpack:rotation') == 2",
      "components": {
        "minecraft:rotation": [0, 0, 0]
      }
    },
    {
      "condition": "query.block_property('mcpack:rotation') == 3",
      "components": {
        "minecraft:rotation": [0, 180, 0]
      }
    },
    {
      "condition": "query.block_property('mcpack:rotation') == 4",
      "components": {
        "minecraft:rotation": [0, 90, 0]
      }
    },
    {
      "condition": "query.block_property('mcpack:rotation') == 5",
      "components": {
        "minecraft:rotation": [0, 270, 0]
      }
    }
  ]
      
    }
  }