{
  "format_version": "1.8.0",
  "minecraft:entity": {
    "description": {
      "identifier": "tim:bancademadera",
      "is_spawnable": true,
      "is_summonable": true,
      "is_experimental": false
    },
    "component_groups": {
      "minecraft:bancademadera_1": {
      "minecraft:variant": { "value": 0 
        }
      },
      "minecraft:bancademadera_2": {
      "minecraft:variant": { "value": 1  
       }
      },
      "minecraft:bancademadera_3": {
      "minecraft:variant": { "value": 2
        }
      },
      "minecraft:bancademadera_4": {
      "minecraft:variant": { "value": 3
        }
      },
      "minecraft:bancademadera_5": {
      "minecraft:variant": { "value": 4
        }
      },
      "minecraft:bancademadera_6": {
        "minecraft:variant": { "value": 5             }
        }
      },
    
    "components": {
      "minecraft:type_family": {
        "family": [ "bancademadera" ]
      },
      "minecraft:breathable": {
        "totalSupply": 1,
        "suffocateTime": 0
      },
        "minecraft:scale": {
          "value": 1.0
        },
        "minecraft:loot": {
          "table": "loot_tables/entities/furniture.json"
        },
      "minecraft:collision_box": {
        "width": 1.0,
        "height": 1.0
      },
      "minecraft:health": {
        "value": 1,
        "max": 1
      },

	  "minecraft:rideable": {
        "priority": 0,
		"seat_count": 2,
		"crouching_skip_interact": true,
		"interact_text": "sit",
        "family_types": [
          "player",
		  "zombie"
        ],
        "seats": [
          {
        "position": [ -0.6, 0.5, -0.3],
            "min_rider_count": 0,
            "max_rider_count": 0
          }, 
          {
        "position": [ 0.7, 0.5, -0.3],
            "min_rider_count": 2,
            "max_rider_count": 2
          }
        ]
      }, 
      "minecraft:nameable": {
      },
      "minecraft:behavior.beg": {
        "priority": 1,
        "look_distance": 3,
        "items": [ "stick"]
      },
      "minecraft:physics": {
    },
      "minecraft:pushable": {
        "is_pushable": false,
        "is_pushable_by_piston": true
      }
    },
    "events": {
      "minecraft:entity_spawned": {
        "randomize": [
          {
            "weight": 16,
            "add": {
              "component_groups": [
                "minecraft:bancademadera_1"
              ]
            }
          },
          {
            "weight": 16,
            "add": {
              "component_groups": [
                "minecraft:bancademadera_2"
              ]
            }
          },
          {
            "weight": 16,
            "add": {
              "component_groups": [
                "minecraft:bancademadera_3"

              ]
            }
          },
          {
            "weight": 16,
            "add": {
              "component_groups": [
                "minecraft:bancademadera_4"

              ]
            }
          },
          {
            "weight": 16,
            "add": {
              "component_groups": [
                "minecraft:bancademadera_5"

              ]
            }
          },
          {
            "weight": 16,
            "add": {
              "component_groups": [
                "minecraft:bancademadera_6"
              ]
            }
          }
        ]
      },

      "minecraft:on_tame": {
        "remove": {
          "component_groups": [
            "minecraft:bancademadera_1"
          ]
        },
        "add": {
          "component_groups": [
            "minecraft:bancademadera"
          ]
        }
      }
    }
  }
}
