{
  "format_version": "1.14.0",
  "minecraft:entity": {
    "description": {
      "identifier": "tim:botedebasura",
      "is_spawnable": true,
      "is_summonable": true,
      "is_experimental": false
    }, 
    "component_groups": {
      "minecraft:botedebasura_normal": {
	  "minecraft:inventory": {
        "inventory_size": 27,
        "container_type": "container", 
        "private": false
      },  
      "minecraft:variant": { "value": 0 
        }
      },
      "minecraft:botedebasura_trash": {
      "minecraft:timer": {
          "looping": false,
          "time": 1,
          "time_down_event": {
            "event": "minecraft:normal_mode"
          }
      },
      "minecraft:variant": { "value": 1  
          }
        }
      },
    
    "components": {
      "minecraft:type_family": {
        "family": [ "botedebasura" ]
      },
      "minecraft:breathable": {
        "totalSupply": 1,
        "suffocateTime": 0
      },
	  "minecraft:inventory": {
        "inventory_size": 27,
        "container_type": "container", 
        "private": false
      },  
        "minecraft:scale": {
          "value": 0.8
        },
        "minecraft:loot": {
          "table": "loot_tables/entities/furniture.json"
        },
      "minecraft:collision_box": {
        "width": 1.0,
        "height": 1.0
      },
      "minecraft:health": {
        "value": 1,
        "max": 1
      },
      "minecraft:behavior.beg": {
        "priority": 1,
        "look_distance": 3,
        "items": [ "stick"]
      },
	"minecraft:interact": {
    	"interactions": [
          {
            "cooldown": 0,
            "use_item": false,
            "hurt_item": 1,
            "play_sounds": "shear",
            "interact_text": "action.interact.removegarbage",
            "on_interact": {
              "filters": {
                "all_of": [
                  { "test": "has_equipment", "subject": "other", "domain": "hand", "value": "stick"}
                ]
              },
              "event": "minecraft:trash_mode",
              "target": "self"
            }
          }
        ]
      }, 
      "minecraft:nameable": {
      },
      "minecraft:physics": {
    },
      "minecraft:pushable": {
        "is_pushable": false,
        "is_pushable_by_piston": true
      } 
    },
    "events": {
      "minecraft:entity_spawned": {
        "randomize": [
          { 
            "weight": 33.3,
            "add": {
              "component_groups": [
                "minecraft:botedebasura_normal"
              ]
            }
          },
          { 
            "weight": 33.3,
            "add": {
              "component_groups": [
                "minecraft:botedebasura_normal"
              ]
            }
          },
          {
            "weight": 33.3,
            "add": {
              "component_groups": [
                "minecraft:botedebasura_normal"
              ]
            }
          }
        ]
      },
      "minecraft:normal_mode": {
        "remove": {
          "component_groups": [
            "minecraft:botedebasura_trash"
          ]
        },
        "add": {
          "component_groups": [
            "minecraft:botedebasura_normal"
          ]
        }
      },
      "minecraft:trash_mode": {
        "remove": {
          "component_groups": [
            "minecraft:botedebasura_normal"
          ]
        },
        "add": {
          "component_groups": [
            "minecraft:botedebasura_trash"
          ]
        }
      }
    }
  }
}
