{
  "format_version": "1.8.0",
  "minecraft:entity": {
    "description": {
      "identifier": "tim:centrodemesa2",
      "is_spawnable": true,
      "is_summonable": true,
      "is_experimental": false
    },
    "component_groups": {
      "minecraft:centrodemesa_1": {
      "minecraft:variant": { "value": 0 
        }
      },
      "minecraft:centrodemesa_2": {
      "minecraft:variant": { "value": 1  
       }
      },
      "minecraft:centrodemesa_3": {
      "minecraft:variant": { "value": 2
        }
      },
      "minecraft:centrodemesa_4": {
      "minecraft:variant": { "value": 3
        }
      },
      "minecraft:centrodemesa_5": {
      "minecraft:variant": { "value": 4
        }
      },
      "minecraft:centrodemesa_6": {
      "minecraft:variant": { "value": 5
        }
      },
      "minecraft:centrodemesa_7": {
      "minecraft:variant": { "value": 6
        }
      },
      "minecraft:centrodemesa_8": {
      "minecraft:variant": { "value": 7
        }
      },
      "minecraft:centrodemesa_9": {
      "minecraft:variant": { "value": 8
        }
      },
      "minecraft:centrodemesa_10": {
      "minecraft:variant": { "value": 9
        }
      },
      "minecraft:centrodemesa_11": {
      "minecraft:variant": { "value": 10
        }
      },
      "minecraft:centrodemesa_12": {
      "minecraft:variant": { "value": 11
        }
      },
      "minecraft:centrodemesa_13": {
      "minecraft:variant": { "value": 12
        }
      },
      
      "minecraft:centrodemesa_14": {
      "minecraft:variant": { "value": 13
        }
      },
      "minecraft:centrodemesa_15": {
      "minecraft:variant": { "value": 14
        }
      },
      "minecraft:centrodemesa_16": {
        "minecraft:variant": { "value": 15             }
        }
      },
    
    "components": {
      "minecraft:type_family": {
        "family": [ "centrodemesa" ]
      },
        "minecraft:loot": {
          "table": "loot_tables/entities/furniture.json"
        },
      "minecraft:behavior.beg": {
        "priority": 1,
        "look_distance": 3,
        "items": [ "stick"]
      },
      "minecraft:breathable": {
        "totalSupply": 1,
        "suffocateTime": 0
      },

      "minecraft:collision_box": {
        "width": 1.2,
        "height": 1.0
      },
        "minecraft:scale": {
          "value": 0.5
        },
      "minecraft:health": {
        "value": 1,
        "max": 1
      },

      "minecraft:nameable": {
      },
      "minecraft:physics": {
    },
      "minecraft:pushable": {
        "is_pushable": false,
        "is_pushable_by_piston": true
      }
    },

    "events": {
      "minecraft:entity_spawned": {
        "randomize": [
          {
            "weight": 6,
            "add": {
              "component_groups": [
                "minecraft:centrodemesa_1"
              ]
            }
          },
          {
            "weight": 6,
            "add": {
              "component_groups": [
                "minecraft:centrodemesa_2"
              ]
            }
          },
          {
            "weight": 6,
            "add": {
              "component_groups": [
                "minecraft:centrodemesa_3"

              ]
            }
          },
          {
            "weight": 6,
            "add": {
              "component_groups": [
                "minecraft:centrodemesa_4"

              ]
            }
          },
          {
            "weight": 6,
            "add": {
              "component_groups": [
                "minecraft:centrodemesa_5"

              ]
            }
          },
          {
            "weight": 6,
            "add": {
              "component_groups": [
                "minecraft:centrodemesa_6"

              ]
            }
          },
          {
            "weight": 6,
            "add": {
              "component_groups": [
                "minecraft:centrodemesa_7"

              ]
            }
          },
          {
            "weight": 6,
            "add": {
              "component_groups": [
                "minecraft:centrodemesa_8"

              ]
            }
          },
          {
            "weight": 6,
            "add": {
              "component_groups": [
                "minecraft:centrodemesa_9"

              ]
            }
          },
          {
            "weight": 6,
            "add": {
              "component_groups": [
                "minecraft:centrodemesa_10"

              ]
            }
          },
          {
            "weight": 6,
            "add": {
              "component_groups": [
                "minecraft:centrodemesa_11"

              ]
            }
          },
          {
            "weight": 6,
            "add": {
              "component_groups": [
                "minecraft:centrodemesa_12"

              ]
            }
          },
          {
            "weight": 6,
            "add": {
              "component_groups": [
                "minecraft:centrodemesa_13"

              ]
            }
          },
          {
            "weight": 6,
            "add": {
              "component_groups": [
                "minecraft:centrodemesa_14"

              ]
            }
          },
          {
            "weight": 6,
            "add": {
              "component_groups": [
                "minecraft:centrodemesa_15"

              ]
            }
          },
          {
            "weight": 6,
            "add": {
              "component_groups": [
                "minecraft:centrodemesa_16"
              ]
            }
          }
        ]
      },

      "minecraft:on_tame": {
        "remove": {
          "component_groups": [
            "minecraft:centrodemesa_1"
          ]
        },
        "add": {
          "component_groups": [
            "minecraft:centrodemesa"
          ]
        }
      }
    }
  }
}
