{
  "format_version": "1.8.0",
  "minecraft:entity": {
    "description": {
      "identifier": "tim:chair_4",
      "is_spawnable": true,
      "is_summonable": true,
      "is_experimental": false
    },
    "component_groups": {
      "minecraft:chair_1": {
      "minecraft:variant": { "value": 0 
        }
      },
      "minecraft:chair_2": {
      "minecraft:variant": { "value": 1  
       }
      },
      "minecraft:chair_3": {
      "minecraft:variant": { "value": 2
        }
      },
      "minecraft:chair_4": {
      "minecraft:variant": { "value": 3
        }
      },
      "minecraft:chair_5": {
      "minecraft:variant": { "value": 4
        }
      },
      "minecraft:chair_6": {
      "minecraft:variant": { "value": 5
        }
      },
      "minecraft:chair_7": {
      "minecraft:variant": { "value": 6
        }
      },
      "minecraft:chair_8": {
      "minecraft:variant": { "value": 7
        }
      },
      "minecraft:chair_9": {
      "minecraft:variant": { "value": 8
        }
      },
      "minecraft:chair_10": {
      "minecraft:variant": { "value": 9
        }
      },
      "minecraft:chair_11": {
      "minecraft:variant": { "value": 10
        }
      },
      "minecraft:chair_12": {
      "minecraft:variant": { "value": 11
        }
      },
      "minecraft:chair_13": {
      "minecraft:variant": { "value": 12
        }
      },
      
      "minecraft:chair_14": {
      "minecraft:variant": { "value": 13
        }
      },
      "minecraft:chair_15": {
      "minecraft:variant": { "value": 14
        }
      },
      "minecraft:chair_16": {
        "minecraft:variant": { "value": 15             }
        }
      },
    
    "components": {
      "minecraft:type_family": {
        "family": [ "chair" ]
      },
      "minecraft:breathable": {
        "totalSupply": 1,
        "suffocateTime": 0
      },
        "minecraft:loot": {
          "table": "loot_tables/entities/furniture.json"
        },
      "minecraft:collision_box": {
        "width": 1.0,
        "height": 1.0
      },
      "minecraft:health": {
        "value": 1,
        "max": 1
      },
        "minecraft:scale": {
          "value": 0.7
        },
	  "minecraft:rideable": {
        "priority": 0,
		"seat_count": 1,
		"crouching_skip_interact": true,
		"interact_text": "sit",
        "family_types": [
          "player",
		  "zombie"
        ],
        "seats": [
          {
        "position": [ 0, 0.8, 0],
            "min_rider_count": 0,
            "max_rider_count": 0
          }
        ]
      },
      "minecraft:behavior.beg": {
        "priority": 1,
        "look_distance": 3,
        "items": [ "stick"]
      },
      "minecraft:nameable": {
      },
      "minecraft:physics": {
    },
      "minecraft:pushable": {
        "is_pushable": false,
        "is_pushable_by_piston": true
      }
    },

    "events": {
      "minecraft:entity_spawned": {
        "randomize": [
          {
            "weight": 6,
            "add": {
              "component_groups": [
                "minecraft:chair_1"
              ]
            }
          },
          {
            "weight": 6,
            "add": {
              "component_groups": [
                "minecraft:chair_2"
              ]
            }
          },
          {
            "weight": 6,
            "add": {
              "component_groups": [
                "minecraft:chair_3"

              ]
            }
          },
          {
            "weight": 6,
            "add": {
              "component_groups": [
                "minecraft:chair_4"

              ]
            }
          },
          {
            "weight": 6,
            "add": {
              "component_groups": [
                "minecraft:chair_5"

              ]
            }
          },
          {
            "weight": 6,
            "add": {
              "component_groups": [
                "minecraft:chair_6"

              ]
            }
          },
          {
            "weight": 6,
            "add": {
              "component_groups": [
                "minecraft:chair_7"

              ]
            }
          },
          {
            "weight": 6,
            "add": {
              "component_groups": [
                "minecraft:chair_8"

              ]
            }
          },
          {
            "weight": 6,
            "add": {
              "component_groups": [
                "minecraft:chair_9"

              ]
            }
          },
          {
            "weight": 6,
            "add": {
              "component_groups": [
                "minecraft:chair_10"

              ]
            }
          },
          {
            "weight": 6,
            "add": {
              "component_groups": [
                "minecraft:chair_11"

              ]
            }
          },
          {
            "weight": 6,
            "add": {
              "component_groups": [
                "minecraft:chair_12"

              ]
            }
          },
          {
            "weight": 6,
            "add": {
              "component_groups": [
                "minecraft:chair_13"

              ]
            }
          },
          {
            "weight": 6,
            "add": {
              "component_groups": [
                "minecraft:chair_14"

              ]
            }
          },
          {
            "weight": 6,
            "add": {
              "component_groups": [
                "minecraft:chair_15"

              ]
            }
          },
          {
            "weight": 6,
            "add": {
              "component_groups": [
                "minecraft:chair_16"
              ]
            }
          }
        ]
      },

      "minecraft:on_tame": {
        "remove": {
          "component_groups": [
            "minecraft:chair_1"
          ]
        },
        "add": {
          "component_groups": [
            "minecraft:chair"
          ]
        }
      }
    }
  }
}
