{
  "format_version": "1.8.0",
  "minecraft:entity": {
    "description": {
      "identifier": "tim:lamparadelava",
      "is_spawnable": true,
      "is_summonable": true,
      "is_experimental": false
    },
    "component_groups": {
      "minecraft:lamparadelava_1": {
      "minecraft:variant": { "value": 0 
        }
      },
      "minecraft:lamparadelava_2": {
      "minecraft:variant": { "value": 1
        }
      },
      "minecraft:lamparadelava_3": {
      "minecraft:variant": { "value": 2
        }
      },
      "minecraft:lamparadelava_4": {
      "minecraft:variant": { "value": 3
        }
      },
      "minecraft:lamparadelava_5": {
      "minecraft:variant": { "value": 4 
          }
        }
      },
    
    "components": {
      "minecraft:type_family": {
        "family": [ "lamparadelava" ]
      },
      "minecraft:breathable": {
        "totalSupply": 1,
        "suffocateTime": 0
      },
        "minecraft:scale": {
          "value": 0.6
        },
        "minecraft:loot": {
          "table": "loot_tables/entities/furniture.json"
        },
      "minecraft:collision_box": {
        "width": 1.0,
        "height": 1.0
      },
      "minecraft:health": {
        "value": 1,
        "max": 1
      },
      "minecraft:behavior.beg": {
        "priority": 1,
        "look_distance": 3,
        "items": [ "stick"]
      },

      "minecraft:nameable": {
      },
      "minecraft:physics": {
    },
      "minecraft:pushable": {
        "is_pushable": false,
        "is_pushable_by_piston": true
      }
    },

    "events": {
      "minecraft:entity_spawned": {
        "randomize": [
          { 
            "weight": 20,
            "add": {
              "component_groups": [
                "minecraft:lamparadelava_1"
              ]
            }
          },
          { 
            "weight": 20,
            "add": {
              "component_groups": [
                "minecraft:lamparadelava_2"
              ]
            }
          },
          { 
            "weight": 20,
            "add": {
              "component_groups": [
                "minecraft:lamparadelava_3"
              ]
            }
          },
          { 
            "weight": 20,
            "add": {
              "component_groups": [
                "minecraft:lamparadelava_4"
              ]
            }
          }, 
          {
            "weight": 20,
            "add": {
              "component_groups": [
                "minecraft:lamparadelava_5"
              ]
            }
          }
        ]
      },

      "minecraft:on_tame": {
        "remove": {
          "component_groups": [
            "minecraft:lamparadelava_1"
          ]
        },
        "add": {
          "component_groups": [
            "minecraft:lamparadelava"
          ]
        }
      }
    }
  }
}
