{
  "format_version": "1.8.0",
  "minecraft:entity": {
    "description": {
      "identifier": "tim:laptop",
      "is_spawnable": true,
      "is_summonable": true,
      "is_experimental": false
    },
    "component_groups": {
      "minecraft:laptop_1": {
      "minecraft:variant": { "value": 0 
        }
      },
      "minecraft:laptop_2": {
      "minecraft:variant": { "value": 1  
          }
        }
      },
    
    "components": {
      "minecraft:type_family": {
        "family": [ "laptop" ]
      },
      "minecraft:breathable": {
        "totalSupply": 1,
        "suffocateTime": 0
      },
        "minecraft:scale": {
          "value": 1.0
        },
        "minecraft:loot": {
          "table": "loot_tables/entities/furniture.json"
        },
      "minecraft:collision_box": {
        "width": 1.0,
        "height": 1.0
      },
      "minecraft:health": {
        "value": 1,
        "max": 1
      },
      "minecraft:behavior.beg": {
        "priority": 1,
        "look_distance": 3,
        "items": [ "stick"]
      },

      "minecraft:nameable": {
      },
      "minecraft:physics": {
    },
      "minecraft:pushable": {
        "is_pushable": false,
        "is_pushable_by_piston": true
      }
    },
    "events": {
      "minecraft:entity_spawned": {
        "randomize": [
          { 
            "weight": 33.3,
            "add": {
              "component_groups": [
                "minecraft:laptop_1"
              ]
            }
          },
          { 
            "weight": 33.3,
            "add": {
              "component_groups": [
                "minecraft:laptop_2"
              ]
            }
          },
          {
            "weight": 33.3,
            "add": {
              "component_groups": [
                "minecraft:laptop_3"
              ]
            }
          }
        ]
      },

      "minecraft:on_tame": {
        "remove": {
          "component_groups": [
            "minecraft:laptop_1"
          ]
        },
        "add": {
          "component_groups": [
            "minecraft:laptop"
          ]
        }
      }
    }
  }
}
