{
  "format_version": "1.8.0",
  "minecraft:entity": {
    "description": {
      "identifier": "tim:mesa1",
      "is_spawnable": true,
      "is_summonable": true,
      "is_experimental": false
    },
    "components": {
      "minecraft:type_family": {
        "family": [ "chair" ]
      },
      "minecraft:breathable": {
        "totalSupply": 1,
        "suffocateTime": 0
      },
        "minecraft:scale": {
          "value": 0.7
        },
      "minecraft:behavior.beg": {
        "priority": 1,
        "look_distance": 3,
        "items": [ "stick"]
      },
      "minecraft:collision_box": {
        "width": 1.0,
        "height": 1.0
      },
      "minecraft:health": {
        "value": 1,
        "max": 1
      },
        "minecraft:loot": {
          "table": "loot_tables/entities/furniture.json"
        },
	  "minecraft:rideable": {
        "priority": 0,
		"seat_count": 6,
		"crouching_skip_interact": true,
		"interact_text": "sit",
        "family_types": [
          "player",
		  "zombie"
        ],
        "seats": [
          {
        "position": [ 0.1, 1.1, -3],
            "min_rider_count": 0,
            "max_rider_count": 0
          },
          {
          "position": [0.1, 1.1, 3],
           "rotate_rider_by": -180,
            "min_rider_count": 2,
            "max_rider_count": 2
          },
          {
          "position": [-1.8, 1.1, 1.1],
           "rotate_rider_by": -90,
            "min_rider_count": 3,
            "max_rider_count": 3
          },
          {
          "position": [-1.8, 1.1, -1.3],
           "rotate_rider_by": -90,
            "min_rider_count": 4,
            "max_rider_count": 4
          },
          {
          "position": [2.1, 1.1, 1.1],
           "rotate_rider_by": 90,
            "min_rider_count": 5,
            "max_rider_count": 5
          },
          {
          "position": [2.1, 1.1, -1.3],
           "rotate_rider_by": 90,
            "min_rider_count": 6,
            "max_rider_count": 6
          }
        ]
      }, 
      "minecraft:nameable": {
      },
      "minecraft:physics": {
    },
      "minecraft:pushable": {
        "is_pushable": false,
        "is_pushable_by_piston": true
      }
    }, 

    "events": {

    }
  }
}
