{
  "format_version": "1.8.0",
  "minecraft:entity": {
    "description": {
      "identifier": "tim:mueble3",
      "is_spawnable": true,
      "is_summonable": true,
      "is_experimental": false
    },
    "components": {
      "minecraft:type_family": {
        "family": [ "furniture" ]
      },
      "minecraft:breathable": {
        "totalSupply": 1,
        "suffocateTime": 0
      },
        "minecraft:loot": {
          "table": "loot_tables/entities/furniture.json"
        },
      "minecraft:collision_box": {
        "width": 1.0,
        "height": 2.0
      },
      "minecraft:health": {
        "value": 1,
        "max": 1
      },
      "minecraft:behavior.beg": {
        "priority": 1,
        "look_distance": 3,
        "items": [ "stick"]
      },

      "minecraft:nameable": {
      },
      "minecraft:physics": {
    },
      "minecraft:pushable": {
        "is_pushable": false,
        "is_pushable_by_piston": true
      }
    },

    "events": {

    }
  }
}
