{
  "format_version": "1.8.0",
  "minecraft:entity": {
    "description": {
      "identifier": "tim:phone",
      "is_spawnable": true,
      "is_summonable": true,
      "is_experimental": false
    },
    "component_groups": {
      "minecraft:phone_1": {
      "minecraft:variant": { "value": 0 
        }
      },
      "minecraft:phone_2": {
      "minecraft:variant": { "value": 1  
       }
      },
      "minecraft:phone_3": {
      "minecraft:variant": { "value": 2
        }
      },
      "minecraft:phone_4": {
      "minecraft:variant": { "value": 3
        }
      },
      "minecraft:phone_5": {
      "minecraft:variant": { "value": 4
        }
      },
      "minecraft:phone_6": {
      "minecraft:variant": { "value": 5
        }
      },
      "minecraft:phone_7": {
      "minecraft:variant": { "value": 6
        }
      },
      "minecraft:phone_8": {
        "minecraft:variant": { "value": 7            }
        }
      },
    
    "components": {
      "minecraft:type_family": {
        "family": [ "phone" ]
      },
      "minecraft:breathable": {
        "totalSupply": 1,
        "suffocateTime": 0
      },
        "minecraft:scale": {
          "value": 0.4
        },
        "minecraft:loot": {
          "table": "loot_tables/entities/furniture.json"
        },
      "minecraft:collision_box": {
        "width": 1.0,
        "height": 1.0
      },
      "minecraft:health": {
        "value": 1,
        "max": 1
      },
      "minecraft:behavior.beg": {
        "priority": 1,
        "look_distance": 3,
        "items": [ "stick"]
      },

      "minecraft:nameable": {
      },
      "minecraft:physics": {
    },
      "minecraft:pushable": {
        "is_pushable": false,
        "is_pushable_by_piston": true
      }
    },

    "events": {
      "minecraft:entity_spawned": {
        "randomize": [
          {
            "weight": 12.5,
            "add": {
              "component_groups": [
                "minecraft:phone_1"
              ]
            }
          },
          {
            "weight": 12.5,
            "add": {
              "component_groups": [
                "minecraft:phone_2"
              ]
            }
          },
          {
            "weight": 12.5,
            "add": {
              "component_groups": [
                "minecraft:phone_3"

              ]
            }
          },
          {
            "weight": 12.5,
            "add": {
              "component_groups": [
                "minecraft:phone_4"

              ]
            }
          },
          {
            "weight": 12.5,
            "add": {
              "component_groups": [
                "minecraft:phone_5"

              ]
            }
          },
          {
            "weight": 12.5,
            "add": {
              "component_groups": [
                "minecraft:phone_6"

              ]
            }
          },
          {
            "weight": 12.5,
            "add": {
              "component_groups": [
                "minecraft:phone_7"

              ]
            }
          },
          {
            "weight": 12.5,
            "add": {
              "component_groups": [
                "minecraft:phone_8"
              ]
            }
          }
        ]
      },

      "minecraft:on_tame": {
        "remove": {
          "component_groups": [
            "minecraft:phone_1"
          ]
        },
        "add": {
          "component_groups": [
            "minecraft:phone"
          ]
        }
      }
    }
  }
}
