{
  "format_version": "1.8.0",
  "minecraft:entity": {
    "description": {
      "identifier": "tim:reloj",
      "is_spawnable": true,
      "is_summonable": true,
      "is_experimental": false
    },
    "component_groups": {
      "minecraft:reloj_1": {
      "minecraft:variant": { "value": 0 
        }
      },
      "minecraft:reloj_2": {
      "minecraft:variant": { "value": 1  
       }
      },
      "minecraft:reloj_3": {
      "minecraft:variant": { "value": 2
        }
      },
      "minecraft:reloj_4": {
      "minecraft:variant": { "value": 3
        }
      },
      "minecraft:reloj_5": {
      "minecraft:variant": { "value": 4
        }
      },
      "minecraft:reloj_6": {
      "minecraft:variant": { "value": 5
        }
      },
      "minecraft:reloj_7": {
      "minecraft:variant": { "value": 6
        }
      },
      "minecraft:reloj_8": {
      "minecraft:variant": { "value": 7
        }
      },
      "minecraft:reloj_9": {
      "minecraft:variant": { "value": 8
        }
      },
      "minecraft:reloj_10": {
      "minecraft:variant": { "value": 9
        }
      },
      "minecraft:reloj_11": {
      "minecraft:variant": { "value": 10
        }
      },
      "minecraft:reloj_12": {
      "minecraft:variant": { "value": 11
        }
      },
      "minecraft:reloj_13": {
      "minecraft:variant": { "value": 12
        }
      },
      
      "minecraft:reloj_14": {
      "minecraft:variant": { "value": 13
        }
      },
      "minecraft:reloj_15": {
      "minecraft:variant": { "value": 14
        }
      },
      "minecraft:reloj_16": {
        "minecraft:variant": { "value": 15             }
        }
      },
    
    "components": {
      "minecraft:type_family": {
        "family": [ "reloj" ]
      },
      "minecraft:breathable": {
        "totalSupply": 1,
        "suffocateTime": 0
      },
        "minecraft:loot": {
          "table": "loot_tables/entities/furniture.json"
        },
      "minecraft:collision_box": {
        "width": 1.0,
        "height": 1.0
      },
      "minecraft:health": {
        "value": 1,
        "max": 1
      },
       "minecraft:scale": {
          "value": 0.9
    },  
      "minecraft:behavior.beg": {
        "priority": 1,
        "look_distance": 3,
        "items": [ "stick"]
      },
      "minecraft:nameable": {
      },
      "minecraft:physics": {
    },
      "minecraft:pushable": {
        "is_pushable": false,
        "is_pushable_by_piston": true
      }
    },
    "events": {
      "minecraft:entity_spawned": {
        "randomize": [
          {
            "weight": 6,
            "add": {
              "component_groups": [
                "minecraft:reloj_1"
              ]
            }
          },
          {
            "weight": 6,
            "add": {
              "component_groups": [
                "minecraft:reloj_2"
              ]
            }
          },
          {
            "weight": 6,
            "add": {
              "component_groups": [
                "minecraft:reloj_3"

              ]
            }
          },
          {
            "weight": 6,
            "add": {
              "component_groups": [
                "minecraft:reloj_4"

              ]
            }
          },
          {
            "weight": 6,
            "add": {
              "component_groups": [
                "minecraft:reloj_5"

              ]
            }
          },
          {
            "weight": 6,
            "add": {
              "component_groups": [
                "minecraft:reloj_6"

              ]
            }
          },
          {
            "weight": 6,
            "add": {
              "component_groups": [
                "minecraft:reloj_7"

              ]
            }
          },
          {
            "weight": 6,
            "add": {
              "component_groups": [
                "minecraft:reloj_8"

              ]
            }
          },
          {
            "weight": 6,
            "add": {
              "component_groups": [
                "minecraft:reloj_9"

              ]
            }
          },
          {
            "weight": 6,
            "add": {
              "component_groups": [
                "minecraft:reloj_10"

              ]
            }
          },
          {
            "weight": 6,
            "add": {
              "component_groups": [
                "minecraft:reloj_11"

              ]
            }
          },
          {
            "weight": 6,
            "add": {
              "component_groups": [
                "minecraft:reloj_12"

              ]
            }
          },
          {
            "weight": 6,
            "add": {
              "component_groups": [
                "minecraft:reloj_13"

              ]
            }
          },
          {
            "weight": 6,
            "add": {
              "component_groups": [
                "minecraft:reloj_14"

              ]
            }
          },
          {
            "weight": 6,
            "add": {
              "component_groups": [
                "minecraft:reloj_15"

              ]
            }
          },
          {
            "weight": 6,
            "add": {
              "component_groups": [
                "minecraft:reloj_16"
              ]
            }
          }
        ]
      },

      "minecraft:on_tame": {
        "remove": {
          "component_groups": [
            "minecraft:reloj_1"
          ]
        },
        "add": {
          "component_groups": [
            "minecraft:reloj"
          ]
        }
      }
    }
  }
}
