{
  "format_version": "1.8.0",
  "minecraft:entity": {
    "description": {
      "identifier": "tim:sofa",
      "is_spawnable": true,
      "is_summonable": true,
      "is_experimental": false
    },
    "component_groups": {
      "minecraft:sofa_1": {
      "minecraft:variant": { "value": 0 
        }
      },
      "minecraft:sofa_2": {
      "minecraft:variant": { "value": 1  
       }
      },
      "minecraft:sofa_3": {
      "minecraft:variant": { "value": 2
        }
      },
      "minecraft:sofa_4": {
      "minecraft:variant": { "value": 3
        }
      },
      "minecraft:sofa_5": {
      "minecraft:variant": { "value": 4
        }
      },
      "minecraft:sofa_6": {
      "minecraft:variant": { "value": 5
        }
      },
      "minecraft:sofa_7": {
      "minecraft:variant": { "value": 6
        }
      },
      "minecraft:sofa_8": {
      "minecraft:variant": { "value": 7
        }
      },
      "minecraft:sofa_9": {
      "minecraft:variant": { "value": 8
        }
      },
      "minecraft:sofa_10": {
      "minecraft:variant": { "value": 9
        }
      },
      "minecraft:sofa_11": {
      "minecraft:variant": { "value": 10
        }
      },
      "minecraft:sofa_12": {
      "minecraft:variant": { "value": 11
        }
      },
      "minecraft:sofa_13": {
      "minecraft:variant": { "value": 12
        }
      },
      
      "minecraft:sofa_14": {
      "minecraft:variant": { "value": 13
        }
      },
      "minecraft:sofa_15": {
      "minecraft:variant": { "value": 14
        }
      },
      "minecraft:sofa_16": {
        "minecraft:variant": { "value": 15             }
        }
      },
    
    "components": {
      "minecraft:type_family": {
        "family": [ "sofa" ]
      },
      "minecraft:breathable": {
        "totalSupply": 1,
        "suffocateTime": 0
      },
      "minecraft:behavior.beg": {
        "priority": 1,
        "look_distance": 3,
        "items": [ "stick"]
      },
      "minecraft:collision_box": {
        "width": 1.2,
        "height": 1.0
      },
        "minecraft:scale": {
          "value": 1.3
        },
      "minecraft:health": {
        "value": 1,
        "max": 1
      },
        "minecraft:loot": {
          "table": "loot_tables/entities/furniture.json"
        },
	  "minecraft:rideable": {
        "priority": 0,
		"seat_count": 2,
		"crouching_skip_interact": true,
		"interact_text": "sit",
        "family_types": [
          "player",
		  "zombie"
        ],
        "seats": [
          {
        "position": [ 0.3, 0.4, 0],
            "min_rider_count": 0,
            "max_rider_count": 0
          },
          {
        "position": [ -0.45, 0.4, 0],
            "min_rider_count": 2,
            "max_rider_count": 2
          }
        ]
      },
      "minecraft:nameable": {
      },
      "minecraft:physics": {
    },
      "minecraft:pushable": {
        "is_pushable": false,
        "is_pushable_by_piston": true
      }
    },
    "events": {
      "minecraft:entity_spawned": {
        "randomize": [
          {
            "weight": 6,
            "add": {
              "component_groups": [
                "minecraft:sofa_1"
              ]
            }
          },
          {
            "weight": 6,
            "add": {
              "component_groups": [
                "minecraft:sofa_2"
              ]
            }
          },
          {
            "weight": 6,
            "add": {
              "component_groups": [
                "minecraft:sofa_3"

              ]
            }
          },
          {
            "weight": 6,
            "add": {
              "component_groups": [
                "minecraft:sofa_4"

              ]
            }
          },
          {
            "weight": 6,
            "add": {
              "component_groups": [
                "minecraft:sofa_5"

              ]
            }
          },
          {
            "weight": 6,
            "add": {
              "component_groups": [
                "minecraft:sofa_6"

              ]
            }
          },
          {
            "weight": 6,
            "add": {
              "component_groups": [
                "minecraft:sofa_7"

              ]
            }
          },
          {
            "weight": 6,
            "add": {
              "component_groups": [
                "minecraft:sofa_8"

              ]
            }
          },
          {
            "weight": 6,
            "add": {
              "component_groups": [
                "minecraft:sofa_9"

              ]
            }
          },
          {
            "weight": 6,
            "add": {
              "component_groups": [
                "minecraft:sofa_10"

              ]
            }
          },
          {
            "weight": 6,
            "add": {
              "component_groups": [
                "minecraft:sofa_11"

              ]
            }
          },
          {
            "weight": 6,
            "add": {
              "component_groups": [
                "minecraft:sofa_12"

              ]
            }
          },
          {
            "weight": 6,
            "add": {
              "component_groups": [
                "minecraft:sofa_13"

              ]
            }
          },
          {
            "weight": 6,
            "add": {
              "component_groups": [
                "minecraft:sofa_14"

              ]
            }
          },
          {
            "weight": 6,
            "add": {
              "component_groups": [
                "minecraft:sofa_15"

              ]
            }
          },
          {
            "weight": 6,
            "add": {
              "component_groups": [
                "minecraft:sofa_16"
              ]
            }
          }
        ]
      },

      "minecraft:on_tame": {
        "remove": {
          "component_groups": [
            "minecraft:sofa_1"
          ]
        },
        "add": {
          "component_groups": [
            "minecraft:sofa"
          ]
        }
      }
    }
  }
}
