{
  "format_version": [ 1, 1, 0 ],


  "new:tumba": {
    "textures": "tomb_1",
    "sound": "stone"
  },
  "new:tumba2": {
    "textures": "tomb_2",
    "sound": "stone"
  },
  "new:tumba3": {
    "textures": "tomb_3",
    "sound": "stone"
  },
  "new:tumba4": {
    "textures": "tomb_4",
    "sound": "stone"
  },
  "new:tumba5": {
    "textures": "tomb_5",
    "sound": "stone"
  },

  "new:tumba6": {
    "textures": "tomb_6",
    "sound": "stone"
  },
  "new:tumba7": {
    "textures": "tomb_7",
    "sound": "stone"
  },
  "new:tumba1": {
    "textures": "tomb_1_quartz",
    "sound": "stone"
  },
  "new:tumba10": {
    "textures": "tomb_10",
    "sound": "stone"
  }
}