{
	"format_version": "1.10.0",
	"geometry.irongolem": {
		"texturewidth": 512,
		"textureheight": 512,
		"visible_bounds_width": 5,
		"visible_bounds_height": 4,
		"visible_bounds_offset": [0, 2, 0],
		"bones": [
			{
				"name": "body",
				"pivot": [0, 31, 0]
			},
			{
				"name": "head",
				"parent": "body",
				"pivot": [0, 31, -2],
				"locators": {
					"lead": [0, 31, -2]
				}
			},
			{
				"name": "iron_golem_head",
				"parent": "head",
				"pivot": [0, 0, 0],
				"cubes": [
					{"origin": [-4, 33, -7.5], "size": [8, 10, 8], "uv": [430, 0]},
					{"origin": [-8, 30, -11.5], "size": [16, 16, 16], "uv": [448, 256], "inflate": -2.5},
					{"origin": [-9, 40, -4.5], "size": [5, 2, 2], "uv": [429, 25]},
					{"origin": [-9, 42, -4.5], "size": [2, 2, 2], "uv": [429, 29]},
					{"origin": [4, 40, -4.5], "size": [5, 2, 2], "uv": [429, 25]},
					{"origin": [7, 42, -4.5], "size": [2, 2, 2], "uv": [429, 29]},
					{"origin": [-5, 46, -8.5], "size": [8, 5, 8], "uv": [372, 75]},
					{"origin": [-5, 44, -8.5], "size": [8, 2, 8], "uv": [367, 89]},
					{"origin": [-4, 43, -4.5], "size": [6, 3, 0], "uv": [392, 89]},
					{"origin": [-4, 38, -9.5], "size": [8, 5, 2], "uv": [430, 18]},
					{"origin": [-1, 43, -4.5], "size": [2, 3, 2], "uv": [454, 18]},
					{"origin": [-2, 46, -5.5], "size": [4, 3, 4], "uv": [446, 23]},
					{"origin": [-4, 33, -7.5], "size": [8, 10, 8], "uv": [344, 0], "inflate": 0.25},
					{"origin": [-1, 32, -9.5], "size": [2, 4, 2], "uv": [454, 0]},
					{"origin": [-1, 32, -9.5], "size": [2, 4, 2], "uv": [368, 0], "inflate": 0.25}
				]
			},
			{
				"name": "gold_pig_head",
				"parent": "body",
				"pivot": [0, 33, -3],
				"cubes": [
					{"origin": [-9.5, 27, -14], "size": [19, 15, 14], "uv": [52, 257]},
					{"origin": [-9.5, 26, -13], "size": [19, 2, 12], "uv": [54, 259], "inflate": -0.1},
					{"origin": [7.5, 29, -14], "size": [3, 5, 4], "uv": [52, 262], "inflate": 0.5}
				]
			},
			{
				"name": "head_sub_5",
				"parent": "gold_pig_head",
				"pivot": [0, -7, -11],
				"mirror": true,
				"cubes": [
					{"origin": [-10.5, 29, -14], "size": [3, 5, 4], "uv": [52, 262], "inflate": 0.5}
				]
			},
			{
				"name": "gold_pig_right_ear",
				"parent": "gold_pig_head",
				"pivot": [-10.5, 44, -10.5],
				"rotation": [0, 0, 25],
				"cubes": [
					{"origin": [-10.5, 36, -12], "size": [1, 7, 5], "uv": [104, 259]},
					{"origin": [-9.5, 42, -12], "size": [5, 1, 5], "uv": [104, 253]}
				]
			},
			{
				"name": "gold_pig_left_ear",
				"parent": "gold_pig_head",
				"pivot": [10.5, 44, -10.5],
				"rotation": [0, 0, -25],
				"cubes": [
					{"origin": [9.5, 36, -12], "size": [1, 7, 5], "uv": [104, 259]},
					{"origin": [4.5, 42, -12], "size": [5, 1, 5], "uv": [104, 253]}
				]
			},
			{
				"name": "geode_head",
				"parent": "body",
				"pivot": [0, 24, 0],
				"cubes": [
					{"origin": [-6.5, 20, -16], "size": [13, 12, 10], "uv": [384, 178]},
					{"origin": [-6.5, 20, -12], "size": [13, 12, 0], "uv": [421, 175]}
				]
			},
			{
				"name": "boarbarian_head",
				"parent": "body",
				"pivot": [0, 28, -7],
				"cubes": [
					{"origin": [-7.5, 24, -16], "size": [15, 12, 10], "uv": [38, 194]},
					{"origin": [-3.5, 25, -18], "size": [7, 5, 3], "uv": [71, 216]},
					{"origin": [3.5, 25, -18], "size": [2, 3, 3], "uv": [62, 225]},
					{"origin": [3.5, 25, -18], "size": [2, 3, 3], "uv": [60, 237]},
					{"origin": [0, 36, -16], "size": [0, 9, 10], "uv": [88, 197]}
				]
			},
			{
				"name": "head_sub_1",
				"parent": "boarbarian_head",
				"pivot": [0, -7, -11],
				"mirror": true,
				"cubes": [
					{"origin": [-5.5, 25, -18], "size": [2, 3, 3], "uv": [62, 225]},
					{"origin": [-5.5, 25, -18], "size": [2, 3, 3], "uv": [60, 231]}
				]
			},
			{
				"name": "boarbarian_right_ear",
				"parent": "boarbarian_head",
				"pivot": [-6.5, 34, -10.5],
				"rotation": [0, 0, 25],
				"cubes": [
					{"origin": [-7.5, 26, -14], "size": [1, 8, 7], "uv": [70, 241]}
				]
			},
			{
				"name": "boarbarian_left_ear",
				"parent": "boarbarian_head",
				"pivot": [6.5, 34, -10.5],
				"rotation": [0, 0, -25],
				"cubes": [
					{"origin": [6.5, 26, -14], "size": [1, 8, 7], "uv": [70, 226]},
					{"origin": [6.5, 29, -14], "size": [1, 0, 7], "uv": [73, 226]}
				]
			},
			{
				"name": "boarbarian_crimson_head",
				"parent": "body",
				"pivot": [0, 29, -6],
				"cubes": [
					{"origin": [-7.5, 25, -16], "size": [15, 12, 10], "uv": [0, 153]},
					{"origin": [-3.5, 26, -19], "size": [7, 5, 3], "uv": [33, 175]},
					{"origin": [3.5, 26, -19], "size": [2, 3, 3], "uv": [24, 184]},
					{"origin": [-7.5, 37, -14], "size": [4, 8, 0], "uv": [0, 175]}
				]
			},
			{
				"name": "head_sub_2",
				"parent": "boarbarian_crimson_head",
				"pivot": [0, -6, -11],
				"mirror": true,
				"cubes": [
					{"origin": [-5.5, 26, -19], "size": [2, 3, 3], "uv": [24, 184]}
				]
			},
			{
				"name": "boarbarian_crimson_right_ear",
				"parent": "boarbarian_crimson_head",
				"pivot": [-6.5, 35, -10.5],
				"rotation": [0, 0, 25],
				"cubes": [
					{"origin": [-7.5, 27, -14], "size": [1, 8, 7], "uv": [32, 185]}
				]
			},
			{
				"name": "boarbarian_crimson_left_ear",
				"parent": "boarbarian_crimson_head",
				"pivot": [6.5, 35, -10.5],
				"rotation": [0, 0, -25],
				"cubes": [
					{"origin": [6.5, 27, -14], "size": [1, 8, 7], "uv": [0, 138]}
				]
			},
			{
				"name": "boarbarian_warped_head",
				"parent": "body",
				"pivot": [3, 28, -7],
				"cubes": [
					{"origin": [-6, 25, -14], "size": [12, 17, 8], "uv": [8, 6]},
					{"origin": [-6, 25, -16], "size": [12, 8, 2], "uv": [10, 33]},
					{"origin": [-2, 33, -14.9], "size": [4, 4, 1], "uv": [48, 13], "inflate": -0.1},
					{"origin": [3.5, 31, -17], "size": [3, 4, 3], "uv": [40, 6]},
					{"origin": [-6.5, 31, -17], "size": [3, 4, 3], "uv": [40, 6]}
				]
			},
			{
				"name": "boarbarian_warped_right_ear",
				"parent": "boarbarian_warped_head",
				"pivot": [-5, 34, -10.5],
				"rotation": [0, 0, 25],
				"cubes": [
					{"origin": [-6, 28, -13], "size": [1, 6, 5], "uv": [73, 45]}
				]
			},
			{
				"name": "boarbarian_warped_left_ear",
				"parent": "boarbarian_warped_head",
				"pivot": [5, 34, -10.5],
				"rotation": [0, 0, -25],
				"cubes": [
					{"origin": [5, 28, -13], "size": [1, 6, 5], "uv": [40, 31]}
				]
			},
			{
				"name": "warped_roots3",
				"parent": "boarbarian_warped_head",
				"pivot": [3, 44, -11],
				"rotation": [0, -45, 0],
				"cubes": [
					{"origin": [-5, 36, -11], "size": [16, 16, 0], "uv": [112, 46]}
				]
			},
			{
				"name": "warped_roots4",
				"parent": "boarbarian_warped_head",
				"pivot": [3, 44, -11],
				"rotation": [0, 45, 0],
				"cubes": [
					{"origin": [-5, 36, -11], "size": [16, 16, 0], "uv": [112, 46]}
				]
			},
			{
				"name": "boarbarian_brute_head",
				"parent": "body",
				"pivot": [-3.5, 25.75, -4.5],
				"cubes": [
					{"origin": [-7.5, 25, -15], "size": [15, 12, 10], "uv": [10, 68]},
					{"origin": [0.5, 25, -15], "size": [0, 12, 10], "uv": [151, 186]},
					{"origin": [-3, 27, -18], "size": [6, 4, 3], "uv": [10, 90]},
					{"origin": [1, 27, -18], "size": [0, 4, 3], "uv": [151, 188]},
					{"origin": [2.5, 27.5, -18.5], "size": [2, 2, 4], "uv": [40, 94]},
					{"origin": [2.5, 29.5, -18.5], "size": [2, 1, 2], "uv": [44, 91]},
					{"origin": [-4.5, 27.5, -18.5], "size": [2, 2, 4], "uv": [28, 90]},
					{"origin": [-4.5, 29.5, -18.5], "size": [2, 1, 2], "uv": [36, 90]},
					{"origin": [-2, 30, -16], "size": [4, 8, 12], "uv": [60, 68]},
					{"origin": [1.5, 26, -19], "size": [2, 4, 2], "uv": [50, 62]},
					{"origin": [-1, 25.5, -19], "size": [2, 4, 2], "uv": [50, 68], "inflate": -0.05},
					{"origin": [-3.5, 26, -19], "size": [2, 4, 2], "uv": [50, 68]}
				]
			},
			{
				"name": "boarbarian_brute_right_ear",
				"parent": "boarbarian_brute_head",
				"pivot": [-6.5, 33, -9.5],
				"rotation": [0, 0, 25],
				"cubes": [
					{"origin": [-7.5, 27, -12], "size": [1, 6, 5], "uv": [60, 68]}
				]
			},
			{
				"name": "boarbarian_brute_left_ear",
				"parent": "boarbarian_brute_head",
				"pivot": [6.5, 33, -9.5],
				"rotation": [0, 0, -25],
				"cubes": [
					{"origin": [6.5, 27, -12], "size": [1, 6, 5], "uv": [92, 68]},
					{"origin": [6.5, 26, -12], "size": [1, 6, 5], "uv": [80, 68], "inflate": 0.1}
				]
			},
			{
				"name": "boarbarian_chieftain_head",
				"parent": "body",
				"pivot": [0, 32, -7],
				"cubes": [
					{"origin": [-7.5, 27, -16], "size": [15, 11, 10], "uv": [1, 390]},
					{"origin": [-7.5, 37, -16], "size": [15, 0, 10], "uv": [-10, 378]},
					{"origin": [-4.5, 37, -14], "size": [9, 2, 6], "uv": [31, 380]},
					{"origin": [-3.5, 28, -18], "size": [7, 5, 2], "uv": [41, 390]},
					{"origin": [3.5, 27.5, -19], "size": [3, 5, 3], "uv": [90, 392]},
					{"origin": [-6.5, 27.5, -19], "size": [3, 5, 3], "uv": [90, 392]}
				]
			},
			{
				"name": "boarbarian_chieftain_right_ear",
				"parent": "boarbarian_chieftain_head",
				"pivot": [-6.5, 36, -11.5],
				"rotation": [0, 0, 25],
				"cubes": [
					{"origin": [-7.5, 30, -14], "size": [1, 6, 5], "uv": [71, 386]}
				]
			},
			{
				"name": "boarbarian_chieftain_left_ear",
				"parent": "boarbarian_chieftain_head",
				"pivot": [6.5, 36, -11.5],
				"rotation": [0, 0, -25],
				"cubes": [
					{"origin": [6.5, 30, -14], "size": [1, 6, 5], "uv": [59, 386]}
				]
			},
			{
				"name": "boarbarian_chieftain_helmet",
				"parent": "boarbarian_chieftain_head",
				"pivot": [0, -5, -1],
				"cubes": [
					{"origin": [0.5, 43, -13.5], "size": [0, 11, 16], "uv": [109, 437]},
					{"origin": [-2.5, 40, -16.5], "size": [5, 4, 11], "uv": [77, 451]},
					{"origin": [-7.5, 29, -16], "size": [15, 11, 10], "uv": [2, 412], "inflate": 0.3}
				]
			},
			{
				"name": "arm0",
				"parent": "body",
				"pivot": [0, 31, 0]
			},
			{
				"name": "right_arm",
				"parent": "arm0",
				"pivot": [0, 31, 0],
				"cubes": [
					{"origin": [-13, 3.5, -3], "size": [4, 30, 6], "uv": [490, 21]},
					{"origin": [-14, 5.5, -3], "size": [5, 27, 6], "uv": [430, 82]},
					{"origin": [-14, 23.5, -4], "size": [6, 11, 8], "uv": [458, 102]},
					{"origin": [-13, 3.5, -3], "size": [4, 30, 6], "uv": [409, 21], "inflate": 0.25},
					{"origin": [-15, 4, -4], "size": [5, 29, 8], "uv": [486, 182]},
					{"origin": [-15, 4, -4], "size": [5, 29, 8], "uv": [486, 108], "inflate": 0.5}
				]
			},
			{
				"name": "boarbarian_crimson_right_arm",
				"parent": "right_arm",
				"pivot": [0, -4, -12],
				"mirror": true,
				"cubes": [
					{"origin": [-24, 7, -4], "size": [8, 29, 8], "uv": [0, 182]}
				]
			},
			{
				"name": "boarbarian_crimson_right_arm_blister",
				"parent": "boarbarian_crimson_right_arm",
				"pivot": [0, -4, -12],
				"cubes": [
					{"origin": [-23, 11, 4], "size": [5, 5, 3], "uv": [66, 170]}
				]
			},
			{
				"name": "boarbarian_warped_right_arm",
				"parent": "right_arm",
				"pivot": [0, -6, -12],
				"mirror": true,
				"cubes": [
					{"origin": [-24, 3, -4], "size": [8, 31, 8], "uv": [58, 6]},
					{"origin": [-24, 3, 4], "size": [8, 4, 5], "uv": [85, 46]}
				]
			},
			{
				"name": "boarbarian_brute_right_arm",
				"parent": "right_arm",
				"pivot": [0, -18, -11],
				"mirror": true,
				"cubes": [
					{"origin": [-24.5, 5, -4], "size": [8, 29, 8], "uv": [87, 162], "inflate": 0.3},
					{"origin": [-24.5, 5, -4], "size": [8, 29, 8], "uv": [10, 97], "inflate": 0.01}
				]
			},
			{
				"name": "boarbarian_chieftain_right_arm",
				"parent": "right_arm",
				"pivot": [0, -1, 0],
				"cubes": [
					{"origin": [-20.5, 30, -4], "size": [8, 4, 8], "uv": [0, 454], "inflate": 0.3}
				]
			},
			{
				"name": "right_arm_sub_6",
				"parent": "boarbarian_chieftain_right_arm",
				"pivot": [0, -1, 0],
				"mirror": true,
				"cubes": [
					{"origin": [-20.5, 22, -4], "size": [8, 17, 8], "uv": [158, 442]},
					{"origin": [-20.5, 10, -4], "size": [8, 13, 8], "uv": [190, 442], "inflate": -0.5},
					{"origin": [-20.5, 10, -4], "size": [8, 29, 8], "uv": [162, 405], "inflate": 0.3}
				]
			},
			{
				"name": "shoulder_pad",
				"parent": "boarbarian_chieftain_right_arm",
				"pivot": [-25, 32.5, -2.5],
				"rotation": [0, 90, 0],
				"mirror": true,
				"cubes": [
					{"origin": [-31.5, 28, -1], "size": [9, 9, 3], "uv": [51, 397], "inflate": 0.3}
				]
			},
			{
				"name": "spore_blossom2",
				"parent": "right_arm",
				"pivot": [-13, 17, 1],
				"rotation": [0, 90, 0]
			},
			{
				"name": "spore_blossom_petal5",
				"parent": "spore_blossom2",
				"pivot": [-13, 17, 1],
				"rotation": [0, -25, 0],
				"cubes": [
					{"origin": [-18, 13.5, 1], "size": [5, 8, 0], "uv": [401, 95]}
				]
			},
			{
				"name": "spore_blossom_petal6",
				"parent": "spore_blossom2",
				"pivot": [-12, 18.5, 1],
				"rotation": [0, -25, 90],
				"cubes": [
					{"origin": [-17, 14.5, 1], "size": [5, 8, 0], "uv": [401, 95]}
				]
			},
			{
				"name": "spore_blossom_petal7",
				"parent": "spore_blossom2",
				"pivot": [-11, 18, 1],
				"rotation": [0, -25, -180],
				"cubes": [
					{"origin": [-16, 14.5, 1], "size": [5, 8, 0], "uv": [401, 95]}
				]
			},
			{
				"name": "spore_blossom_petal8",
				"parent": "spore_blossom2",
				"pivot": [-12, 16.5, 1],
				"rotation": [0, -25, -90],
				"cubes": [
					{"origin": [-17, 12.5, 1], "size": [5, 8, 0], "uv": [401, 95]}
				]
			},
			{
				"name": "right_arm_sub_0",
				"parent": "arm0",
				"pivot": [-19, 35, 0],
				"mirror": true,
				"cubes": [
					{"origin": [-24, 7, -4], "size": [8, 29, 8], "uv": [0, 256]},
					{"origin": [-24, 12, -4], "size": [8, 24, 8], "uv": [72, 286]},
					{"origin": [-24, 18, -4], "size": [8, 0, 8], "uv": [26, 276]},
					{"origin": [-24, 23, -4], "size": [8, 0, 8], "uv": [26, 267]}
				]
			},
			{
				"name": "arm1",
				"parent": "body",
				"pivot": [0, 31, 0]
			},
			{
				"name": "left_arm",
				"parent": "arm1",
				"pivot": [0, 31, 0],
				"cubes": [
					{"origin": [9, 3.5, -3], "size": [4, 30, 6], "uv": [490, 58]},
					{"origin": [9, 5.5, -3], "size": [5, 27, 6], "uv": [430, 115]},
					{"origin": [8, 23.5, -4], "size": [6, 11, 8], "uv": [458, 102]},
					{"origin": [9, 3.5, -3], "size": [4, 30, 6], "uv": [409, 58], "inflate": 0.25},
					{"origin": [10, 4, -4], "size": [5, 29, 8], "uv": [486, 219]},
					{"origin": [10, 4, -4], "size": [5, 29, 8], "uv": [486, 145], "inflate": 0.5},
					{"origin": [16, 7, -4], "size": [8, 29, 8], "uv": [0, 293]},
					{"origin": [16, 16, -4], "size": [8, 0, 8], "uv": [16, 293]},
					{"origin": [16, 18, -4], "size": [8, 0, 8], "uv": [26, 276]},
					{"origin": [16, 23, -4], "size": [8, 0, 8], "uv": [26, 267]}
				]
			},
			{
				"name": "boarbarian_crimson_left_arm",
				"parent": "left_arm",
				"pivot": [0, -4, -12],
				"cubes": [
					{"origin": [16, 7, -4], "size": [8, 29, 8], "uv": [0, 219]},
					{"origin": [17, 4, -2], "size": [5, 3, 5], "uv": [48, 186]},
					{"origin": [17, 3, -2], "size": [5, 3, 5], "uv": [132, 159], "inflate": 0.5}
				]
			},
			{
				"name": "crimson_roots",
				"parent": "boarbarian_crimson_left_arm",
				"pivot": [24, 26, 0],
				"rotation": [0, 0, 7.5],
				"cubes": [
					{"origin": [24, 26, -4], "size": [0, 9, 8], "uv": [32, 225]}
				]
			},
			{
				"name": "boarbarian_warped_left_arm",
				"parent": "left_arm",
				"pivot": [0, -6, -12],
				"cubes": [
					{"origin": [16, 3, -4], "size": [8, 31, 8], "uv": [266, 7]},
					{"origin": [16, 3, 4], "size": [8, 4, 5], "uv": [293, 47]}
				]
			},
			{
				"name": "boarbarian_brute_left_arm",
				"parent": "left_arm",
				"pivot": [1, -6, -12],
				"cubes": [
					{"origin": [16.5, 5, -4], "size": [8, 29, 8], "uv": [222, 105], "inflate": 0.01}
				]
			},
			{
				"name": "boarbarian_chieftain_left_arm",
				"parent": "left_arm",
				"pivot": [0, -5, 0],
				"cubes": [
					{"origin": [12.5, 26, -4], "size": [8, 4, 8], "uv": [0, 431], "inflate": 0.3},
					{"origin": [12.5, 10, -4], "size": [8, 29, 8], "uv": [126, 416]}
				]
			},
			{
				"name": "shoulder_pad2",
				"parent": "boarbarian_chieftain_left_arm",
				"pivot": [25, 28.5, -2.5],
				"rotation": [0, -90, 0],
				"cubes": [
					{"origin": [22.5, 24, -1], "size": [9, 9, 3], "uv": [53, 461], "inflate": 0.3}
				]
			},
			{
				"name": "left_arm2",
				"parent": "arm1",
				"pivot": [19, 35, 0],
				"cubes": [
					{"origin": [16, 12, -4], "size": [8, 24, 8], "uv": [72, 286]}
				]
			},
			{
				"name": "leg0",
				"parent": "body",
				"pivot": [-4, 13, 0]
			},
			{
				"name": "right_leg",
				"parent": "leg0",
				"pivot": [-4, 13, 0],
				"cubes": [
					{"origin": [-7.5, 0, -3], "size": [6, 16, 5], "uv": [467, 0]},
					{"origin": [-7.5, 0, -3], "size": [6, 16, 5], "uv": [386, 0], "inflate": 0.25},
					{"origin": [-8, 0, -3], "size": [6, 8, 6], "uv": [462, 228]},
					{"origin": [-13.5, 0, -5], "size": [10, 11, 10], "uv": [32, 291]}
				]
			},
			{
				"name": "boarbarian_crimson_right_leg",
				"parent": "right_leg",
				"pivot": [0, -18, -13],
				"cubes": [
					{"origin": [-13.5, 0, -5], "size": [10, 11, 10], "uv": [0, 351]}
				]
			},
			{
				"name": "boarbarian_warped_right_leg",
				"parent": "right_leg",
				"pivot": [0, -6, -11],
				"cubes": [
					{"origin": [-10, 0, -4], "size": [8, 10, 8], "uv": [8, 43]}
				]
			},
			{
				"name": "boarbarian_brute_right_leg",
				"parent": "right_leg",
				"pivot": [0, -18, -13],
				"cubes": [
					{"origin": [-13.5, 0, -5], "size": [10, 11, 10], "uv": [42, 90]}
				]
			},
			{
				"name": "boarbarian_chieftain_right_leg",
				"parent": "right_leg",
				"pivot": [0, 0, 0],
				"cubes": [
					{"origin": [-10.5, 0, -4], "size": [8, 15, 8], "uv": [115, 393]},
					{"origin": [-10.5, 0, 2], "size": [8, 15, 0], "uv": [156, 497]}
				]
			},
			{
				"name": "right_leg2",
				"parent": "leg0",
				"pivot": [-8, 10, 0],
				"cubes": [
					{"origin": [-13.5, 0, -5], "size": [10, 11, 10], "uv": [0, 330]}
				]
			},
			{
				"name": "leg1",
				"parent": "body",
				"pivot": [5, 13, 0],
				"mirror": true
			},
			{
				"name": "left_leg",
				"parent": "leg1",
				"pivot": [5, 13, 0],
				"cubes": [
					{"origin": [1.5, 0, -3], "size": [6, 16, 5], "uv": [490, 0]},
					{"origin": [1.5, 0, -3], "size": [6, 16, 5], "uv": [408, 0], "inflate": 0.25},
					{"origin": [2, 0, -3], "size": [6, 8, 6], "uv": [462, 242]}
				]
			},
			{
				"name": "boarbarian_crimson_left_leg",
				"parent": "left_leg",
				"pivot": [-1, -18, -13],
				"mirror": true,
				"cubes": [
					{"origin": [3.5, 0, -5], "size": [10, 11, 10], "uv": [0, 351]}
				]
			},
			{
				"name": "boarbarian_warped_left_leg",
				"parent": "left_leg",
				"pivot": [0, -6, -11],
				"cubes": [
					{"origin": [2, 0, -4], "size": [8, 10, 8], "uv": [8, 43]}
				]
			},
			{
				"name": "boarbarian_brute_left_leg",
				"parent": "left_leg",
				"pivot": [-1, -18, -13],
				"mirror": true,
				"cubes": [
					{"origin": [3.5, 0, -5], "size": [10, 11, 10], "uv": [254, 121]}
				]
			},
			{
				"name": "boarbarian_chieftain_left_leg",
				"parent": "left_leg",
				"pivot": [0, 0, 0],
				"cubes": [
					{"origin": [2.5, 0, -4], "size": [8, 15, 8], "uv": [115, 393]},
					{"origin": [2.5, 0, 2], "size": [8, 15, 0], "uv": [156, 497]}
				]
			},
			{
				"name": "left_leg_sub_0",
				"parent": "leg1",
				"pivot": [9, 10, 0],
				"mirror": true,
				"cubes": [
					{"origin": [3.5, 0, -5], "size": [10, 11, 10], "uv": [0, 330]},
					{"origin": [3.5, 0, -5], "size": [10, 11, 10], "uv": [104, 287], "inflate": 0.25},
					{"origin": [3.5, 0, -5], "size": [10, 11, 10], "uv": [32, 312]}
				]
			},
			{
				"name": "body2",
				"parent": "body",
				"pivot": [0, 31, 0]
			},
			{
				"name": "iron_golem_body",
				"parent": "body2",
				"pivot": [0, 33, -3],
				"rotation": [1.5, 0, 0],
				"cubes": [
					{"origin": [-9, 21, -6], "size": [18, 12, 11], "uv": [430, 40]},
					{"origin": [-9, 33, -1], "size": [5, 10, 0], "uv": [399, 64]},
					{"origin": [-7, 15.5, -4.5], "size": [14, 6, 8], "uv": [364, 25], "inflate": 0.51},
					{"origin": [-9, 21, -6], "size": [18, 12, 11], "uv": [349, 40], "inflate": 0.25},
					{"origin": [-4.5, 16, -3], "size": [9, 5, 6], "uv": [430, 70], "inflate": 0.5},
					{"origin": [-4.5, 16, -3], "size": [9, 5, 6], "uv": [349, 70], "inflate": 0.75}
				]
			},
			{
				"name": "spore_blossom1",
				"parent": "iron_golem_body",
				"pivot": [4, 28, -6]
			},
			{
				"name": "spore_blossom_petal1",
				"parent": "spore_blossom1",
				"pivot": [4, 28, -6],
				"rotation": [0, -25, 0],
				"cubes": [
					{"origin": [-1, 24, -6], "size": [5, 8, 0], "uv": [401, 95]}
				]
			},
			{
				"name": "spore_blossom_petal2",
				"parent": "spore_blossom1",
				"pivot": [5, 29, -6],
				"rotation": [0, -25, 90],
				"cubes": [
					{"origin": [0, 25, -6], "size": [5, 8, 0], "uv": [401, 95]}
				]
			},
			{
				"name": "spore_blossom_petal3",
				"parent": "spore_blossom1",
				"pivot": [6, 28, -6],
				"rotation": [0, -25, -180],
				"cubes": [
					{"origin": [1, 24, -6], "size": [5, 8, 0], "uv": [401, 95]}
				]
			},
			{
				"name": "spore_blossom_petal4",
				"parent": "spore_blossom1",
				"pivot": [5, 27, -6],
				"rotation": [0, -25, -90],
				"cubes": [
					{"origin": [0, 23, -6], "size": [5, 8, 0], "uv": [401, 95]}
				]
			},
			{
				"name": "geode_body",
				"parent": "body2",
				"pivot": [0, 0, 0],
				"cubes": [
					{"origin": [-9, 8, -6], "size": [18, 17, 12], "uv": [384, 227]},
					{"origin": [-10, 25, -8], "size": [20, 11, 16], "uv": [384, 200]}
				]
			},
			{
				"name": "amethyst",
				"parent": "body2",
				"pivot": [0, 0, 0]
			},
			{
				"name": "rotation",
				"parent": "amethyst",
				"pivot": [0, 0, 0],
				"rotation": [0, -45, 0]
			},
			{
				"name": "top",
				"parent": "rotation",
				"pivot": [0, 0, 0],
				"cubes": [
					{"origin": [-8, 36, 0], "size": [16, 16, 0], "uv": [384, 162]}
				]
			},
			{
				"name": "rotation2",
				"parent": "amethyst",
				"pivot": [0, 0, 0],
				"rotation": [0, 45, 0]
			},
			{
				"name": "top2",
				"parent": "rotation2",
				"pivot": [0, 0, 0],
				"cubes": [
					{"origin": [-8, 36, 0], "size": [16, 16, 0], "uv": [384, 162]}
				]
			},
			{
				"name": "boarbarian_body",
				"parent": "body2",
				"pivot": [0, 35, 0],
				"rotation": [2, 0, 0],
				"cubes": [
					{"origin": [-16, 10, -6], "size": [32, 28, 12], "uv": [182, 46]},
					{"origin": [-16, 6, -6], "size": [32, 4, 12], "uv": [182, 86], "inflate": 0.1}
				]
			},
			{
				"name": "boarbarian_spikes",
				"parent": "boarbarian_body",
				"pivot": [0, 24, -6],
				"rotation": [90, 0, 90],
				"cubes": [
					{"origin": [-14, 8, -6], "size": [14, 4, 0], "uv": [41, 216]},
					{"origin": [1, 8, -6], "size": [3, 4, 0], "uv": [42, 220]}
				]
			},
			{
				"name": "boarbarian_crimson_body",
				"parent": "body2",
				"pivot": [0, 35, 0],
				"rotation": [2, 0, 0],
				"cubes": [
					{"origin": [9, 38, 0], "size": [7, 9, 0], "uv": [70, 161]},
					{"origin": [-16, 10, -6], "size": [32, 28, 12], "uv": [178, 6]}
				]
			},
			{
				"name": "crimson_root",
				"parent": "boarbarian_crimson_body",
				"pivot": [12.5, 38, 0],
				"rotation": [0, -90, 0],
				"cubes": [
					{"origin": [9, 38, 0], "size": [7, 9, 0], "uv": [70, 161]}
				]
			},
			{
				"name": "blisters",
				"parent": "boarbarian_crimson_body",
				"pivot": [0, -6, -11],
				"cubes": [
					{"origin": [-11, 38, -3], "size": [5, 3, 5], "uv": [48, 178]},
					{"origin": [-11, 39, -3], "size": [5, 3, 5], "uv": [113, 156], "inflate": 0.5},
					{"origin": [5, 28, 6], "size": [5, 5, 3], "uv": [50, 170]},
					{"origin": [5, 28, 7], "size": [5, 5, 3], "uv": [119, 164], "inflate": 0.5},
					{"origin": [8, 20, -9], "size": [5, 5, 3], "uv": [68, 178]},
					{"origin": [-13, 23, -8], "size": [3, 3, 2], "uv": [50, 165]},
					{"origin": [9, 33, -8], "size": [3, 3, 2], "uv": [50, 165]},
					{"origin": [12, 26, -8], "size": [3, 3, 2], "uv": [60, 165]}
				]
			},
			{
				"name": "boarbarian_warped_body",
				"parent": "body2",
				"pivot": [0, 35, 0],
				"rotation": [2.5, 0, 0],
				"cubes": [
					{"origin": [-16, 10, -6], "size": [32, 28, 12], "uv": [90, 6]},
					{"origin": [-16, 24, -6], "size": [32, 0, 12], "uv": [259, 58]}
				]
			},
			{
				"name": "warped_roots",
				"parent": "boarbarian_warped_body",
				"pivot": [3, 17, -11],
				"rotation": [7.5, 0, 0],
				"cubes": [
					{"origin": [-5, 12.5, -6.25], "size": [16, 11, 0], "uv": [41, 45]}
				]
			},
			{
				"name": "warped_roots2",
				"parent": "boarbarian_warped_body",
				"pivot": [-11, 7.457, -7.46537],
				"rotation": [-7.5, 0, -180],
				"cubes": [
					{"origin": [-19, -4.043, -4.9654], "size": [16, 9, 0], "uv": [41, 52]}
				]
			},
			{
				"name": "boarbarian_brute",
				"parent": "body2",
				"pivot": [0, 35, 0],
				"rotation": [2, 0, 0],
				"cubes": [
					{"origin": [-16.5, 10, -6], "size": [33, 26, 12], "uv": [92, 68]},
					{"origin": [0.5, 10, -6], "size": [0, 26, 12], "uv": [126, 170]},
					{"origin": [-17.5, 27, -7], "size": [9, 10, 14], "uv": [140, 106]},
					{"origin": [-17.5, 28, 4], "size": [2, 0, 3], "uv": [199, 116]},
					{"origin": [-17.5, 28, -7], "size": [2, 0, 3], "uv": [199, 116]},
					{"origin": [-17.5, 27, -4], "size": [2, 0, 8], "uv": [199, 116]},
					{"origin": [-17.5, 27, 4], "size": [2, 1, 0], "uv": [199, 116]},
					{"origin": [-17.5, 27, -4], "size": [2, 1, 0], "uv": [199, 116]},
					{"origin": [-15.5, 27, -7], "size": [0, 1, 14], "uv": [177, 113]},
					{"origin": [-15.5, 27, -7], "size": [4, 0, 14], "uv": [177, 113]},
					{"origin": [-11.5, 27, -7], "size": [0, 3, 14], "uv": [177, 113]},
					{"origin": [-11.5, 30, -7], "size": [3, 0, 14], "uv": [177, 113]}
				]
			},
			{
				"name": "body_sub_11",
				"parent": "boarbarian_brute",
				"pivot": [-10.34615, 27.84615, 0],
				"mirror": true,
				"cubes": [
					{"origin": [-16.5, 10, -6], "size": [33, 26, 12], "uv": [42, 117], "inflate": 0.3},
					{"origin": [5.5, 29, -7], "size": [12, 8, 14], "uv": [139, 136]}
				]
			},
			{
				"name": "boarbarian_chieftain_body",
				"parent": "body2",
				"pivot": [0, 32, 0],
				"cubes": [
					{"origin": [-12.5, 12, -6], "size": [25, 29, 12], "uv": [52, 410]},
					{"origin": [-12.5, 12, 2], "size": [25, 29, 0], "uv": [104, 483]},
					{"origin": [-12.5, 2, -6], "size": [25, 10, 0], "uv": [27, 451]},
					{"origin": [-12.5, 9, -6], "size": [25, 17, 12], "uv": [28, 483], "inflate": 0.3}
				]
			}
		]
	}
}