{
	"format_version": "1.12.0",
	"minecraft:geometry": [
		{
			"description": {
				"identifier": "geometry.tumba2",
				"texture_width": 64,
				"texture_height": 64,
				"visible_bounds_width": 2,
				"visible_bounds_height": 2.5,
				"visible_bounds_offset": [0, 0.75, 0]
			},
			"bones": [
				{
					"name": "stone_tomb",
					"pivot": [0, 0, 0],
					"cubes": [
						{
							"origin": [-6, 0, -6],
							"size": [12, 1.3, 12],
							"uv": {
								"north": {"uv": [28, 21], "uv_size": [12, 1]},
								"east": {"uv": [28, 19], "uv_size": [13, 1]},
								"south": {"uv": [28, 22], "uv_size": [12, 1]},
								"west": {"uv": [28, 20], "uv_size": [13, 1]},
								"up": {"uv": [14, 25], "uv_size": [12, 12]},
								"down": {"uv": [26, 37], "uv_size": [12, -13]}
							}
						},
						{
							"origin": [-7, 0, -7],
							"size": [14, 0.3, 14],
							"uv": {
								"north": {"uv": [28, 15], "uv_size": [14, 1]},
								"east": {"uv": [28, 16], "uv_size": [14, 1]},
								"south": {"uv": [28, 17], "uv_size": [14, 1]},
								"west": {"uv": [28, 18], "uv_size": [14, 1]},
								"up": {"uv": [0, 0], "uv_size": [14, 14]},
								"down": {"uv": [0, 28], "uv_size": [14, -14]}
							}
						},
						{
							"origin": [-7, 0.2, 4],
							"size": [14, 11.8, 3],
							"uv": {
								"north": {"uv": [14, 0], "uv_size": [14, 12]},
								"east": {"uv": [2, 31], "uv_size": [3, 11]},
								"south": {"uv": [14, 12], "uv_size": [14, 12]},
								"west": {"uv": [2, 31], "uv_size": [3, 11]},
								"up": {"uv": [0, 28], "uv_size": [14, 3]},
								"down": {"uv": [28, 3], "uv_size": [14, -3]}
							}
						}
					]
				},
				{
					"name": "arm",
					"parent": "stone_tomb",
					"pivot": [0, 0, 0]
				},
				{
					"name": "rose",
					"parent": "stone_tomb",
					"pivot": [-0.72, 4.33, -1.71],
					"rotation": [85, -32.5, 0],
					"cubes": [
						{
							"origin": [-0.66, 4, -5.58],
							"size": [0.66, 0.66, 2.64],
							"uv": {
								"north": {"uv": [36, 14], "uv_size": [1, 1]},
								"east": {"uv": [28, 23], "uv_size": [3, 1]},
								"south": {"uv": [37, 23], "uv_size": [1, 1]},
								"west": {"uv": [31, 23], "uv_size": [3, 1]},
								"up": {"uv": [13, 31], "uv_size": [1, 3]},
								"down": {"uv": [13, 37], "uv_size": [1, -3]}
							}
						},
						{
							"origin": [-1.32, 4, -4.92],
							"size": [0.66, 0.66, 0.66],
							"uv": {
								"north": {"uv": [39, 9], "uv_size": [1, 1]},
								"east": {"uv": [39, 10], "uv_size": [1, 1]},
								"south": {"uv": [39, 11], "uv_size": [1, 1]},
								"west": {"uv": [39, 12], "uv_size": [1, 1]},
								"up": {"uv": [13, 39], "uv_size": [1, 1]},
								"down": {"uv": [39, 14], "uv_size": [1, -1]}
							}
						},
						{
							"origin": [0, 4, -4.26],
							"size": [0.66, 0.66, 0.66],
							"uv": {
								"north": {"uv": [14, 39], "uv_size": [1, 1]},
								"east": {"uv": [39, 14], "uv_size": [1, 1]},
								"south": {"uv": [15, 39], "uv_size": [1, 1]},
								"west": {"uv": [16, 39], "uv_size": [1, 1]},
								"up": {"uv": [17, 39], "uv_size": [1, 1]},
								"down": {"uv": [18, 40], "uv_size": [1, -1]}
							}
						},
						{
							"origin": [-0.66, 4, -1.62],
							"size": [0.66, 0.66, 0.66],
							"uv": {
								"north": {"uv": [21, 39], "uv_size": [1, 1]},
								"east": {"uv": [22, 39], "uv_size": [1, 1]},
								"south": {"uv": [23, 39], "uv_size": [1, 1]},
								"west": {"uv": [24, 39], "uv_size": [1, 1]},
								"up": {"uv": [25, 39], "uv_size": [1, 1]},
								"down": {"uv": [39, 26], "uv_size": [1, -1]}
							}
						},
						{
							"origin": [-1.98, 4, -1.62],
							"size": [0.66, 0.66, 0.66],
							"uv": {
								"north": {"uv": [29, 39], "uv_size": [1, 1]},
								"east": {"uv": [39, 29], "uv_size": [1, 1]},
								"south": {"uv": [30, 39], "uv_size": [1, 1]},
								"west": {"uv": [39, 30], "uv_size": [1, 1]},
								"up": {"uv": [31, 39], "uv_size": [1, 1]},
								"down": {"uv": [32, 40], "uv_size": [1, -1]}
							}
						},
						{
							"origin": [-1.98, 4, -0.96],
							"size": [3.3, 0.66, 0.66],
							"uv": {
								"north": {"uv": [38, 31], "uv_size": [3, 1]},
								"east": {"uv": [33, 39], "uv_size": [1, 1]},
								"south": {"uv": [38, 32], "uv_size": [3, 1]},
								"west": {"uv": [34, 39], "uv_size": [1, 1]},
								"up": {"uv": [38, 33], "uv_size": [3, 1]},
								"down": {"uv": [38, 35], "uv_size": [3, -1]}
							}
						},
						{
							"origin": [-2.64, 4, -0.3],
							"size": [3.3, 0.66, 0.66],
							"uv": {
								"north": {"uv": [38, 35], "uv_size": [3, 1]},
								"east": {"uv": [35, 39], "uv_size": [1, 1]},
								"south": {"uv": [38, 36], "uv_size": [3, 1]},
								"west": {"uv": [36, 39], "uv_size": [1, 1]},
								"up": {"uv": [39, 3], "uv_size": [3, 1]},
								"down": {"uv": [39, 5], "uv_size": [3, -1]}
							}
						},
						{
							"origin": [-1.98, 4, 0.36],
							"size": [3.3, 0.66, 0.66],
							"uv": {
								"north": {"uv": [39, 5], "uv_size": [3, 1]},
								"east": {"uv": [37, 39], "uv_size": [1, 1]},
								"south": {"uv": [39, 6], "uv_size": [3, 1]},
								"west": {"uv": [39, 37], "uv_size": [1, 1]},
								"up": {"uv": [39, 7], "uv_size": [3, 1]},
								"down": {"uv": [39, 9], "uv_size": [3, -1]}
							}
						},
						{
							"origin": [-1.32, 4, 1.02],
							"size": [1.32, 0.66, 0.66],
							"uv": {
								"north": {"uv": [38, 39], "uv_size": [1, 1]},
								"east": {"uv": [39, 38], "uv_size": [1, 1]},
								"south": {"uv": [39, 39], "uv_size": [1, 1]},
								"west": {"uv": [9, 40], "uv_size": [1, 1]},
								"up": {"uv": [40, 9], "uv_size": [1, 1]},
								"down": {"uv": [10, 41], "uv_size": [1, -1]}
							}
						},
						{
							"origin": [-1.98, 4, -2.94],
							"size": [0.66, 0.66, 0.66],
							"uv": {
								"north": {"uv": [26, 39], "uv_size": [1, 1]},
								"east": {"uv": [39, 26], "uv_size": [1, 1]},
								"south": {"uv": [27, 39], "uv_size": [1, 1]},
								"west": {"uv": [39, 27], "uv_size": [1, 1]},
								"up": {"uv": [28, 39], "uv_size": [1, 1]},
								"down": {"uv": [39, 29], "uv_size": [1, -1]}
							}
						},
						{
							"origin": [-1.32, 4, -3.6],
							"size": [0.66, 0.66, 2.64],
							"uv": {
								"north": {"uv": [19, 39], "uv_size": [1, 1]},
								"east": {"uv": [33, 14], "uv_size": [3, 1]},
								"south": {"uv": [20, 39], "uv_size": [1, 1]},
								"west": {"uv": [34, 23], "uv_size": [3, 1]},
								"up": {"uv": [38, 25], "uv_size": [1, 3]},
								"down": {"uv": [38, 31], "uv_size": [1, -3]}
							}
						}
					]
				},
				{
					"name": "vela",
					"pivot": [0, 11, 4],
					"cubes": [
						{
							"origin": [-5.5, 14.8, 5.5],
							"size": [1, 1, 1],
							"inflate": -0.8,
							"uv": {
								"north": {"uv": [40, 10], "uv_size": [1, 1]},
								"east": {"uv": [11, 40], "uv_size": [1, 1]},
								"south": {"uv": [40, 11], "uv_size": [1, 1]},
								"west": {"uv": [12, 40], "uv_size": [1, 1]},
								"up": {"uv": [40, 12], "uv_size": [1, 1]},
								"down": {"uv": [13, 41], "uv_size": [1, -1]}
							}
						},
						{
							"origin": [-6, 11, 4.999],
							"size": [2, 4, 2],
							"uv": {
								"north": {"uv": [33, 10], "uv_size": [2, 4]},
								"east": {"uv": [35, 10], "uv_size": [2, 4]},
								"south": {"uv": [37, 3], "uv_size": [2, 4]},
								"west": {"uv": [37, 7], "uv_size": [2, 4]},
								"up": {"uv": [37, 11], "uv_size": [2, 2]},
								"down": {"uv": [13, 39], "uv_size": [2, -2]}
							}
						}
					]
				}
			]
		}
	]
}