{
	"format_version": "1.12.0",
	"minecraft:geometry": [
		{
			"description": {
				"identifier": "geometry.tumba5",
				"texture_width": 64,
				"texture_height": 64,
				"visible_bounds_width": 2,
				"visible_bounds_height": 2.5,
				"visible_bounds_offset": [0, 0.75, 0]
			},
			"bones": [
				{
					"name": "stone_tomb",
					"pivot": [0, 0, 0],
					"cubes": [
						{
							"origin": [-6, 0, -6],
							"size": [12, 1.3, 12],
							"uv": {
								"north": {"uv": [31, 6], "uv_size": [12, 1]},
								"east": {"uv": [31, 4], "uv_size": [13, 1]},
								"south": {"uv": [31, 7], "uv_size": [12, 1]},
								"west": {"uv": [31, 5], "uv_size": [13, 1]},
								"up": {"uv": [14, 3], "uv_size": [12, 12]},
								"down": {"uv": [14, 26], "uv_size": [12, -13]}
							}
						},
						{
							"origin": [-7, 0, -7],
							"size": [14, 0.3, 14],
							"uv": {
								"north": {"uv": [31, 0], "uv_size": [14, 1]},
								"east": {"uv": [31, 1], "uv_size": [14, 1]},
								"south": {"uv": [31, 2], "uv_size": [14, 1]},
								"west": {"uv": [31, 3], "uv_size": [14, 1]},
								"up": {"uv": [0, 0], "uv_size": [14, 14]},
								"down": {"uv": [0, 28], "uv_size": [14, -14]}
							}
						},
						{
							"origin": [-7, 0, 4],
							"size": [5, 12, 3],
							"uv": {
								"north": {"uv": [26, 0], "uv_size": [5, 12]},
								"east": {"uv": [28, 2], "uv_size": [3, 10]},
								"south": {"uv": [15, 26], "uv_size": [5, 12]},
								"west": {"uv": [28, 2], "uv_size": [3, 10]},
								"up": {"uv": [15, 29], "uv_size": [2, 3]},
								"down": {"uv": [30, 27], "uv_size": [5, -3]}
							}
						},
						{
							"origin": [2, 0, 4],
							"size": [5, 12, 3],
							"uv": {
								"north": {"uv": [15, 26], "uv_size": [5, 12]},
								"east": {"uv": [15, 28], "uv_size": [1, 10]},
								"south": {"uv": [26, 0], "uv_size": [5, 12]},
								"west": {"uv": [28, 2], "uv_size": [3, 11]},
								"up": {"uv": [28, 4], "uv_size": [3, 3]},
								"down": {"uv": [30, 33], "uv_size": [5, -3]}
							}
						},
						{
							"origin": [-2, 9, 4],
							"size": [4, 3, 3],
							"uv": {
								"north": {"uv": [6, 31], "uv_size": [4, 3]},
								"east": {"uv": [11, 28], "uv_size": [3, 3]},
								"south": {"uv": [6, 31], "uv_size": [4, 3]},
								"west": {"uv": [35, 12], "uv_size": [3, 3]},
								"up": {"uv": [28, 8], "uv_size": [3, 3]},
								"down": {"uv": [31, 14], "uv_size": [4, -3]}
							}
						},
						{
							"origin": [-2, 2, 4],
							"size": [1, 4, 3],
							"uv": {
								"north": {"uv": [15, 30], "uv_size": [1, 4]},
								"east": {"uv": [6, 34], "uv_size": [3, 4]},
								"south": {"uv": [15, 30], "uv_size": [1, 4]},
								"west": {"uv": [14, 29], "uv_size": [3, 4]},
								"up": {"uv": [38, 15], "uv_size": [1, 3]},
								"down": {"uv": [16, 41], "uv_size": [1, -3]}
							}
						},
						{
							"origin": [1, 2, 4],
							"size": [1, 4, 3],
							"uv": {
								"north": {"uv": [29, 6], "uv_size": [1, 4]},
								"east": {"uv": [14, 30], "uv_size": [3, 4]},
								"south": {"uv": [29, 6], "uv_size": [1, 4]},
								"west": {"uv": [35, 8], "uv_size": [3, 4]},
								"up": {"uv": [21, 38], "uv_size": [1, 3]},
								"down": {"uv": [22, 41], "uv_size": [1, -3]}
							}
						},
						{
							"origin": [-2, 8, 4],
							"size": [1, 1, 3],
							"uv": {
								"north": {"uv": [29, 7], "uv_size": [1, 1]},
								"east": {"uv": [17, 38], "uv_size": [3, 1]},
								"south": {"uv": [34, 39], "uv_size": [1, 1]},
								"west": {"uv": [38, 18], "uv_size": [3, 1]},
								"up": {"uv": [38, 19], "uv_size": [1, 3]},
								"down": {"uv": [20, 41], "uv_size": [1, -3]}
							}
						},
						{
							"origin": [1, 8, 4],
							"size": [1, 1, 3],
							"uv": {
								"north": {"uv": [29, 7], "uv_size": [1, 1]},
								"east": {"uv": [14, 30], "uv_size": [3, 1]},
								"south": {"uv": [36, 39], "uv_size": [1, 1]},
								"west": {"uv": [23, 38], "uv_size": [3, 1]},
								"up": {"uv": [26, 38], "uv_size": [1, 3]},
								"down": {"uv": [38, 29], "uv_size": [1, -3]}
							}
						},
						{
							"origin": [-2, 0, 4],
							"size": [4, 2, 3],
							"uv": {
								"north": {"uv": [31, 14], "uv_size": [4, 3]},
								"east": {"uv": [35, 15], "uv_size": [3, 3]},
								"south": {"uv": [28, 5], "uv_size": [4, 3]},
								"west": {"uv": [35, 18], "uv_size": [3, 3]},
								"up": {"uv": [19, 7], "uv_size": [4, 3]},
								"down": {"uv": [30, 36], "uv_size": [4, -3]}
							}
						}
					]
				},
				{
					"name": "rose",
					"parent": "stone_tomb",
					"pivot": [-0.72, 1.33, -0.71],
					"rotation": [0, -50, 0],
					"cubes": [
						{
							"origin": [-0.66, 1, -4.58],
							"size": [0.66, 0.66, 2.64],
							"uv": {
								"north": {"uv": [26, 24], "uv_size": [1, 1]},
								"east": {"uv": [31, 23], "uv_size": [3, 1]},
								"south": {"uv": [26, 25], "uv_size": [1, 1]},
								"west": {"uv": [37, 25], "uv_size": [3, 1]},
								"up": {"uv": [37, 26], "uv_size": [1, 3]},
								"down": {"uv": [37, 32], "uv_size": [1, -3]}
							}
						},
						{
							"origin": [-1.32, 1, -3.92],
							"size": [0.66, 0.66, 0.66],
							"uv": {
								"north": {"uv": [34, 23], "uv_size": [1, 1]},
								"east": {"uv": [38, 23], "uv_size": [1, 1]},
								"south": {"uv": [38, 24], "uv_size": [1, 1]},
								"west": {"uv": [27, 38], "uv_size": [1, 1]},
								"up": {"uv": [28, 38], "uv_size": [1, 1]},
								"down": {"uv": [29, 39], "uv_size": [1, -1]}
							}
						},
						{
							"origin": [0, 1, -3.26],
							"size": [0.66, 0.66, 0.66],
							"uv": {
								"north": {"uv": [38, 29], "uv_size": [1, 1]},
								"east": {"uv": [30, 38], "uv_size": [1, 1]},
								"south": {"uv": [38, 30], "uv_size": [1, 1]},
								"west": {"uv": [38, 31], "uv_size": [1, 1]},
								"up": {"uv": [34, 38], "uv_size": [1, 1]},
								"down": {"uv": [35, 39], "uv_size": [1, -1]}
							}
						},
						{
							"origin": [-0.66, 1, -0.62],
							"size": [0.66, 0.66, 0.66],
							"uv": {
								"north": {"uv": [36, 38], "uv_size": [1, 1]},
								"east": {"uv": [37, 38], "uv_size": [1, 1]},
								"south": {"uv": [38, 38], "uv_size": [1, 1]},
								"west": {"uv": [6, 39], "uv_size": [1, 1]},
								"up": {"uv": [7, 39], "uv_size": [1, 1]},
								"down": {"uv": [8, 40], "uv_size": [1, -1]}
							}
						},
						{
							"origin": [-1.98, 1, -0.62],
							"size": [0.66, 0.66, 0.66],
							"uv": {
								"north": {"uv": [9, 39], "uv_size": [1, 1]},
								"east": {"uv": [10, 39], "uv_size": [1, 1]},
								"south": {"uv": [11, 39], "uv_size": [1, 1]},
								"west": {"uv": [12, 39], "uv_size": [1, 1]},
								"up": {"uv": [39, 12], "uv_size": [1, 1]},
								"down": {"uv": [13, 40], "uv_size": [1, -1]}
							}
						},
						{
							"origin": [-1.98, 1, 0.04],
							"size": [3.3, 0.66, 0.66],
							"uv": {
								"north": {"uv": [37, 32], "uv_size": [3, 1]},
								"east": {"uv": [39, 13], "uv_size": [1, 1]},
								"south": {"uv": [37, 33], "uv_size": [3, 1]},
								"west": {"uv": [14, 39], "uv_size": [1, 1]},
								"up": {"uv": [34, 37], "uv_size": [3, 1]},
								"down": {"uv": [37, 35], "uv_size": [3, -1]}
							}
						},
						{
							"origin": [-2.64, 1, 0.7],
							"size": [3.3, 0.66, 0.66],
							"uv": {
								"north": {"uv": [37, 35], "uv_size": [3, 1]},
								"east": {"uv": [39, 14], "uv_size": [1, 1]},
								"south": {"uv": [37, 36], "uv_size": [3, 1]},
								"west": {"uv": [39, 15], "uv_size": [1, 1]},
								"up": {"uv": [37, 37], "uv_size": [3, 1]},
								"down": {"uv": [6, 39], "uv_size": [3, -1]}
							}
						},
						{
							"origin": [-1.98, 1, 1.36],
							"size": [3.3, 0.66, 0.66],
							"uv": {
								"north": {"uv": [38, 8], "uv_size": [3, 1]},
								"east": {"uv": [39, 16], "uv_size": [1, 1]},
								"south": {"uv": [9, 38], "uv_size": [3, 1]},
								"west": {"uv": [17, 39], "uv_size": [1, 1]},
								"up": {"uv": [38, 9], "uv_size": [3, 1]},
								"down": {"uv": [38, 11], "uv_size": [3, -1]}
							}
						},
						{
							"origin": [-1.32, 1, 2.02],
							"size": [1.32, 0.66, 0.66],
							"uv": {
								"north": {"uv": [39, 17], "uv_size": [1, 1]},
								"east": {"uv": [18, 39], "uv_size": [1, 1]},
								"south": {"uv": [19, 39], "uv_size": [1, 1]},
								"west": {"uv": [39, 19], "uv_size": [1, 1]},
								"up": {"uv": [39, 20], "uv_size": [1, 1]},
								"down": {"uv": [39, 22], "uv_size": [1, -1]}
							}
						},
						{
							"origin": [-1.98, 1, -1.94],
							"size": [0.66, 0.66, 0.66],
							"uv": {
								"north": {"uv": [23, 39], "uv_size": [1, 1]},
								"east": {"uv": [39, 23], "uv_size": [1, 1]},
								"south": {"uv": [24, 39], "uv_size": [1, 1]},
								"west": {"uv": [39, 24], "uv_size": [1, 1]},
								"up": {"uv": [25, 39], "uv_size": [1, 1]},
								"down": {"uv": [39, 27], "uv_size": [1, -1]}
							}
						},
						{
							"origin": [-1.32, 1, -2.6],
							"size": [0.66, 0.66, 2.64],
							"uv": {
								"north": {"uv": [27, 39], "uv_size": [1, 1]},
								"east": {"uv": [38, 11], "uv_size": [3, 1]},
								"south": {"uv": [39, 27], "uv_size": [1, 1]},
								"west": {"uv": [12, 38], "uv_size": [3, 1]},
								"up": {"uv": [38, 12], "uv_size": [1, 3]},
								"down": {"uv": [15, 41], "uv_size": [1, -3]}
							}
						}
					]
				},
				{
					"name": "vela",
					"pivot": [6, 3.15, 2],
					"rotation": [0, 0, 27.5],
					"cubes": [
						{
							"origin": [5.5, 3.8, 1.5],
							"size": [1, 1, 1],
							"inflate": -0.8,
							"uv": {
								"north": {"uv": [28, 39], "uv_size": [1, 1]},
								"east": {"uv": [39, 28], "uv_size": [1, 1]},
								"south": {"uv": [29, 39], "uv_size": [1, 1]},
								"west": {"uv": [39, 29], "uv_size": [1, 1]},
								"up": {"uv": [30, 39], "uv_size": [1, 1]},
								"down": {"uv": [39, 31], "uv_size": [1, -1]}
							}
						},
						{
							"origin": [5, 0, 1],
							"size": [2, 4, 2],
							"uv": {
								"north": {"uv": [12, 34], "uv_size": [2, 4]},
								"east": {"uv": [35, 21], "uv_size": [2, 4]},
								"south": {"uv": [35, 25], "uv_size": [2, 4]},
								"west": {"uv": [35, 29], "uv_size": [2, 4]},
								"up": {"uv": [27, 36], "uv_size": [2, 2]},
								"down": {"uv": [29, 38], "uv_size": [2, -2]}
							}
						}
					]
				}
			]
		}
	]
}