{
	"format_version": "1.12.0",
	"minecraft:geometry": [
		{
			"description": {
				"identifier": "geometry.tumba4",
				"texture_width": 64,
				"texture_height": 64,
				"visible_bounds_width": 2,
				"visible_bounds_height": 2.5,
				"visible_bounds_offset": [0, 0.75, 0]
			},
			"bones": [
				{
					"name": "stone_tomb",
					"pivot": [0, 0, 0],
					"cubes": [
						{
							"origin": [-6, 0, -6],
							"size": [12, 1.3, 12],
							"uv": {
								"north": {"uv": [28, 20], "uv_size": [12, 1]},
								"east": {"uv": [28, 18], "uv_size": [13, 1]},
								"south": {"uv": [28, 21], "uv_size": [12, 1]},
								"west": {"uv": [28, 19], "uv_size": [13, 1]},
								"up": {"uv": [14, 27], "uv_size": [12, 12]},
								"down": {"uv": [26, 37], "uv_size": [12, -13]}
							}
						},
						{
							"origin": [-7, 0, -7],
							"size": [14, 0.3, 14],
							"uv": {
								"north": {"uv": [28, 14], "uv_size": [14, 1]},
								"east": {"uv": [28, 15], "uv_size": [14, 1]},
								"south": {"uv": [28, 16], "uv_size": [14, 1]},
								"west": {"uv": [28, 17], "uv_size": [14, 1]},
								"up": {"uv": [0, 0], "uv_size": [14, 14]},
								"down": {"uv": [0, 28], "uv_size": [14, -14]}
							}
						},
						{
							"origin": [-7, 0, 4],
							"size": [14, 11, 3],
							"uv": {
								"north": {"uv": [14, 0], "uv_size": [14, 12]},
								"east": {"uv": [7, 28], "uv_size": [3, 12]},
								"south": {"uv": [14, 12], "uv_size": [14, 12]},
								"west": {"uv": [10, 28], "uv_size": [3, 12]},
								"up": {"uv": [28, 8], "uv_size": [14, 3]},
								"down": {"uv": [28, 14], "uv_size": [14, -3]}
							}
						}
					]
				},
				{
					"name": "arm",
					"parent": "stone_tomb",
					"pivot": [0, 0, 0]
				},
				{
					"name": "rose",
					"parent": "stone_tomb",
					"pivot": [-0.72, 4.33, -1.71],
					"rotation": [85, -32.5, 0]
				},
				{
					"name": "vela",
					"pivot": [0, 11, 4],
					"cubes": [
						{
							"origin": [-5.5, 13.8, 5.5],
							"size": [1, 1, 1],
							"inflate": -0.8,
							"uv": {
								"north": {"uv": [13, 28], "uv_size": [1, 1]},
								"east": {"uv": [13, 29], "uv_size": [1, 1]},
								"south": {"uv": [13, 30], "uv_size": [1, 1]},
								"west": {"uv": [13, 31], "uv_size": [1, 1]},
								"up": {"uv": [13, 32], "uv_size": [1, 1]},
								"down": {"uv": [32, 23], "uv_size": [1, -1]}
							}
						},
						{
							"origin": [-6, 10, 4.999],
							"size": [2, 4, 2],
							"uv": {
								"north": {"uv": [35, 0], "uv_size": [2, 4]},
								"east": {"uv": [35, 4], "uv_size": [2, 4]},
								"south": {"uv": [0, 36], "uv_size": [2, 4]},
								"west": {"uv": [2, 36], "uv_size": [2, 4]},
								"up": {"uv": [28, 22], "uv_size": [2, 2]},
								"down": {"uv": [30, 24], "uv_size": [2, -2]}
							}
						}
					]
				},
				{
					"name": "hongo",
					"pivot": [-0.5, 3, -1],
					"cubes": [
						{
							"origin": [-2.81, 0.36, -1],
							"size": [4.62, 5.28, 0],
							"pivot": [-0.5, 3, -1],
							"rotation": [0, 40, 0],
							"uv": {
								"north": {"uv": [40, 0], "uv_size": [8, 7]},
								"east": {"uv": [0, 0], "uv_size": [0, 8]},
								"south": {"uv": [14, 38], "uv_size": [2, 2]},
								"west": {"uv": [0, 0], "uv_size": [0, 8]},
								"up": {"uv": [0, 0], "uv_size": [7, 0]},
								"down": {"uv": [0, 0], "uv_size": [7, 0]}
							}
						},
						{
							"origin": [-2.81, 0.36, -1],
							"size": [4.62, 5.28, 0],
							"pivot": [-0.5, 3, -1],
							"rotation": [0, -40, 0],
							"uv": {
								"north": {"uv": [40, 0], "uv_size": [8, 7]},
								"east": {"uv": [0, 0], "uv_size": [0, 8]},
								"south": {"uv": [14, 38], "uv_size": [2, 2]},
								"west": {"uv": [0, 0], "uv_size": [0, 8]},
								"up": {"uv": [0, 0], "uv_size": [7, 0]},
								"down": {"uv": [0, 0], "uv_size": [7, 0]}
							}
						}
					]
				},
				{
					"name": "hongo2",
					"pivot": [3.5, 14, 6],
					"cubes": [
						{
							"origin": [1.19, 10.36, 6],
							"size": [4.62, 5.28, 0],
							"pivot": [3.5, 14, 6],
							"rotation": [0, 40, 0],
							"uv": {
								"north": {"uv": [40, 0], "uv_size": [8, 7]},
								"east": {"uv": [0, 0], "uv_size": [0, 8]},
								"south": {"uv": [14, 38], "uv_size": [2, 2]},
								"west": {"uv": [0, 0], "uv_size": [0, 8]},
								"up": {"uv": [0, 0], "uv_size": [7, 0]},
								"down": {"uv": [0, 0], "uv_size": [7, 0]}
							}
						},
						{
							"origin": [1.19, 10.36, 6],
							"size": [4.62, 5.28, 0],
							"pivot": [3.5, 14, 6],
							"rotation": [0, -40, 0],
							"uv": {
								"north": {"uv": [40, 0], "uv_size": [8, 7]},
								"east": {"uv": [0, 0], "uv_size": [0, 8]},
								"south": {"uv": [14, 38], "uv_size": [2, 2]},
								"west": {"uv": [0, 0], "uv_size": [0, 8]},
								"up": {"uv": [0, 0], "uv_size": [7, 0]},
								"down": {"uv": [0, 0], "uv_size": [7, 0]}
							}
						}
					]
				},
				{
					"name": "hongo3",
					"pivot": [-4.5, 3, 2],
					"rotation": [0, 0, -12.5],
					"cubes": [
						{
							"origin": [-6.81, 0.36, 2],
							"size": [4.62, 5.28, 0],
							"pivot": [-4.5, 3, 2],
							"rotation": [0, 40, 0],
							"uv": {
								"north": {"uv": [40, 0], "uv_size": [8, 7]},
								"east": {"uv": [0, 0], "uv_size": [0, 8]},
								"south": {"uv": [14, 38], "uv_size": [2, 2]},
								"west": {"uv": [0, 0], "uv_size": [0, 8]},
								"up": {"uv": [0, 0], "uv_size": [7, 0]},
								"down": {"uv": [0, 0], "uv_size": [7, 0]}
							}
						},
						{
							"origin": [-6.81, 0.36, 2],
							"size": [4.62, 5.28, 0],
							"pivot": [-4.5, 3, 2],
							"rotation": [0, -40, 0],
							"uv": {
								"north": {"uv": [40, 0], "uv_size": [8, 7]},
								"east": {"uv": [0, 0], "uv_size": [0, 8]},
								"south": {"uv": [14, 38], "uv_size": [2, 2]},
								"west": {"uv": [0, 0], "uv_size": [0, 8]},
								"up": {"uv": [0, 0], "uv_size": [7, 0]},
								"down": {"uv": [0, 0], "uv_size": [7, 0]}
							}
						}
					]
				},
				{
					"name": "hongo4",
					"pivot": [6.5, 3, -4],
					"rotation": [0, 0, 12.5],
					"cubes": [
						{
							"origin": [3.39, 0.36, -4],
							"size": [4.62, 5.28, 0],
							"pivot": [5.7, 3, -4],
							"rotation": [0, -40, 0],
							"uv": {
								"north": {"uv": [48, 0], "uv_size": [-8, 7]},
								"east": {"uv": [0, 0], "uv_size": [0, 8]},
								"south": {"uv": [16, 38], "uv_size": [-2, 2]},
								"west": {"uv": [0, 0], "uv_size": [0, 8]},
								"up": {"uv": [7, 0], "uv_size": [-7, 0]},
								"down": {"uv": [7, 0], "uv_size": [-7, 0]}
							}
						},
						{
							"origin": [3.39, 0.36, -4],
							"size": [4.62, 5.28, 0],
							"pivot": [5.7, 3, -4],
							"rotation": [0, 40, 0],
							"uv": {
								"north": {"uv": [48, 0], "uv_size": [-8, 7]},
								"east": {"uv": [0, 0], "uv_size": [0, 8]},
								"south": {"uv": [16, 38], "uv_size": [-2, 2]},
								"west": {"uv": [0, 0], "uv_size": [0, 8]},
								"up": {"uv": [7, 0], "uv_size": [-7, 0]},
								"down": {"uv": [7, 0], "uv_size": [-7, 0]}
							}
						}
					]
				}
			]
		}
	]
}