{
	"format_version": "1.12.0",
	"minecraft:geometry": [
		{
			"description": {
				"identifier": "geometry.tumba9",
				"texture_width": 64,
				"texture_height": 64,
				"visible_bounds_width": 3,
				"visible_bounds_height": 2.5,
				"visible_bounds_offset": [0, 0.75, 0]
			},
			"bones": [
				{
					"name": "bb_main",
					"pivot": [0, 0, 0]
				},
				{
					"name": "bone",
					"pivot": [4, 0, -2]
				},
				{
					"name": "bone2",
					"parent": "bone",
					"pivot": [4, 0, -5]
				},
				{
					"name": "bone3",
					"parent": "bone",
					"pivot": [4, 0, -8],
					"cubes": [
						{
							"origin": [-4.5, 2.3, 2],
							"size": [8, 8, 8],
							"inflate": -1,
							"pivot": [-2.5, 5, 11],
							"rotation": [6.18274, -15.74249, 53.29658],
							"uv": {
								"north": {"uv": [8, 12], "uv_size": [-8, 8]},
								"east": {"uv": [24, 8], "uv_size": [-8, 8]},
								"south": {"uv": [24, 0], "uv_size": [-8, 8]},
								"west": {"uv": [16, 12], "uv_size": [-8, 8]},
								"up": {"uv": [24, 16], "uv_size": [-8, 8]},
								"down": {"uv": [8, 28], "uv_size": [-8, -8]}
							}
						},
						{
							"origin": [-4, 0, -7],
							"size": [8, 4, 12],
							"inflate": -1,
							"pivot": [3, 2, 3],
							"rotation": [5, 0, 0],
							"uv": {
								"north": {"uv": [8, 20], "uv_size": [8, 4]},
								"east": {"uv": [45, 0], "uv_size": [-12, 4]},
								"south": {"uv": [8, 24], "uv_size": [8, 4]},
								"west": {"uv": [33, 0], "uv_size": [12, 4]},
								"up": {"uv": [24, 0], "uv_size": [8, 12]},
								"down": {"uv": [24, 26], "uv_size": [8, -11]}
							}
						},
						{
							"origin": [-2.8, -1, -6],
							"size": [2, 2, 12],
							"inflate": -0.5,
							"pivot": [-4, 2, 5],
							"rotation": [-31.06818, 45.48122, -36.20681],
							"uv": {
								"north": {"uv": [13, 1], "uv_size": [2, 2]},
								"east": {"uv": [1, 1], "uv_size": [12, 2]},
								"south": {"uv": [13, 1], "uv_size": [2, 2]},
								"west": {"uv": [1, 1], "uv_size": [12, 2]},
								"up": {"uv": [44, 30], "uv_size": [-2, -12]},
								"down": {"uv": [2, 12], "uv_size": [-2, -12]}
							}
						},
						{
							"origin": [7.2, 0.3, -1.1],
							"size": [2, 2, 12],
							"inflate": -0.5,
							"pivot": [8, 2, 5],
							"rotation": [-109.93486, -32.09801, 96.00865],
							"uv": {
								"north": {"uv": [15, 1], "uv_size": [-2, 2]},
								"east": {"uv": [13, 1], "uv_size": [-12, 2]},
								"south": {"uv": [15, 1], "uv_size": [-2, 2]},
								"west": {"uv": [13, 1], "uv_size": [-12, 2]},
								"up": {"uv": [42, 30], "uv_size": [2, -12]},
								"down": {"uv": [0, 12], "uv_size": [2, -12]}
							}
						}
					]
				},
				{
					"name": "bone4",
					"parent": "bone",
					"pivot": [1, 0, -8]
				},
				{
					"name": "bone5",
					"parent": "bone",
					"pivot": [1, 0, -5]
				},
				{
					"name": "bone6",
					"parent": "bone",
					"pivot": [1, 0, -2]
				},
				{
					"name": "sword",
					"pivot": [0, 0, 0]
				}
			]
		}
	]
}