{
	"format_version": "1.12.0",
	"minecraft:geometry": [
		{
			"description": {
				"identifier": "geometry.tumba8",
				"texture_width": 64,
				"texture_height": 64,
				"visible_bounds_width": 3,
				"visible_bounds_height": 2.5,
				"visible_bounds_offset": [0, 0.75, 0]
			},
			"bones": [
				{
					"name": "bb_main",
					"pivot": [0, 0, 0],
					"cubes": [
						{
							"origin": [-7.04048, 0, -0.92959],
							"size": [4, 4, 4],
							"pivot": [-5.04048, 2, 1.07041],
							"rotation": [0, -10, 0],
							"uv": {
								"north": {"uv": [48, 32], "uv_size": [16, 16]},
								"east": {"uv": [48, 16], "uv_size": [16, 16]},
								"south": {"uv": [48, 16], "uv_size": [16, 16]},
								"west": {"uv": [48, 16], "uv_size": [16, 16]},
								"up": {"uv": [64, 16], "uv_size": [-16, -16]},
								"down": {"uv": [64, 16], "uv_size": [-16, -16]}
							}
						}
					]
				},
				{
					"name": "bone",
					"pivot": [2, 0, -2]
				},
				{
					"name": "bone2",
					"parent": "bone",
					"pivot": [2, 0, -5]
				},
				{
					"name": "bone3",
					"parent": "bone",
					"pivot": [2, 0, -8],
					"cubes": [
						{
							"origin": [-2.4, -0.4, -0.5],
							"size": [8, 8, 8],
							"inflate": -1,
							"pivot": [0.5, 3, 6.3],
							"rotation": [0, 0, -57.5],
							"uv": {
								"north": {"uv": [0, 12], "uv_size": [8, 8]},
								"east": {"uv": [8, 12], "uv_size": [8, 8]},
								"south": {"uv": [16, 0], "uv_size": [8, 8]},
								"west": {"uv": [16, 8], "uv_size": [8, 8]},
								"up": {"uv": [16, 16], "uv_size": [8, 8]},
								"down": {"uv": [0, 28], "uv_size": [8, -8]}
							}
						},
						{
							"origin": [-3, 0, -8.7],
							"size": [8, 4, 12],
							"inflate": -1,
							"pivot": [1, 2, 3.3],
							"rotation": [5, 0, 0],
							"uv": {
								"north": {"uv": [8, 20], "uv_size": [8, 4]},
								"east": {"uv": [45, 0], "uv_size": [-12, 4]},
								"south": {"uv": [8, 24], "uv_size": [8, 4]},
								"west": {"uv": [33, 0], "uv_size": [12, 4]},
								"up": {"uv": [24, 0], "uv_size": [8, 12]},
								"down": {"uv": [24, 26], "uv_size": [8, -11]}
							}
						}
					]
				},
				{
					"name": "bone4",
					"parent": "bone",
					"pivot": [-1, 0, -8]
				},
				{
					"name": "bone5",
					"parent": "bone",
					"pivot": [-1, 0, -5]
				},
				{
					"name": "bone6",
					"parent": "bone",
					"pivot": [-1, 0, -2]
				},
				{
					"name": "sword",
					"pivot": [0, 0, 0]
				}
			]
		}
	]
}