{
	"format_version": "1.12.0",
	"minecraft:geometry": [
		{
			"description": {
				"identifier": "geometry.tumba3",
				"texture_width": 64,
				"texture_height": 64,
				"visible_bounds_width": 3,
				"visible_bounds_height": 2.5,
				"visible_bounds_offset": [0, 0.75, 0]
			},
			"bones": [
				{
					"name": "stone_tomb",
					"pivot": [0, 0, 0],
					"cubes": [
						{
							"origin": [-6, 0, -6],
							"size": [12, 1.3, 12],
							"uv": {
								"north": {"uv": [28, 21], "uv_size": [12, 1]},
								"east": {"uv": [28, 19], "uv_size": [13, 1]},
								"south": {"uv": [28, 22], "uv_size": [12, 1]},
								"west": {"uv": [28, 20], "uv_size": [13, 1]},
								"up": {"uv": [14, 27], "uv_size": [12, 12]},
								"down": {"uv": [26, 37], "uv_size": [12, -13]}
							}
						},
						{
							"origin": [-7, 0, -7],
							"size": [14, 0.3, 14],
							"uv": {
								"north": {"uv": [28, 15], "uv_size": [14, 1]},
								"east": {"uv": [28, 16], "uv_size": [14, 1]},
								"south": {"uv": [28, 17], "uv_size": [14, 1]},
								"west": {"uv": [28, 18], "uv_size": [14, 1]},
								"up": {"uv": [0, 0], "uv_size": [14, 12]},
								"down": {"uv": [0, 28], "uv_size": [14, -14]}
							}
						},
						{
							"origin": [-7, 0.3, 4],
							"size": [14, 12, 3],
							"uv": {
								"north": {"uv": [14, 0], "uv_size": [14, 12]},
								"east": {"uv": [2, 31], "uv_size": [3, 12]},
								"south": {"uv": [14, 0], "uv_size": [14, 12]},
								"west": {"uv": [2, 31], "uv_size": [3, 12]},
								"up": {"uv": [17, 4], "uv_size": [9, 3]},
								"down": {"uv": [28, 3], "uv_size": [14, -3]}
							}
						}
					]
				},
				{
					"name": "arm",
					"parent": "stone_tomb",
					"pivot": [0, 0, 0],
					"cubes": [
						{
							"origin": [-1, 0.6, -2.5],
							"size": [2, 7, 2],
							"pivot": [0, 0.2, 0],
							"rotation": [7.47178, -0.65182, 4.95744],
							"uv": {
								"north": {"uv": [9, 31], "uv_size": [2, 7]},
								"east": {"uv": [11, 31], "uv_size": [2, 7]},
								"south": {"uv": [33, 3], "uv_size": [2, 7]},
								"west": {"uv": [35, 3], "uv_size": [2, 7]},
								"up": {"uv": [11, 38], "uv_size": [2, 2]},
								"down": {"uv": [38, 25], "uv_size": [2, -2]}
							}
						}
					]
				},
				{
					"name": "rose",
					"parent": "stone_tomb",
					"pivot": [-0.72, 6.33, -0.71],
					"rotation": [22.5, -32.5, 0],
					"cubes": [
						{
							"origin": [-0.66, 6.18478, -4.50346],
							"size": [0.66, 0.66, 2.64],
							"uv": {
								"north": {"uv": [36, 14], "uv_size": [1, 1]},
								"east": {"uv": [28, 23], "uv_size": [3, 1]},
								"south": {"uv": [37, 23], "uv_size": [1, 1]},
								"west": {"uv": [31, 23], "uv_size": [3, 1]},
								"up": {"uv": [13, 31], "uv_size": [1, 3]},
								"down": {"uv": [13, 37], "uv_size": [1, -3]}
							}
						},
						{
							"origin": [-1.32, 6.18478, -3.84346],
							"size": [0.66, 0.66, 0.66],
							"uv": {
								"north": {"uv": [39, 9], "uv_size": [1, 1]},
								"east": {"uv": [39, 10], "uv_size": [1, 1]},
								"south": {"uv": [39, 11], "uv_size": [1, 1]},
								"west": {"uv": [39, 12], "uv_size": [1, 1]},
								"up": {"uv": [13, 39], "uv_size": [1, 1]},
								"down": {"uv": [39, 14], "uv_size": [1, -1]}
							}
						},
						{
							"origin": [0, 6.18478, -3.18346],
							"size": [0.66, 0.66, 0.66],
							"uv": {
								"north": {"uv": [14, 39], "uv_size": [1, 1]},
								"east": {"uv": [39, 14], "uv_size": [1, 1]},
								"south": {"uv": [15, 39], "uv_size": [1, 1]},
								"west": {"uv": [16, 39], "uv_size": [1, 1]},
								"up": {"uv": [17, 39], "uv_size": [1, 1]},
								"down": {"uv": [18, 40], "uv_size": [1, -1]}
							}
						},
						{
							"origin": [-0.66, 6.18478, -0.54346],
							"size": [0.66, 0.66, 0.66],
							"uv": {
								"north": {"uv": [21, 39], "uv_size": [1, 1]},
								"east": {"uv": [22, 39], "uv_size": [1, 1]},
								"south": {"uv": [23, 39], "uv_size": [1, 1]},
								"west": {"uv": [24, 39], "uv_size": [1, 1]},
								"up": {"uv": [25, 39], "uv_size": [1, 1]},
								"down": {"uv": [39, 26], "uv_size": [1, -1]}
							}
						},
						{
							"origin": [-1.98, 6.18478, -0.54346],
							"size": [0.66, 0.66, 0.66],
							"uv": {
								"north": {"uv": [29, 39], "uv_size": [1, 1]},
								"east": {"uv": [39, 29], "uv_size": [1, 1]},
								"south": {"uv": [30, 39], "uv_size": [1, 1]},
								"west": {"uv": [39, 30], "uv_size": [1, 1]},
								"up": {"uv": [31, 39], "uv_size": [1, 1]},
								"down": {"uv": [32, 40], "uv_size": [1, -1]}
							}
						},
						{
							"origin": [-1.98, 6.18478, 0.11654],
							"size": [3.3, 0.66, 0.66],
							"uv": {
								"north": {"uv": [38, 31], "uv_size": [3, 1]},
								"east": {"uv": [33, 39], "uv_size": [1, 1]},
								"south": {"uv": [38, 32], "uv_size": [3, 1]},
								"west": {"uv": [34, 39], "uv_size": [1, 1]},
								"up": {"uv": [38, 33], "uv_size": [3, 1]},
								"down": {"uv": [38, 35], "uv_size": [3, -1]}
							}
						},
						{
							"origin": [-2.64, 6.18478, 0.77654],
							"size": [3.3, 0.66, 0.66],
							"uv": {
								"north": {"uv": [38, 35], "uv_size": [3, 1]},
								"east": {"uv": [35, 39], "uv_size": [1, 1]},
								"south": {"uv": [38, 36], "uv_size": [3, 1]},
								"west": {"uv": [36, 39], "uv_size": [1, 1]},
								"up": {"uv": [39, 3], "uv_size": [3, 1]},
								"down": {"uv": [39, 5], "uv_size": [3, -1]}
							}
						},
						{
							"origin": [-1.98, 6.18478, 1.43654],
							"size": [3.3, 0.66, 0.66],
							"uv": {
								"north": {"uv": [39, 5], "uv_size": [3, 1]},
								"east": {"uv": [37, 39], "uv_size": [1, 1]},
								"south": {"uv": [39, 6], "uv_size": [3, 1]},
								"west": {"uv": [39, 37], "uv_size": [1, 1]},
								"up": {"uv": [39, 7], "uv_size": [3, 1]},
								"down": {"uv": [39, 9], "uv_size": [3, -1]}
							}
						},
						{
							"origin": [-1.32, 6.18478, 2.09654],
							"size": [1.32, 0.66, 0.66],
							"uv": {
								"north": {"uv": [38, 39], "uv_size": [1, 1]},
								"east": {"uv": [39, 38], "uv_size": [1, 1]},
								"south": {"uv": [39, 39], "uv_size": [1, 1]},
								"west": {"uv": [9, 40], "uv_size": [1, 1]},
								"up": {"uv": [40, 9], "uv_size": [1, 1]},
								"down": {"uv": [10, 41], "uv_size": [1, -1]}
							}
						},
						{
							"origin": [-1.98, 6.18478, -1.86346],
							"size": [0.66, 0.66, 0.66],
							"uv": {
								"north": {"uv": [26, 39], "uv_size": [1, 1]},
								"east": {"uv": [39, 26], "uv_size": [1, 1]},
								"south": {"uv": [27, 39], "uv_size": [1, 1]},
								"west": {"uv": [39, 27], "uv_size": [1, 1]},
								"up": {"uv": [28, 39], "uv_size": [1, 1]},
								"down": {"uv": [39, 29], "uv_size": [1, -1]}
							}
						},
						{
							"origin": [-1.32, 6.18478, -2.52346],
							"size": [0.66, 0.66, 2.64],
							"uv": {
								"north": {"uv": [19, 39], "uv_size": [1, 1]},
								"east": {"uv": [33, 14], "uv_size": [3, 1]},
								"south": {"uv": [20, 39], "uv_size": [1, 1]},
								"west": {"uv": [34, 23], "uv_size": [3, 1]},
								"up": {"uv": [38, 25], "uv_size": [1, 3]},
								"down": {"uv": [38, 31], "uv_size": [1, -3]}
							}
						}
					]
				},
				{
					"name": "vela",
					"pivot": [10, 0.2, 0],
					"cubes": [
						{
							"origin": [4.5, 4.1, 1.5],
							"size": [1, 1, 1],
							"inflate": -0.8,
							"uv": {
								"north": {"uv": [40, 10], "uv_size": [1, 1]},
								"east": {"uv": [11, 40], "uv_size": [1, 1]},
								"south": {"uv": [40, 11], "uv_size": [1, 1]},
								"west": {"uv": [12, 40], "uv_size": [1, 1]},
								"up": {"uv": [40, 12], "uv_size": [1, 1]},
								"down": {"uv": [13, 41], "uv_size": [1, -1]}
							}
						},
						{
							"origin": [3.8, 0.3, 1],
							"size": [2, 4, 2],
							"uv": {
								"north": {"uv": [33, 10], "uv_size": [2, 4]},
								"east": {"uv": [35, 10], "uv_size": [2, 4]},
								"south": {"uv": [37, 3], "uv_size": [2, 4]},
								"west": {"uv": [37, 7], "uv_size": [2, 4]},
								"up": {"uv": [37, 11], "uv_size": [2, 2]},
								"down": {"uv": [13, 39], "uv_size": [2, -2]}
							}
						}
					]
				}
			]
		}
	]
}