{
	"format_version": "1.12.0",
	"minecraft:geometry": [
		{
			"description": {
				"identifier": "geometry.tumba1",
				"texture_width": 64,
				"texture_height": 64,
				"visible_bounds_width": 2,
				"visible_bounds_height": 2.5,
				"visible_bounds_offset": [0, 0.75, 0]
			},
			"bones": [
				{
					"name": "stone_tomb",
					"pivot": [0, 0, 0],
					"cubes": [
						{
							"origin": [-6, 0, -6],
							"size": [12, 1.3, 13],
							"uv": {
								"north": {"uv": [28, 12], "uv_size": [14, 1]},
								"east": {"uv": [28, 13], "uv_size": [14, 1]},
								"south": {"uv": [28, 14], "uv_size": [14, 1]},
								"west": {"uv": [28, 15], "uv_size": [14, 1]},
								"up": {"uv": [33, 16], "uv_size": [14, 14]},
								"down": {"uv": [0, 28], "uv_size": [14, -14]}
							}
						},
						{
							"origin": [-7, 0, -7],
							"size": [14, 0.3, 14],
							"uv": {
								"north": {"uv": [28, 12], "uv_size": [14, 1]},
								"east": {"uv": [28, 13], "uv_size": [14, 1]},
								"south": {"uv": [28, 14], "uv_size": [14, 1]},
								"west": {"uv": [28, 15], "uv_size": [14, 1]},
								"up": {"uv": [0, 0], "uv_size": [14, 14]},
								"down": {"uv": [0, 28], "uv_size": [14, -14]}
							}
						},
						{
							"origin": [-7, 0, 4],
							"size": [14, 12, 3],
							"uv": {
								"north": {"uv": [14, 0], "uv_size": [14, 12]},
								"east": {"uv": [0, 28], "uv_size": [3, 12]},
								"south": {"uv": [14, 0], "uv_size": [14, 12]},
								"west": {"uv": [28, 0], "uv_size": [3, 12]},
								"up": {"uv": [14, 24], "uv_size": [14, 3]},
								"down": {"uv": [14, 30], "uv_size": [14, -3]}
							}
						},
						{
							"origin": [-2, 1.5, 3.99],
							"size": [4, 8, 0],
							"uv": {
								"north": {"uv": [35, 0], "uv_size": [3, 6]},
								"east": {"uv": [0, 0], "uv_size": [0, 1]},
								"south": {"uv": [52, 6], "uv_size": [1, 1]},
								"west": {"uv": [0, 0], "uv_size": [0, 1]},
								"up": {"uv": [1, 0], "uv_size": [-1, 0]},
								"down": {"uv": [1, 0], "uv_size": [-1, 0]}
							}
						}
					]
				},
				{
					"name": "rose",
					"parent": "stone_tomb",
					"pivot": [-0.72, 1.33, -0.71],
					"rotation": [0, -50, 0],
					"cubes": [
						{
							"origin": [-0.66, 1, -4.58],
							"size": [0.66, 0.66, 2.64],
							"uv": {
								"north": {"uv": [11, 30], "uv_size": [1, 1]},
								"east": {"uv": [28, 18], "uv_size": [3, 1]},
								"south": {"uv": [12, 30], "uv_size": [1, 1]},
								"west": {"uv": [28, 19], "uv_size": [3, 1]},
								"up": {"uv": [13, 28], "uv_size": [1, 3]},
								"down": {"uv": [28, 23], "uv_size": [1, -3]}
							}
						},
						{
							"origin": [-1.32, 1, -3.92],
							"size": [0.66, 0.66, 0.66],
							"uv": {
								"north": {"uv": [20, 30], "uv_size": [1, 1]},
								"east": {"uv": [21, 30], "uv_size": [1, 1]},
								"south": {"uv": [22, 30], "uv_size": [1, 1]},
								"west": {"uv": [23, 30], "uv_size": [1, 1]},
								"up": {"uv": [24, 30], "uv_size": [1, 1]},
								"down": {"uv": [25, 31], "uv_size": [1, -1]}
							}
						},
						{
							"origin": [0, 1, -3.26],
							"size": [0.66, 0.66, 0.66],
							"uv": {
								"north": {"uv": [26, 30], "uv_size": [1, 1]},
								"east": {"uv": [27, 30], "uv_size": [1, 1]},
								"south": {"uv": [29, 30], "uv_size": [1, 1]},
								"west": {"uv": [30, 30], "uv_size": [1, 1]},
								"up": {"uv": [31, 0], "uv_size": [1, 1]},
								"down": {"uv": [31, 2], "uv_size": [1, -1]}
							}
						},
						{
							"origin": [-0.66, 1, -0.62],
							"size": [0.66, 0.66, 0.66],
							"uv": {
								"north": {"uv": [31, 4], "uv_size": [1, 1]},
								"east": {"uv": [31, 5], "uv_size": [1, 1]},
								"south": {"uv": [31, 6], "uv_size": [1, 1]},
								"west": {"uv": [31, 7], "uv_size": [1, 1]},
								"up": {"uv": [31, 8], "uv_size": [1, 1]},
								"down": {"uv": [31, 10], "uv_size": [1, -1]}
							}
						},
						{
							"origin": [-1.98, 1, -0.62],
							"size": [0.66, 0.66, 0.66],
							"uv": {
								"north": {"uv": [15, 31], "uv_size": [1, 1]},
								"east": {"uv": [16, 31], "uv_size": [1, 1]},
								"south": {"uv": [17, 31], "uv_size": [1, 1]},
								"west": {"uv": [18, 31], "uv_size": [1, 1]},
								"up": {"uv": [31, 18], "uv_size": [1, 1]},
								"down": {"uv": [19, 32], "uv_size": [1, -1]}
							}
						},
						{
							"origin": [-1.98, 1, 0.04],
							"size": [3.3, 0.66, 0.66],
							"uv": {
								"north": {"uv": [29, 20], "uv_size": [3, 1]},
								"east": {"uv": [31, 19], "uv_size": [1, 1]},
								"south": {"uv": [29, 21], "uv_size": [3, 1]},
								"west": {"uv": [20, 31], "uv_size": [1, 1]},
								"up": {"uv": [29, 22], "uv_size": [3, 1]},
								"down": {"uv": [29, 26], "uv_size": [3, -1]}
							}
						},
						{
							"origin": [-2.64, 1, 0.7],
							"size": [3.3, 0.66, 0.66],
							"uv": {
								"north": {"uv": [29, 26], "uv_size": [3, 1]},
								"east": {"uv": [21, 31], "uv_size": [1, 1]},
								"south": {"uv": [29, 27], "uv_size": [3, 1]},
								"west": {"uv": [22, 31], "uv_size": [1, 1]},
								"up": {"uv": [29, 28], "uv_size": [3, 1]},
								"down": {"uv": [29, 30], "uv_size": [3, -1]}
							}
						},
						{
							"origin": [-1.98, 1, 1.36],
							"size": [3.3, 0.66, 0.66],
							"uv": {
								"north": {"uv": [14, 30], "uv_size": [3, 1]},
								"east": {"uv": [23, 31], "uv_size": [1, 1]},
								"south": {"uv": [30, 16], "uv_size": [3, 1]},
								"west": {"uv": [31, 23], "uv_size": [1, 1]},
								"up": {"uv": [17, 30], "uv_size": [3, 1]},
								"down": {"uv": [30, 18], "uv_size": [3, -1]}
							}
						},
						{
							"origin": [-1.32, 1, 2.02],
							"size": [1.32, 0.66, 0.66],
							"uv": {
								"north": {"uv": [24, 31], "uv_size": [1, 1]},
								"east": {"uv": [31, 24], "uv_size": [1, 1]},
								"south": {"uv": [25, 31], "uv_size": [1, 1]},
								"west": {"uv": [26, 31], "uv_size": [1, 1]},
								"up": {"uv": [27, 31], "uv_size": [1, 1]},
								"down": {"uv": [28, 32], "uv_size": [1, -1]}
							}
						},
						{
							"origin": [-1.98, 1, -1.94],
							"size": [0.66, 0.66, 0.66],
							"uv": {
								"north": {"uv": [31, 10], "uv_size": [1, 1]},
								"east": {"uv": [11, 31], "uv_size": [1, 1]},
								"south": {"uv": [31, 11], "uv_size": [1, 1]},
								"west": {"uv": [12, 31], "uv_size": [1, 1]},
								"up": {"uv": [13, 31], "uv_size": [1, 1]},
								"down": {"uv": [14, 32], "uv_size": [1, -1]}
							}
						},
						{
							"origin": [-1.32, 1, -2.6],
							"size": [0.66, 0.66, 2.64],
							"uv": {
								"north": {"uv": [31, 2], "uv_size": [1, 1]},
								"east": {"uv": [28, 23], "uv_size": [3, 1]},
								"south": {"uv": [31, 3], "uv_size": [1, 1]},
								"west": {"uv": [28, 24], "uv_size": [3, 1]},
								"up": {"uv": [28, 25], "uv_size": [1, 3]},
								"down": {"uv": [28, 31], "uv_size": [1, -3]}
							}
						}
					]
				},
				{
					"name": "vela",
					"pivot": [9, 1, 0],
					"cubes": [
						{
							"origin": [3.5, 4.8, 1.5],
							"size": [1, 1, 1],
							"inflate": -0.8,
							"uv": {
								"north": {"uv": [29, 31], "uv_size": [1, 1]},
								"east": {"uv": [30, 31], "uv_size": [1, 1]},
								"south": {"uv": [31, 30], "uv_size": [1, 1]},
								"west": {"uv": [31, 31], "uv_size": [1, 1]},
								"up": {"uv": [32, 0], "uv_size": [1, 1]},
								"down": {"uv": [32, 2], "uv_size": [1, -1]}
							}
						},
						{
							"origin": [3, 1, 1],
							"size": [2, 4, 2],
							"uv": {
								"north": {"uv": [3, 28], "uv_size": [2, 4]},
								"east": {"uv": [5, 28], "uv_size": [-2, 4]},
								"south": {"uv": [3, 28], "uv_size": [2, 4]},
								"west": {"uv": [5, 28], "uv_size": [-2, 4]},
								"up": {"uv": [11, 28], "uv_size": [2, 2]},
								"down": {"uv": [28, 18], "uv_size": [2, -2]}
							}
						}
					]
				}
			]
		}
	]
}