{
	"format_version": "1.12.0",
	"minecraft:geometry": [
		{
			"description": {
				"identifier": "geometry.tumba7",
				"texture_width": 64,
				"texture_height": 64,
				"visible_bounds_width": 3,
				"visible_bounds_height": 2.5,
				"visible_bounds_offset": [0, 0.75, 0]
			},
			"bones": [
				{
					"name": "stone_tomb",
					"pivot": [-1.875, 5.75, 5.5],
					"rotation": [-16.77536, -1.44638, -2.22326],
					"cubes": [
						{
							"origin": [-6.02524, 0.41147, 3.04286],
							"size": [5, 11.3, 3],
							"uv": {
								"north": {"uv": [26, 0], "uv_size": [5, 12]},
								"east": {"uv": [24, 26], "uv_size": [3, 12]},
								"south": {"uv": [26, 12], "uv_size": [5, 10]},
								"west": {"uv": [27, 24], "uv_size": [3, 12]},
								"up": {"uv": [6, 28], "uv_size": [5, 3]},
								"down": {"uv": [30, 27], "uv_size": [5, -3]}
							}
						},
						{
							"origin": [-1.02524, 2.91147, 3.04286],
							"size": [1, 4, 3],
							"uv": {
								"north": {"uv": [31, 36], "uv_size": [1, 4]},
								"east": {"uv": [6, 34], "uv_size": [3, 4]},
								"south": {"uv": [32, 36], "uv_size": [1, 4]},
								"west": {"uv": [9, 34], "uv_size": [3, 4]},
								"up": {"uv": [38, 15], "uv_size": [1, 3]},
								"down": {"uv": [16, 41], "uv_size": [1, -3]}
							}
						},
						{
							"origin": [-1.02524, 8.71147, 3.04286],
							"size": [1, 1, 3],
							"uv": {
								"north": {"uv": [39, 31], "uv_size": [1, 1]},
								"east": {"uv": [17, 38], "uv_size": [3, 1]},
								"south": {"uv": [34, 39], "uv_size": [1, 1]},
								"west": {"uv": [38, 18], "uv_size": [3, 1]},
								"up": {"uv": [38, 19], "uv_size": [1, 3]},
								"down": {"uv": [20, 41], "uv_size": [1, -3]}
							}
						},
						{
							"origin": [-1.02524, 0.01147, 3.04286],
							"size": [4, 3, 3],
							"uv": {
								"north": {"uv": [31, 12], "uv_size": [4, 3]},
								"east": {"uv": [35, 15], "uv_size": [3, 3]},
								"south": {"uv": [31, 17], "uv_size": [4, 3]},
								"west": {"uv": [35, 18], "uv_size": [3, 3]},
								"up": {"uv": [31, 20], "uv_size": [4, 3]},
								"down": {"uv": [30, 36], "uv_size": [4, -3]}
							}
						}
					]
				},
				{
					"name": "base",
					"pivot": [0, 0, 0],
					"cubes": [
						{
							"origin": [-6, 0, -7],
							"size": [12, 1.3, 13],
							"uv": {
								"north": {"uv": [31, 6], "uv_size": [12, 1]},
								"east": {"uv": [31, 4], "uv_size": [13, 1]},
								"south": {"uv": [31, 7], "uv_size": [12, 1]},
								"west": {"uv": [31, 5], "uv_size": [13, 1]},
								"up": {"uv": [14, 3], "uv_size": [12, 13]},
								"down": {"uv": [14, 26], "uv_size": [12, -13]}
							}
						},
						{
							"origin": [-7, 0, -8],
							"size": [14, 0.3, 14],
							"uv": {
								"north": {"uv": [31, 0], "uv_size": [14, 1]},
								"east": {"uv": [31, 1], "uv_size": [14, 1]},
								"south": {"uv": [31, 2], "uv_size": [14, 1]},
								"west": {"uv": [31, 3], "uv_size": [14, 1]},
								"up": {"uv": [0, 0], "uv_size": [14, 14]},
								"down": {"uv": [0, 28], "uv_size": [14, -14]}
							}
						}
					]
				},
				{
					"name": "vela",
					"pivot": [6, 3.15, 2],
					"rotation": [0, 0, 27.5],
					"cubes": [
						{
							"origin": [5.5, 3.8, 0.5],
							"size": [1, 1, 1],
							"inflate": -0.8,
							"uv": {
								"north": {"uv": [28, 39], "uv_size": [1, 1]},
								"east": {"uv": [39, 28], "uv_size": [1, 1]},
								"south": {"uv": [29, 39], "uv_size": [1, 1]},
								"west": {"uv": [39, 29], "uv_size": [1, 1]},
								"up": {"uv": [30, 39], "uv_size": [1, 1]},
								"down": {"uv": [39, 31], "uv_size": [1, -1]}
							}
						},
						{
							"origin": [5, 0.2, 0],
							"size": [2, 3.8, 2],
							"uv": {
								"north": {"uv": [12, 34], "uv_size": [2, 4]},
								"east": {"uv": [35, 21], "uv_size": [2, 4]},
								"south": {"uv": [35, 25], "uv_size": [2, 4]},
								"west": {"uv": [35, 29], "uv_size": [2, 4]},
								"up": {"uv": [27, 36], "uv_size": [2, 2]},
								"down": {"uv": [29, 38], "uv_size": [2, -2]}
							}
						}
					]
				},
				{
					"name": "rose",
					"pivot": [-0.72, 1.33, -0.71],
					"rotation": [0, -50, 0],
					"cubes": [
						{
							"origin": [-1.42604, 1, -5.22279],
							"size": [0.66, 0.66, 2.64],
							"uv": {
								"north": {"uv": [26, 24], "uv_size": [1, 1]},
								"east": {"uv": [31, 23], "uv_size": [3, 1]},
								"south": {"uv": [26, 25], "uv_size": [1, 1]},
								"west": {"uv": [37, 25], "uv_size": [3, 1]},
								"up": {"uv": [37, 26], "uv_size": [1, 3]},
								"down": {"uv": [37, 32], "uv_size": [1, -3]}
							}
						},
						{
							"origin": [-2.08604, 1, -4.56279],
							"size": [0.66, 0.66, 0.66],
							"uv": {
								"north": {"uv": [34, 23], "uv_size": [1, 1]},
								"east": {"uv": [38, 23], "uv_size": [1, 1]},
								"south": {"uv": [38, 24], "uv_size": [1, 1]},
								"west": {"uv": [27, 38], "uv_size": [1, 1]},
								"up": {"uv": [28, 38], "uv_size": [1, 1]},
								"down": {"uv": [29, 39], "uv_size": [1, -1]}
							}
						},
						{
							"origin": [-0.76604, 1, -3.90279],
							"size": [0.66, 0.66, 0.66],
							"uv": {
								"north": {"uv": [38, 29], "uv_size": [1, 1]},
								"east": {"uv": [30, 38], "uv_size": [1, 1]},
								"south": {"uv": [38, 30], "uv_size": [1, 1]},
								"west": {"uv": [38, 31], "uv_size": [1, 1]},
								"up": {"uv": [34, 38], "uv_size": [1, 1]},
								"down": {"uv": [35, 39], "uv_size": [1, -1]}
							}
						},
						{
							"origin": [-1.42604, 1, -1.26279],
							"size": [0.66, 0.66, 0.66],
							"uv": {
								"north": {"uv": [36, 38], "uv_size": [1, 1]},
								"east": {"uv": [37, 38], "uv_size": [1, 1]},
								"south": {"uv": [38, 38], "uv_size": [1, 1]},
								"west": {"uv": [6, 39], "uv_size": [1, 1]},
								"up": {"uv": [7, 39], "uv_size": [1, 1]},
								"down": {"uv": [8, 40], "uv_size": [1, -1]}
							}
						},
						{
							"origin": [-2.74604, 1, -1.26279],
							"size": [0.66, 0.66, 0.66],
							"uv": {
								"north": {"uv": [9, 39], "uv_size": [1, 1]},
								"east": {"uv": [10, 39], "uv_size": [1, 1]},
								"south": {"uv": [11, 39], "uv_size": [1, 1]},
								"west": {"uv": [12, 39], "uv_size": [1, 1]},
								"up": {"uv": [39, 12], "uv_size": [1, 1]},
								"down": {"uv": [13, 40], "uv_size": [1, -1]}
							}
						},
						{
							"origin": [-2.74604, 1, -0.60279],
							"size": [3.3, 0.66, 0.66],
							"uv": {
								"north": {"uv": [37, 32], "uv_size": [3, 1]},
								"east": {"uv": [39, 13], "uv_size": [1, 1]},
								"south": {"uv": [37, 33], "uv_size": [3, 1]},
								"west": {"uv": [14, 39], "uv_size": [1, 1]},
								"up": {"uv": [34, 37], "uv_size": [3, 1]},
								"down": {"uv": [37, 35], "uv_size": [3, -1]}
							}
						},
						{
							"origin": [-3.40604, 1, 0.05721],
							"size": [3.3, 0.66, 0.66],
							"uv": {
								"north": {"uv": [37, 35], "uv_size": [3, 1]},
								"east": {"uv": [39, 14], "uv_size": [1, 1]},
								"south": {"uv": [37, 36], "uv_size": [3, 1]},
								"west": {"uv": [39, 15], "uv_size": [1, 1]},
								"up": {"uv": [37, 37], "uv_size": [3, 1]},
								"down": {"uv": [6, 39], "uv_size": [3, -1]}
							}
						},
						{
							"origin": [-2.74604, 1, 0.71721],
							"size": [3.3, 0.66, 0.66],
							"uv": {
								"north": {"uv": [38, 8], "uv_size": [3, 1]},
								"east": {"uv": [39, 16], "uv_size": [1, 1]},
								"south": {"uv": [9, 38], "uv_size": [3, 1]},
								"west": {"uv": [17, 39], "uv_size": [1, 1]},
								"up": {"uv": [38, 9], "uv_size": [3, 1]},
								"down": {"uv": [38, 11], "uv_size": [3, -1]}
							}
						},
						{
							"origin": [-2.08604, 1, 1.37721],
							"size": [1.32, 0.66, 0.66],
							"uv": {
								"north": {"uv": [39, 17], "uv_size": [1, 1]},
								"east": {"uv": [18, 39], "uv_size": [1, 1]},
								"south": {"uv": [19, 39], "uv_size": [1, 1]},
								"west": {"uv": [39, 19], "uv_size": [1, 1]},
								"up": {"uv": [39, 20], "uv_size": [1, 1]},
								"down": {"uv": [39, 22], "uv_size": [1, -1]}
							}
						},
						{
							"origin": [-2.74604, 1, -2.58279],
							"size": [0.66, 0.66, 0.66],
							"uv": {
								"north": {"uv": [23, 39], "uv_size": [1, 1]},
								"east": {"uv": [39, 23], "uv_size": [1, 1]},
								"south": {"uv": [24, 39], "uv_size": [1, 1]},
								"west": {"uv": [39, 24], "uv_size": [1, 1]},
								"up": {"uv": [25, 39], "uv_size": [1, 1]},
								"down": {"uv": [39, 27], "uv_size": [1, -1]}
							}
						},
						{
							"origin": [-2.08604, 1, -3.24279],
							"size": [0.66, 0.66, 2.64],
							"uv": {
								"north": {"uv": [27, 39], "uv_size": [1, 1]},
								"east": {"uv": [38, 11], "uv_size": [3, 1]},
								"south": {"uv": [39, 27], "uv_size": [1, 1]},
								"west": {"uv": [12, 38], "uv_size": [3, 1]},
								"up": {"uv": [38, 12], "uv_size": [1, 3]},
								"down": {"uv": [15, 41], "uv_size": [1, -3]}
							}
						}
					]
				}
			]
		}
	]
}