{
	"format_version": "1.13.0",
	"minecraft:feature_rules": {
		"description": {
			"identifier": "ruby:overworld_underground_ruby_ore",
			"places_feature": "ruby:ruby_ore_feature"
		},
		"conditions": {
			"placement_pass": "underground_pass",
			"minecraft:biome_filter": [
				{
					"any_of": [
						{
							"test": "has_biome_tag",
							"operator": "==",
							"value": "overworld"
						},
						{
							"test": "has_biome_tag",
							"operator": "==",
							"value": "overworld_generation"
						}
					]
				}
			]
		},
		"distribution": {
			"iterations": 20,
			"coordinate_eval_order": "zyx",
			"x": {
				"distribution": "uniform",
				"extent": [
					0,
					16
				]
			},
			"y": {
				"distribution": "uniform",
				"extent": [
					0,
					64
				]
			},
			"z": {
				"distribution": "uniform",
				"extent": [
					0,
					16
				]
			}
		}
	}
}