{
    "format_version": "1.16.100",
    "minecraft:block": {
      "description": {
        "identifier": "new:tumba3"
      },
      "components": {
        "minecraft:block_light_emission": 0,
        "minecraft:loot": "loot_tables/empty.json",
        "minecraft:destroy_time": 100000,
      "minecraft:ticking": {
        "looping": true,
        "range": [0, 0],
        "on_tick": {
          "event": "new:entity_tp",
          "target": "self"
        }
      },
      "minecraft:entity_collision": {
        "size": [
          16,
          2,
          16
        ],
        "origin": [
          -8,
          0,
          -8
        ]
      },
      "minecraft:pick_collision": {
        "size": [
          16,
          2,
          16
        ],
        "origin": [
          -8,
          0,
          -8
        ]
      },
        "minecraft:block_light_absorption": 0,
        "minecraft:geometry": "geometry.tumba3",
        "minecraft:material_instances": {
          "*": {
            "texture": "tomb_3",
            "render_method": "alpha_test"
          }
        },
        "minecraft:explosion_resistance": 100
      },
      "events":{
        "new:entity_tp":{
          "run_command":{
            "command":[
              "tp @e[type=new:tumba,c=1,r=1] ^^-0.25^"
            ]
          }
        }
      }
    }
  }