{
	"resource_pack_name": "Scales and Feathers",
	"texture_name": "atlas.items",
	"texture_data": {
		"snf_alligatorscutte": {
			"textures": "textures/items/scutealligator"
		},
		"snf_geckotail": {
			"textures": "textures/items/geckotail"
		},
		"snf_chestplate_alligator": {
			"textures": "textures/items/chestplatealligatoricon"
		},
		"snf_claw": {
			"textures": "textures/items/claw"
		},
		"snf_claw_dagger": {
			"textures": "textures/items/claw_dagger"
		},
		"snf_tooth": {
			"textures": "textures/items/tooth"
		},
		"snf_straw_nest": {
			"textures": "textures/items/nest_icon"
		},
		"snf_pendant_of_the_nether": {
			"textures": "textures/items/pendant_of_the_nether"
		}
	}
}