{
    "pools": [
      {
        "rolls": 3,
      "conditions": [
        {
          "condition": "random_chance",
          "chance": 0.3
        }
      ],
          "entries": [
            {
              "type": "item",
              "name": "minecraft:bone",
              "weight": 5,
              "functions": [
                {
                  "function": "set_count",
                  "count": {
                    "max": 1,
                    "min": 0
                  }
                }
              ]
            }
          ]
        }
      ]
    }