{
	"format_version": "1.14.0",
	"sound_definitions": {
		"mob.alligator.idle": {
			"category": "ambient",
			"max_distance": 12.0,
			"sounds": [
				"sounds/alligator/alligatoridle-0",
				"sounds/alligator/alligatoridle-1",
				"sounds/alligator/alligatoridle-2",
				"sounds/alligator/alligatoridle-3"
			]
		},
		"mob.alligator.death": {
			"category": "neutral",
			"max_distance": 12.0,
			"sounds": [
				"sounds/alligator/AnyConv.com__death_0",
				"sounds/alligator/AnyConv.com__death_1",
				"sounds/alligator/AnyConv.com__death_2"
			]
		},
		"mob.alligator.hurt": {
			"category": "neutral",
			"max_distance": 12.0,
			"sounds": [
				"sounds/alligator/AnyConv.com__hurt_0",
				"sounds/alligator/AnyConv.com__hurt_1",
				"sounds/alligator/AnyConv.com__hurt_3",
				"sounds/alligator/AnyConv.com__hurt_4",
				"sounds/alligator/AnyConv.com__hurt_2"
			]
		},
		"mob.alligator.attack": {
			"category": "hostile",
			"max_distance": 12.0,
			"sounds": [
				"sounds/alligator/attack-0",
				"sounds/alligator/attack-1",
				"sounds/alligator/attack-2",
				"sounds/alligator/attack-3",
				"sounds/alligator/attack-4"
			]
		},
		"mob.babyalligator.idle": {
			"category": "neutral",
			"max_distance": 12.0,
			"sounds": [
				"sounds/babyalligator/babyalligatoridle_0",
				"sounds/babyalligator/babyalligatoridle_1",
				"sounds/babyalligator/babyalligatoridle_2",
				"sounds/babyalligator/babyalligatoridle_3",
				"sounds/babyalligator/babyalligatoridle_4"
			]
		},
		"mob.babyalligator.hurt": {
			"category": "neutral",
			"max_distance": 12.0,
			"sounds": [
				"sounds/babyalligator/babyalligatorhurt0",
				"sounds/babyalligator/babyalligatorhurt1",
				"sounds/babyalligator/babyalligatorhurt2",
				"sounds/babyalligator/babyalligatorhurt3",
				"sounds/babyalligator/babyalligatorhurt4"
			]
		},
		"mob.babyalligator.death": {
			"category": "neutral",
			"max_distance": 12.0,
			"sounds": [
				"sounds/babyalligator/babyalligatordeath0",
				"sounds/babyalligator/babyalligatordeath1"
			]
		},
		"mob.macaw.idle": {
			"category": "ambient",
			"max_distance": 48.0,
			"sounds": [
				"sounds/macaw/macawidle0",
				"sounds/macaw/macawidle1",
				"sounds/macaw/macawidle2",
				"sounds/macaw/macawidle3"
			]
		},
		"mob.macaw.hurt": {
			"category": "ambient",
			"max_distance": 12.0,
			"sounds": [
				"sounds/macaw/macawhurt0",
				"sounds/macaw/macawhurt1",
				"sounds/macaw/macawhurt2",
				"sounds/macaw/macawhurt3"
			]
		},
		"mob.macaw.death": {
			"category": "ambient",
			"max_distance": 12.0,
			"sounds": [
				"sounds/macaw/macawdeath0",
				"sounds/macaw/macawdeath1"
			]
		},
		"mob.gecko.hurt": {
			"category": "ambient",
			"max_distance": 12.0,
			"sounds": [
				"sounds/gecko/geckohurt0",
				"sounds/gecko/geckohurt1",
				"sounds/gecko/geckohurt2",
				"sounds/gecko/geckohurt3"
			]
		},
		"mob.gecko.death": {
			"category": "ambient",
			"max_distance": 12.0,
			"sounds": [
				"sounds/gecko/geckodeath0",
				"sounds/gecko/geckodeath1",
				"sounds/gecko/geckodeath2"
			]
		},
		"mob.harpyeagle.idle": {
			"category": "ambient",
			"max_distance": 36.0,
			"sounds": [
				"sounds/harpyeagle/harpyidle0",
				"sounds/harpyeagle/harpyidle1",
				"sounds/harpyeagle/harpyidle2",
				"sounds/harpyeagle/harpyidle3",
				"sounds/harpyeagle/harpyidle4"
			]
		},
		"mob.harpyeagle.hurt": {
			"category": "ambient",
			"max_distance": 12.0,
			"sounds": [
				"sounds/harpyeagle/harpyhurt0",
				"sounds/harpyeagle/harpyhurt1",
				"sounds/harpyeagle/harpyhurt2",
				"sounds/harpyeagle/harpyhurt3",
				"sounds/harpyeagle/harpyhurt4"
			]
		},
		"mob.harpyeagle.death": {
			"category": "ambient",
			"max_distance": 12.0,
			"sounds": [
				"sounds/harpyeagle/harpydeath0",
				"sounds/harpyeagle/harpydeath1"
			]
		},
		"mob.warpedtainttaur.idle": {
			"category": "ambient",
			"max_distance": 12.0,
			"sounds": [
				"sounds/warpedtainttaur/tainttauridle0",
				"sounds/warpedtainttaur/tainttauridle1",
				"sounds/warpedtainttaur/tainttauridle2",
				"sounds/warpedtainttaur/tainttauridle3"
			]
		},
		"mob.warpedtainttaur.attack": {
			"category": "ambient",
			"max_distance": 12.0,
			"sounds": [
				"sounds/warpedtainttaur/tainttaurattack0",
				"sounds/warpedtainttaur/tainttaurattack1",
				"sounds/warpedtainttaur/tainttaurattack2"
			]
		},
		"mob.warpedtainttaur.hurt": {
			"category": "ambient",
			"max_distance": 12.0,
			"sounds": [
				"sounds/warpedtainttaur/tainttaurhurt0",
				"sounds/warpedtainttaur/tainttaurhurt1",
				"sounds/warpedtainttaur/tainttaurhurt2",
				"sounds/warpedtainttaur/tainttaurhurt3"
			]
		},
		"mob.warpedtainttaur.death": {
			"category": "ambient",
			"max_distance": 12.0,
			"sounds": [
				"sounds/warpedtainttaur/tainttaurdeath0",
				"sounds/warpedtainttaur/tainttaurdeath1"
			]
		}
	}
}