{
	"pools": [
		{
			"rolls": 1,
			"conditions": [
				{
					"condition": "random_chance",
					"chance": 0.3
				}
			],
			"entries": [
				{
					"type": "item",
					"name": "minecraft:cod",
					"weight": 1
				},
				{
					"type": "item",
					"name": "minecraft:salmon",
					"weight": 1
				},
				{
					"type": "item",
					"name": "minecraft:stick",
					"weight": 1
				},
				{
					"type": "item",
					"name": "minecraft:rabbit",
					"weight": 1
				},
				{
					"type": "item",
					"name": "minecraft:porkchop",
					"weight": 1
				},
				{
					"type": "item",
					"name": "minecraft:chicken",
					"weight": 1
				},
				{
					"type": "item",
					"name": "minecraft:beef",
					"weight": 1
				},
				{
					"type": "item",
					"name": "minecraft:rabbit_stew",
					"weight": 1
				}
			]
		}
	]
}