{
    "format_version": "1.17.0",
    "minecraft:entity": {
      "description": {
        "identifier": "mcpack:copper_golem_button_entity",
        "runtime_identifier": "minecraft:arrow",
        "is_spawnable": false,
        "is_summonable": true,
        "is_experimental": false
        },
        "component_groups": {
          "despawn":{
            "minecraft:instant_despawn":{}
          }
        },
  
        "components": {
          "minecraft:physics": {},
          "minecraft:collision_box": {
            "width": 1.5,
            "height": 1.5
          },
          "minecraft:damage_sensor": {
              "triggers": {
                 "cause": "all",
                  "deals_damage": false
                }
            },
            "minecraft:projectile":{
                "angle_offset": -90,
                "destroy_on_hurt":true,
                "shoot_target":true,
                "on_hit":{
                    "remove_on_hit":true
                },
                "gravity":1,
                "knockback":false,
                "power":1.6
            },
            "minecraft:timer":{
              "looping": false,
              "time": 3,
              "time_down_event":{
                "event": "despawn"
              }
            }
  
        },
       "events":{
        "despawn":{
          "add":{
            "component_groups":["despawn"]
          },
          "run_command":{
            "command":["say sue fue alv"]
          }
        }
  
      }
    }
  }