{
  "format_version": "1.17.0",
  "minecraft:entity": {
    "description": {
      "identifier": "mcpack:copper_golem",
      "is_spawnable": true,
      "is_summonable": true,
      "is_experimental": false
    },
    "component_groups": {
      "copper_golem_stage1_ageable": {
        "minecraft:variant": { "value": 0 },
        "minecraft:movement": {
          "value": 0.25
        },
        "minecraft:ageable": {
          "duration": 9000,
          "grow_up": {
            "event": "ageable_grow_up1"
          }
        },
        "minecraft:timer":{
          "looping": true,
          "randomInterval": true,
          "time": [60,120],
          "time_down_event":{
            "event": "search_for_button"
          }
        },
        "minecraft:interact": {
          "interactions": [
            {
              "on_interact": {
                "filters": {
                  "all_of": [
                    { "test": "is_family", "subject" : "other", "value" :  "player"},
                    { "test": "has_equipment", "domain": "hand", "subject": "other", "value": "honeycomb"}
                  ]
                },
                "event":"waxed_stage1"
              },
              "use_item": true,
              "play_sounds": "copper.wax.on"
            }
          ]
        }
      },
      "copper_golem_stage2_ageable": {
        "minecraft:variant": { "value": 1 },
        "minecraft:movement": {
          "value": 0.22
        },
        "minecraft:ageable": {
          "duration": 9000,
          "grow_up": {
            "event": "ageable_grow_up2"
          }
        },
        "minecraft:timer":{
          "looping": true,
          "randomInterval": true,
          "time": [300,420],
          "time_down_event":{
            "event": "search_for_button"
          }
        },
        "minecraft:interact": {
          "interactions": [
            {
              "on_interact": {
                "filters": {
                  "all_of": [
                    { "test": "is_family", "subject" : "other", "value" :  "player"},
                    { "test": "has_equipment", "domain": "hand", "subject": "other", "value": "honeycomb"}
                  ]
                },
                "event":"waxed_stage2"
              },
              "use_item": true,
              "play_sounds": "copper.wax.on"
            }
          ]
        }
      },
      "copper_golem_stage3_ageable": {
        "minecraft:variant": { "value": 2 },
        "minecraft:movement": {
          "value": 0.19
        },
        "minecraft:ageable": {
          "duration": 9000,
          "grow_up": {
            "event": "ageable_grow_up3"
          }
        },
        "minecraft:timer":{
          "looping": true,
          "randomInterval": true,
          "time": [600,900],
          "time_down_event":{
            "event": "search_for_button"
          }
        },
        "minecraft:interact": {
          "interactions": [
            {
              "on_interact": {
                "filters": {
                  "all_of": [
                    { "test": "is_family", "subject" : "other", "value" :  "player"},
                    { "test": "has_equipment", "domain": "hand", "subject": "other", "value": "honeycomb"}
                  ]
                },
                "event":"waxed_stage3"
              },
              "use_item": true,
              "play_sounds": "copper.wax.on"
            }
          ]
        }
      },
      "copper_golem_stage1_waxed": {
        "minecraft:variant": { "value": 0 },
        "minecraft:movement": {
          "value": 0.25
        },
        "minecraft:timer":{
          "looping": true,
          "randomInterval": true,
          "time": [60,120],
          "time_down_event":{
            "event": "search_for_button"
          }
        }
      },
      "copper_golem_stage2_waxed": {
        "minecraft:variant": { "value": 1 },
        "minecraft:movement": {
          "value": 0.22
        },
        "minecraft:timer":{
          "looping": true,
          "randomInterval": true,
          "time": [300,420],
          "time_down_event":{
            "event": "search_for_button"
          }
        }
      },
      "copper_golem_stage3_waxed": {
        "minecraft:variant": { "value": 2 },
        "minecraft:movement": {
          "value": 0.19
        },
        "minecraft:timer":{
          "looping": true,
          "randomInterval": true,
          "time": [600,900],
          "time_down_event":{
            "event": "search_for_button"
          }
        }
      },
      "despawn":{
        "minecraft:instant_despawn":{}
      },
      "chill":{
        "minecraft:behavior.random_stroll": {
          "priority": 6,
          "speed_multiplier": 0.8
        },
        "minecraft:behavior.look_at_player": {
          "priority": 7,
          "look_distance": 6.0,
          "probability": 0.02
        },
        "minecraft:behavior.random_look_around": {
          "priority": 9
        }
      },
      "search_button":{
        "minecraft:behavior.move_to_block": {
          "priority": 10,
          "tick_interval":1,
          "start_chance": 1,
          "search_range": 14,
          "search_height": 4,
          "goal_radius": 0.5,
          "stay_duration": 2.0,
          "target_selection_method": "random",
          "target_offset": [
          0,
          0.25,
          0
          ],
          "target_blocks": [
              "minecraft:wooden_button"
          ],
          "on_reach":[
              {
                "event": "button_reached_sequence",
                "target":"self"
              }
          ],
          "on_stay_completed": [
              {
                  "event": "button_pressed",
                  "target":"self"
              }
          ]
      }
      },
      "press_button":{
        "minecraft:spawn_entity":{
          "entities": {
						"min_wait_time": 0.0,
						"max_wait_time": 0.0,
						"spawn_entity": "mcpack:copper_golem_button_entity"
					}
        }
      }
    },

    "components": {
      
      "minecraft:is_hidden_when_invisible": {
      },
      "minecraft:type_family": {
        "family": [ "mob", "copper_golem_statue" ]
      },
      "minecraft:navigation.walk": {
        "can_path_over_water": true,
        "avoid_water": true,
        "avoid_damage_blocks": true
      },
      "minecraft:movement.basic": {
      },
      "minecraft:jump.static": {
      },
      "minecraft:can_climb": {
      },
      "minecraft:collision_box": {
        "width": 0.7,
        "height": 1
      },
      "minecraft:health": {
        "value": 15,
        "max": 15
      },
      "minecraft:hurt_on_condition": {
        "damage_conditions": [
          {
            "filters": {
              "test": "in_lava",
              "subject": "self",
              "operator": "==",
              "value": true
            },
            "cause": "lava",
            "damage_per_tick": 4
          }
        ]
      },
      "minecraft:persistent": {
      },
      "minecraft:behavior.float": {
        "priority": 0
      },
      
      "minecraft:leashable": {
        "soft_distance": 4.0,
        "hard_distance": 6.0,
        "max_distance": 10.0
      },
      "minecraft:balloonable": {
      },
      "minecraft:physics": {
      },
      "minecraft:pushable": {
        "is_pushable": true,
        "is_pushable_by_piston": true
      },
      "minecraft:conditional_bandwidth_optimization": {
      }
    },

    "events": {

      "minecraft:entity_spawned": {
        "randomize": [
          {
            "weight": 1,
            "add": {
              "component_groups": ["copper_golem_stage1_ageable","chill"]}
          }
        ]
      },

      "ageable_grow_up1": {
        "remove": {
          "component_groups": [
            "copper_golem_stage1_ageable"
          ]
        },
        "add": {
          "component_groups": [
            "copper_golem_stage2_ageable"
          ]
        }
      },
      "ageable_grow_up2": {
        "remove": {
          "component_groups": [
            "copper_golem_stage2_ageable"
          ]
        },
        "add": {
          "component_groups": [
            "copper_golem_stage3_ageable"
          ]
        }
      },
      "ageable_grow_up3": {
        "remove": {
          "component_groups": ["copper_golem_stage3_ageable"]
        },
        "add":{
          "component_groups": ["despawn"]
        },
        "run_command": {
          "command": ["fill ~ ~ ~ ~ ~ ~ mcpack:copper_golem_statue0"]
        }
        
      },
      "waxed_stage1": {
        "remove": {
          "component_groups": ["copper_golem_stage1_ageable"]
        },
        "add":{
          "component_groups": ["copper_golem_stage1_waxed"]
        },
        "run_command": {
          "command": ["particle mcpack:copper_golem_wax_particle  ~ ~ ~"]
        }
        
      },
      "waxed_stage2": {
        "remove": {
          "component_groups": ["copper_golem_stage2_ageable"]
        },
        "add":{
          "component_groups": ["copper_golem_stage2_waxed"]
        },
        "run_command": {
          "command": ["particle mcpack:copper_golem_wax_particle  ~ ~ ~"]
        }
        
      },
      "waxed_stage3": {
        "remove": {
          "component_groups": ["copper_golem_stage3_ageable"]
        },
        "add":{
          "component_groups": ["copper_golem_stage3_waxed"]
        },
        "run_command": {
          "command": ["particle mcpack:copper_golem_wax_particle  ~ ~ ~"]
        }
        
      },
      "search_for_button": {
        "add":{
          "component_groups":["search_button"]
        }
        
      },
      "button_reached_sequence": {
        "sequence": [
          {
            "add":{
              "component_groups":["press_button"]
            }
          }
        ]
      },
      "button_pressed":{
        "add":{
          "component_groups":["chill"]
        },
        "remove":{
          "component_groups":["search_button","press_button"]
        }

      }
    }
  }
}