{
  "format_version": "1.17.0",
  "minecraft:entity": {
    "description": {
      "identifier": "mcpack:copper_golem_statue_entity",
      "is_spawnable": false,
      "is_summonable": true,
      "is_experimental": false,
      "particle_effects": {
        "spark": "minecraft:electric_spark_particle"
      }
      },
      "component_groups": {
        "despawn":{
          "minecraft:instant_despawn":{}
        },
        "sensor":{
          "minecraft:entity_sensor":{
            "maximum_count": -1,
            "minimum_count": 1,
            "relative_range": true,
            "require_all": false,
            "sensor_range": 2,
            "event_filters": {
              "test": "is_family", "subject":"other", "value":"lightning"},
            "event": "rebirth"
         }
        },
        "summon":{
          "minecraft:spawn_entity":{
            "entities": {
              "single_use":true,
              "min_wait_time": 0.0,
              "max_wait_time": 0.0,
              "spawn_entity": "mcpack:copper_golem"
            }
          },
          "minecraft:timer": {
            "looping": false,
            "time": 4,
            "time_down_event": {
                "event": "nothing"
            }
        }
        }
      },

      "components": {
        "minecraft:persistent": {},
        "minecraft:physics": {
          "has_gravity": false
        },
        "minecraft:collision_box": {
          "width": 0.1,
          "height": 0.1
        },
        "minecraft:damage_sensor": {
            "triggers": {
               "cause": "all",
                "deals_damage": false
              }
            },
        "minecraft:block_sensor": {
            "sensor_radius": 0.5,
            "on_break":[
                {
                  "block_list": ["mcpack:copper_golem_Statue0"],
                  "on_block_broken": "despawn"
                }
              ]
          },
          "minecraft:environment_sensor": {
            "triggers": [
                    {
                      "event": "activate_lightning_rod",
                        "filters": {
                            "all_of": [
                            {
                              "test": "weather",
                              "operator": "==",
                              "value": "thunderstorm"
                            },
                            {
                              "test": "is_underground",
                              "value": false
                            }
                        ]
                    }
                }
            ]
        }

      },
     "events":{
      "minecraft:entity_spawned": {
        "add": {
          "component_groups": [
            "sensor"
          ]
        }
      },
        "despawn":{
          "add":{
            "component_groups": ["despawn"]
          }
        },
        "activate_lightning_rod": {
          "randomize": [
            {
              "weight": 1,
              "run_command":{
                "command": ["summon lightning_bolt"]
              }
            },
            {
              "weight": 30,
              "run_command":{
                "command": ["particle minecraft:electric_spark_particle ~-.3 ~.8 ~"]
              }
            },
            {
              "weight": 2000
            }
          ]
        },
        "rebirth":{
          "run_command":{
            "command":["fill ~ ~ ~ ~ ~ ~ air","summon mcpack:copper_golem"]
            },
          "remove":{
            "component_groups":["sensor"]
          }
        }

    }
  }
}
