{
  "minecraft:ore_feature" : {
    "may_replace" : [
      {
        "name" : "minecraft:stone",
        "states" : {
          "stone_type" : "andesite"
        }
      },
      {
        "name" : "minecraft:stone",
        "states" : {
          "stone_type" : "andesite_smooth"
        }
      },
      {
        "name" : "minecraft:stone",
        "states" : {
          "stone_type" : "diorite"
        }
      },
      {
        "name" : "minecraft:stone",
        "states" : {
          "stone_type" : "diorite_smooth"
        }
      },
      {
        "name" : "minecraft:stone",
        "states" : {
          "stone_type" : "granite"
        }
      },
      {
        "name" : "minecraft:stone",
        "states" : {
          "stone_type" : "granite_smooth"
        }
      },
      {
        "name" : "minecraft:stone",
        "states" : {
          "stone_type" : "stone"
        }
      }
    ],
    "count" : 4,
    "description" : {
      "identifier" : "lucky_block_feature"
    },
    "places_block" : "thelake:lucky_block"
  },
  "format_version" : "1.13.0"
}