{
	"resource_pack_name": "Ruby Gear",
	"texture_name": "atlas.items",
	"texture_data": {
		"ruby_ruby_item": {
			"textures": "textures/items/Ruby"
		},
		"ruby_test": {
			"textures": "textures/items/test"
		},
		"ruby_ruby_pickaxe": {
			"textures": "textures/items/ruby_pickaxe"
		},
		"ruby_ruby_axe": {
			"textures": "textures/items/ruby_axe"
		},
		"ruby_ruby_shovel": {
			"textures": "textures/items/ruby_shovel"
		},
		"ruby_ruby_hoe": {
			"textures": "textures/items/ruby_hoe"
		},
		"ruby_ruby_sword": {
			"textures": "textures/items/ruby_sword"
		},
		"ruby_ruby_helmet": {
			"textures": [
				"textures/items/ruby_helmet"
			]
		},
		"ruby_ruby_chestplate": {
			"textures": [
				"textures/items/ruby_chestplate"
			]
		},
		"ruby_ruby_leggings": {
			"textures": [
				"textures/items/ruby_leggings"
			]
		},
		"ruby_ruby_boots": {
			"textures": [
				"textures/items/ruby_boots"
			]
		}
	}
}