{
  "format_version": "1.10.0",
  "animation_controllers": {
    "controller.animation.drop": {
      "states": {
        "default": {
          "transitions": [
            {
              "drop": "query.is_stackable"
            }
          ]
        },
        "drop": {
          "on_entry": [
            "/tp @e[type=item,r=2] ~~~",
            "/function kill_chest"
          ],
          "transitions": [
            {
              "default": "!query.is_stackable"
            }
          ]
        }
      }
    }
  }
}