{
    "format_version": "1.10.0",
    "animation_controllers": {
      "controller.animation.tp_item": {
        "states": {
          "default": {
            "transitions": [
              {
                "tp": "1.0"
              }
            ]
          },
          "tp": {
            "on_entry": [
              "/execute @e[type=item,r=2.5] ~~1~ /tp @s ~~-1~"
            ],
            "transitions": [
              {
                "default": "1.0"
              }
            ]
          }
        }
      }
    }
  }