{
	"format_version": "1.12.0",
	"minecraft:geometry": [
		{
			"description": {
				"identifier": "geometry.tumba",
				"texture_width": 32,
				"texture_height": 32,
				"visible_bounds_width": 2,
				"visible_bounds_height": 2.5,
				"visible_bounds_offset": [0, 0.75, 0]
			},
			"bones": [
				{
					"name": "bone",
					"pivot": [0, 0, 0],
					"cubes": [
						{
							"origin": [-8, 0, -8],
							"size": [16, 2, 16],
							"uv": {
								"north": {"uv": [0, 14], "uv_size": [16, 3]},
								"east": {"uv": [0, 14], "uv_size": [14, 2]},
								"south": {"uv": [0, 14], "uv_size": [16, 3]},
								"west": {"uv": [0, 14], "uv_size": [16, 3]},
								"up": {"uv": [0, 1], "uv_size": [16, 16]},
								"down": {"uv": [0, 17], "uv_size": [16, -16]}
							}
						},
						{
							"origin": [-7, 2, 6],
							"size": [14, 13, 2],
							"uv": {
								"north": {"uv": [16, 1], "uv_size": [16, 16]},
								"east": {"uv": [29, 1], "uv_size": [3, 16]},
								"south": {"uv": [16, 1], "uv_size": [16, 16]},
								"west": {"uv": [16, 1], "uv_size": [3, 16]},
								"up": {"uv": [16, 1], "uv_size": [16, 3]},
								"down": {"uv": [16, 2], "uv_size": [12, -2]}
							}
						},
						{
							"origin": [0, 2, -4],
							"size": [0, 6, 6],
							"uv": {
								"north": {"uv": [6, 6], "uv_size": [0, 6]},
								"east": {"uv": [11, 18], "uv_size": [11, 13]},
								"south": {"uv": [12, 6], "uv_size": [0, 6]},
								"west": {"uv": [10, 18], "uv_size": [12, 12]},
								"up": {"uv": [6, 0], "uv_size": [0, 6]},
								"down": {"uv": [6, 6], "uv_size": [0, -6]}
							}
						},
						{
							"origin": [-3, 2, -1],
							"size": [6, 6, 0],
							"uv": {
								"north": {"uv": [11, 18], "uv_size": [11, 11]},
								"east": {"uv": [0, 0], "uv_size": [0, 6]},
								"south": {"uv": [11, 18], "uv_size": [11, 12]},
								"west": {"uv": [6, 0], "uv_size": [0, 6]},
								"up": {"uv": [0, 0], "uv_size": [6, 0]},
								"down": {"uv": [6, 0], "uv_size": [6, 0]}
							}
						}
					]
				}
			]
		}
	]
}