{
	"format_version": "1.10.0",
	"particle_effect": {
		"description": {
			"identifier": "snf:pendant_nether",
			"basic_render_parameters": {
				"material": "particles_alpha",
				"texture": "textures/particles/pendant_nether"
			}
		},
		"components": {
			"minecraft:emitter_initialization": {
				"creation_expression": "variable.size=0.08;variable.radius=1.4;"
			},
			"minecraft:emitter_local_space": {
				"position": true,
				"rotation": true
			},
			"minecraft:emitter_rate_steady": {
				"spawn_rate": 50,
				"max_particles": 100
			},
			"minecraft:emitter_lifetime_looping": {
				"active_time": 1
			},
			"minecraft:particle_initial_spin": {
				"rotation": 360,
				"rotation_rate": 100
			},
			"minecraft:emitter_shape_point": {
				"offset": [
					"variable.radius*-math.sin(variable.emitter_age*360)",
					0,
					"variable.radius*math.cos(variable.emitter_age*360)"
				]
			},
			"minecraft:particle_lifetime_expression": {
				"max_lifetime": 4
			},
			"minecraft:particle_initial_speed": 0.5,
			"minecraft:particle_motion_dynamic": {
				"linear_acceleration": [
					0,
					5,
					0
				]
			},
			"minecraft:particle_appearance_billboard": {
				"facing_camera_mode": "lookat_xyz",
				"size": [
					0.2,
					0.2
				],
				"uv": {
					"texture_height": 16,
					"texture_width": 16,
					"uv": [
						0,
						0
					],
					"uv_size": [
						16,
						16
					]
				}
			}
		}
	}
}