{
	"format_version": "1.8.0",
	"minecraft:spawn_rules": {
		"description": {
			"identifier": "snf:babyalligator",
			"population_control": "animal"
		},
		"conditions": [
			{
				"minecraft:difficulty_filter": {
					"min": "easy",
					"max": "hard"
				},
				"minecraft:spawns_on_surface": {},
				"minecraft:brightness_filter": {
					"min": 7,
					"max": 15,
					"adjust_for_weather": false
				},
				"minecraft:weight": {
					"default": 5
				},
				"minecraft:herd": {
					"min_size": 1,
					"max_size": 1
				},
				"minecraft:biome_filter": {
					"test": "has_biome_tag",
					"operator": "==",
					"value": "swamp"
				},
				"test": "has_biome_tag",
				"operator": "==",
				"value": "lakes"
			},
			{
				"minecraft:spawns_on_surface": {},
				"minecraft:spawns_underwater": {},
				"minecraft:brightness_filter": {
					"min": 7,
					"max": 15,
					"adjust_for_weather": false
				},
				"minecraft:weight": {
					"default": 5
				},
				"minecraft:herd": {
					"min_size": 1,
					"max_size": 1
				},
				"minecraft:biome_filter": {
					"test": "has_biome_tag",
					"operator": "==",
					"value": "swamp"
				},
				"test": "has_biome_tag",
				"operator": "==",
				"value": "river"
			}
		]
	}
}