{
	"format_version": "1.8.0",
	"minecraft:spawn_rules": {
		"description": {
			"identifier": "snf:harpyeagle",
			"population_control": "animal"
		},
		"conditions": [
			{
				"minecraft:height_filter": {
					"max": 200
				},
				"minecraft:spawns_on_block_filter": [
					"snf:straw_nest",
					"grass",
					"stone",
					"ice"
				],
				"minecraft:spawns_on_surface": {},
				"minecraft:brightness_filter": {
					"min": 7,
					"max": 15,
					"adjust_for_weather": false
				},
				"minecraft:weight": {
					"default": 24
				},
				"minecraft:herd": {
					"min_size": 1,
					"max_size": 1
				},
				"minecraft:biome_filter": {
					"test": "has_biome_tag",
					"operator": "==",
					"value": "extreme_hills"
				},
				"test": "has_biome_tag",
				"operator": "==",
				"value": "mountains"
			},
			{
				"minecraft:spawns_on_surface": {},
				"minecraft:spawns_on_block_filter": [
					"snf:straw_nest",
					"grass",
					"podzol",
					"leaves"
				],
				"minecraft:brightness_filter": {
					"min": 7,
					"max": 15,
					"adjust_for_weather": false
				},
				"minecraft:weight": {
					"default": 24
				},
				"minecraft:herd": {
					"min_size": 1,
					"max_size": 1
				},
				"minecraft:biome_filter": {
					"test": "has_biome_tag",
					"operator": "==",
					"value": "taiga"
				}
			}
		]
	}
}