{
	"format_version": "1.8.0",
	"minecraft:spawn_rules": {
		"description": {
			"identifier": "snf:warpedtainttaur",
			"population_control": "animal"
		},
		"conditions": [
			{
				"minecraft:world_age_filter": {},
				"minecraft:spawns_on_surface": {},
				"minecraft:difficulty_filter": {
					"min": "easy",
					"max": "hard"
				},
				"minecraft:weight": {
					"default": 18
				},
				"minecraft:herd": {
					"min_size": 1,
					"max_size": 2
				},
				"minecraft:biome_filter": {
					"test": "has_biome_tag",
					"operator": "==",
					"value": "warped_forest"
				}
			}
		]
	}
}