{
 "pools": [
  {
   "rolls": 1,
   "entries": [
    {
     "type": "item",
     "name": "minecraft:allay_spawn_egg",
     "weight": 1,
     "functions": [
      {
       "function": "set_count",
       "count": {
        "min": 1,
        "max": 3
       }
      }
     ]
    }
   ]
  },
  {
   "rolls": 1,
   "entries": [
    {
     "type": "item",
     "name": "minecraft:hay_block",
     "weight": 1,
     "functions": [
      {
       "function": "set_count",
       "count": {
        "min": 60,
        "max": 64
       }
      }
     ]
    }
   ]
  },
  {
   "rolls": 1,
   "entries": [
    {
     "type": "item",
     "name": "minecraft:lead",
     "weight": 1,
     "functions": [
      {
       "function": "set_count",
       "count": {
        "min": 3,
        "max": 64
       }
      }
     ]
    }
   ]
  },
  {
   "rolls": 1,
   "entries": [
    {
     "type": "item",
     "name": "minecraft:name_tag",
     "weight": 1,
     "functions": [
      {
       "function": "set_count",
       "count": {
        "min": 2,
        "max": 16
       }
      }
     ]
    }
   ]
  },
  {
   "rolls": 1,
   "entries": [
    {
     "type": "item",
     "name": "minecraft:saddle",
     "weight": 1,
     "functions": [
      {
       "function": "set_count",
       "count": {
        "min": 1,
        "max": 4
       }
      }
     ]
    }
   ]
  },
  {
   "rolls": 1,
   "entries": [
    {
     "type": "item",
     "name": "minecraft:horsearmordiamond",
     "weight": 1,
     "functions": [
      {
       "function": "set_count",
       "count": {
        "min": 1,
        "max": 1
       }
      }
     ]
    }
   ]
  },
  {
   "rolls": 1,
   "entries": [
    {
     "type": "item",
     "name": "minecraft:horsearmorgold",
     "weight": 1,
     "functions": [
      {
       "function": "set_count",
       "count": {
        "min": 1,
        "max": 1
       }
      }
     ]
    }
   ]
  },
  {
   "rolls": 1,
   "entries": [
    {
     "type": "item",
     "name": "minecraft:horsearmoriron",
     "weight": 1,
     "functions": [
      {
       "function": "set_count",
       "count": {
        "min": 1,
        "max": 1
       }
      }
     ]
    }
   ]
  },
  {
   "rolls": 1,
   "entries": [
    {
     "type": "item",
     "name": "minecraft:horsearmorleather",
     "weight": 1,
     "functions": [
      {
       "function": "set_count",
       "count": {
        "min": 1,
        "max": 1
       }
      }
     ]
    }
   ]
  }
 ]
}