{
 "pools": [
  {
   "rolls": 1,
   "entries": [
    {
     "type": "item",
     "name": "minecraft:minecart",
     "weight": 1,
     "functions": [
      {
       "function": "set_count",
       "count": {
        "min": 1,
        "max": 3
       }
      }
     ]
    }
   ]
  },
  {
   "rolls": 1,
   "entries": [
    {
     "type": "item",
     "name": "minecraft:chest_minecart",
     "weight": 1,
     "functions": [
      {
       "function": "set_count",
       "count": {
        "min": 1,
        "max": 3
       }
      }
     ]
    }
   ]
  },
  {
   "rolls": 1,
   "entries": [
    {
     "type": "item",
     "name": "minecraft:tnt_minecart",
     "weight": 1,
     "functions": [
      {
       "function": "set_count",
       "count": {
        "min": 1,
        "max": 3
       }
      }
     ]
    }
   ]
  },
  {
   "rolls": 1,
   "entries": [
    {
     "type": "item",
     "name": "minecraft:hopper_minecart",
     "weight": 1,
     "functions": [
      {
       "function": "set_count",
       "count": {
        "min": 1,
        "max": 3
       }
      }
     ]
    }
   ]
  },
  {
   "rolls": 1,
   "entries": [
    {
     "type": "item",
     "name": "minecraft:rail",
     "weight": 1,
     "functions": [
      {
       "function": "set_count",
       "count": {
        "min": 64,
        "max": 256
       }
      }
     ]
    }
   ]
  },
  {
   "rolls": 1,
   "entries": [
    {
     "type": "item",
     "name": "minecraft:golden_rail",
     "weight": 1,
     "functions": [
      {
       "function": "set_count",
       "count": {
        "min": 32,
        "max": 64
       }
      }
     ]
    }
   ]
  },
  {
   "rolls": 1,
   "entries": [
    {
     "type": "item",
     "name": "minecraft:activator_rail",
     "weight": 1,
     "functions": [
      {
       "function": "set_count",
       "count": {
        "min": 16,
        "max": 32
       }
      }
     ]
    }
   ]
  },
  {
   "rolls": 1,
   "entries": [
    {
     "type": "item",
     "name": "minecraft:detector_rail",
     "weight": 1,
     "functions": [
      {
       "function": "set_count",
       "count": {
        "min": 16,
        "max": 32
       }
      }
     ]
    }
   ]
  }
 ]
}