{
 "pools": [
  {
   "rolls": 1,
   "entries": [
    {
     "type": "item",
     "name": "minecraft:gold_ingot",
     "weight": 1,
     "functions": [
      {
       "function": "set_count",
       "count": {
        "min": 8,
        "max": 8
       }
      }
     ]
    }
   ]
  },
  {
   "rolls": 1,
   "entries": [
    {
     "type": "item",
     "name": "minecraft:obsidian",
     "weight": 1,
     "functions": [
      {
       "function": "set_count",
       "count": {
        "min": 4,
        "max": 4
       }
      }
     ]
    }
   ]
  },
  {
   "rolls": 1,
   "entries": [
    {
     "type": "item",
     "name": "minecraft:dropper",
     "weight": 1,
     "functions": [
      {
       "function": "set_count",
       "count": {
        "min": 1,
        "max": 1
       }
      }
     ]
    }
   ]
  },
  {
   "rolls": 1,
   "entries": [
    {
     "type": "item",
     "name": "minecraft:gold_nugget",
     "weight": 1,
     "functions": [
      {
       "function": "set_count",
       "count": {
        "min": 4,
        "max": 4
       }
      }
     ]
    }
   ]
  }
 ]
}