{
 "pools": [
  {
   "rolls": 1,
   "entries": [
    {
     "type": "item",
     "name": "minecraft:netherite_sword",
     "weight": 1,
     "functions": [
      {
       "function": "set_count",
       "count": {
        "min": 1,
        "max": 1
       }
      }
     ]
    }
   ]
  },
  {
   "rolls": 1,
   "entries": [
    {
     "type": "item",
     "name": "minecraft:gold_ingot",
     "weight": 1,
     "functions": [
      {
       "function": "set_count",
       "count": {
        "min": 8,
        "max": 16
       }
      }
     ]
    }
   ]
  },
  {
   "rolls": 1,
   "entries": [
    {
     "type": "item",
     "name": "minecraft:bow",
     "weight": 1,
     "functions": [
      {
       "function": "set_count",
       "count": {
        "min": 1,
        "max": 1
       }
      },
      {
       "function": "enchant_with_levels",
       "treasure": true,
       "levels": {
        "min": 60,
        "max": 80
       }
      }
     ]
    }
   ]
  },
  {
   "rolls": 1,
   "entries": [
    {
     "type": "item",
     "name": "minecraft:arrow",
     "weight": 1,
     "functions": [
      {
       "function": "set_count",
       "count": {
        "min": 16,
        "max": 64
       }
      }
     ]
    }
   ]
  }
 ]
}