{
 "pools": [
    {
   "rolls": 1,
   "entries": [
    {
     "type": "item",
     "name": "minecraft:crimson_nylium",
     "weight": 1,
     "functions": [
      {
       "function": "set_count",
       "count": {
        "min": 8,
        "max": 32
       }
      }
     ]
    }
   ]
  },
      {
   "rolls": 1,
   "entries": [
    {
     "type": "item",
     "name": "minecraft:warped_nylium",
     "weight": 1,
     "functions": [
      {
       "function": "set_count",
       "count": {
        "min": 8,
        "max": 32
       }
      }
     ]
    }
   ]
  },
      {
   "rolls": 1,
   "entries": [
    {
     "type": "item",
     "name": "minecraft:crimson_fungus",
     "weight": 1,
     "functions": [
      {
       "function": "set_count",
       "count": {
        "min": 1,
        "max": 4
       }
      }
     ]
    }
   ]
  },
  {
   "rolls": 1,
   "entries": [
    {
     "type": "item",
     "name": "minecraft:warped_fungus",
     "weight": 1,
     "functions": [
      {
       "function": "set_count",
       "count": {
        "min": 1,
        "max": 4
       }
      }
     ]
    }
   ]
  }
 ]
}