{
 "pools": [
  {
  "rolls": 1,
   "entries": [
    {
     "type": "item",
     "name": "minecraft:diamond",
     "weight": 1,
     "functions": [
      {
       "function": "set_count",
       "count": {
        "min": 7,
        "max": 9
       }
      },
      {
       "function": "set_data",
       "data": 0
      }
     ]
    }
   ]
  },
  {
  "rolls": 1,
   "entries": [
    {
     "type": "item",
     "name": "minecraft:iron_ingot",
     "weight": 1,
     "functions": [
      {
       "function": "set_count",
       "count": {
        "min": 11,
        "max": 13
       }
      },
      {
       "function": "set_data",
       "data": 0
      }
     ]
    }
   ]
  },
  {
  "rolls": 1,
   "entries": [
    {
     "type": "item",
     "name": "minecraft:gold_ingot",
     "weight": 1,
     "functions": [
      {
       "function": "set_count",
       "count": {
        "min": 1,
        "max": 4
       }
      },
      {
       "function": "set_data",
       "data": 0
      }
     ]
    }
   ]
  },
  {
  "rolls": 1,
   "entries": [
    {
     "type": "item",
     "name": "minecraft:appleenchanted",
     "weight": 1,
     "functions": [
      {
       "function": "set_count",
       "count": {
        "min": 1,
        "max": 3
       }
      },
      {
       "function": "set_data",
       "data": 0
      }
     ]
    }
   ]
  },
  {
  "rolls": 1,
   "entries": [
    {
     "type": "item",
     "name": "minecraft:golden_apple",
     "weight": 1,
     "functions": [
      {
       "function": "set_count",
       "count": {
        "min": 1,
        "max": 4
       }
      },
      {
       "function": "set_data",
       "data": 0
      }
     ]
    }
   ]
  }
 ]
}