{
 "pools": [
  {
   "rolls": 1,
   "entries": [
    {
     "type": "item",
     "name": "minecraft:grass",
     "weight": 1,
     "functions": [
      {
       "function": "set_count",
       "count": {
        "min": 32,
        "max": 64
       }
      }
     ]
    }
   ]
  },
  {
   "rolls": 1,
   "entries": [
    {
     "type": "item",
     "name": "minecraft:grass_path",
     "weight": 1,
     "functions": [
      {
       "function": "set_count",
       "count": {
        "min": 1,
        "max": 1
       }
      }
     ]
    }
   ]
  },
  {
   "rolls": 1,
   "entries": [
    {
     "type": "item",
     "name": "minecraft:podzol",
     "weight": 1,
     "functions": [
      {
       "function": "set_count",
       "count": {
        "min": 32,
        "max": 64
       }
      }
     ]
    }
   ]
  },
  {
   "rolls": 1,
   "entries": [
    {
     "type": "item",
     "name": "minecraft:mycelium",
     "weight": 1,
     "functions": [
      {
       "function": "set_count",
       "count": {
        "min": 32,
        "max": 64
       }
      }
     ]
    }
   ]
  }
 ]
}