{
 "pools": [
  {
   "rolls": 1,
   "entries": [
    {
     "type": "item",
     "name": "minecraft:bee_nest",
     "weight": 1,
     "functions": [
      {
       "function": "set_count",
       "count": {
        "min": 1,
        "max": 2
       }
      }
     ]
    }
   ]
  },
  {
   "rolls": 1,
   "entries": [
    {
     "type": "item",
     "name": "minecraft:red_flower",
     "weight": 1,
     "functions": [
      {
       "function": "set_count",
       "count": {
        "min": 6,
        "max": 16
       }
      }
     ]
    }
   ]
  },
  {
   "rolls": 1,
   "entries": [
    {
     "type": "item",
     "name": "minecraft:yellow_flower",
     "weight": 1,
     "functions": [
      {
       "function": "set_count",
       "count": {
        "min": 6,
        "max": 16
       }
      }
     ]
    }
   ]
  } 
 ]
}