{
 "pools": [
  {
   "rolls": 1,
   "entries": [
    {
     "type": "item",
     "name": "minecraft:repeater",
     "weight": 1,
     "functions": [
      {
       "function": "set_count",
       "count": {
        "min": 4,
        "max": 16
       }
      }
     ]
    }
   ]
  },
  {
   "rolls": 1,
   "entries": [
    {
     "type": "item",
     "name": "minecraft:tnt",
     "weight": 1,
     "functions": [
      {
       "function": "set_count",
       "count": {
        "min": 4,
        "max": 16
       }
      }
     ]
    }
   ]
  },
  {
   "rolls": 1,
   "entries": [
    {
     "type": "item",
     "name": "minecraft:redstone",
     "weight": 1,
     "functions": [
      {
       "function": "set_count",
       "count": {
        "min": 32,
        "max": 128
       }
      }
     ]
    }
   ]
  },
  {
   "rolls": 1,
   "entries": [
    {
     "type": "item",
     "name": "minecraft:redstone_block",
     "weight": 1,
     "functions": [
      {
       "function": "set_count",
       "count": {
        "min": 1,
        "max": 32
       }
      }
     ]
    }
   ]
  }
 ]
}