{
	"format_version": "1.10.0",
	"minecraft:client_entity": {
		"description": {
			"identifier": "snf:alligator",
			"materials": {
				"default": "entity_alphatest"
			},
			"textures": {
				"default": "textures/entity/alligator (2)"
			},
			"geometry": {
				"default": "geometry.alligator"
			},
			"render_controllers": [
				"controller.render.alligator"
			],
			"spawn_egg": {
				"base_color": "#202029",
				"overlay_color": "#ffeacc"
			},
			"animations": {
				"idle": "animation.alligator.idle",
				"move": "animation.alligator.move",
				"attack": "animation.alligator.attack",
				"swim": "animation.alligator.swim",
				"walk_controller": "controller.animation.alligator.move",
				"attack_controller": "controller.animation.alligator.attack",
				"look_at_target": "animation.common.look_at_target"
			},
			"scripts": {
				"animate": [
					"attack_controller",
					"walk_controller",
					"look_at_target"
				]
			}
		}
	}
}