{
	"format_version": "1.10.0",
	"minecraft:client_entity": {
		"description": {
			"identifier": "snf:babyalligator",
			"materials": {
				"default": "entity_alphatest"
			},
			"textures": {
				"default": "textures/entity/babyalligator"
			},
			"geometry": {
				"default": "geometry.babyalligator"
			},
			"render_controllers": [
				"controller.render.babyalligator"
			],
			"animations": {
				"idle": "animation.babyalligator.idle",
				"move": "animation.babyalligator.move",
				"swim": "animation.babyalligator.swim",
				"look_at_target": "animation.common.look_at_target",
				"walk_controller": "controller.animation.babyalligator.move"
			},
			"scripts": {
				"animate": [
					"look_at_target",
					"walk_controller"
				]
			}
		}
	}
}