{
	"format_version": "1.10.0",
	"minecraft:client_entity": {
		"description": {
			"identifier": "snf:gecko",
			"materials": {
				"default": "entity_emissive_alpha"
			},
			"textures": {
				"spotted_gecko": "textures/entity/gecko (1)",
				"tokay_gecko": "textures/entity/tokay_gecko",
				"african_gecko": "textures/entity/african_gecko"
			},
			"geometry": {
				"default": "geometry.gecko"
			},
			"render_controllers": [
				"controller.render.gecko"
			],
			"spawn_egg": {
				"base_color": "#ffe29e",
				"overlay_color": "#4c3923"
			},
			"animations": {
				"idle": "animation.gecko.idle",
				"move": "animation.gecko.move",
				"look_at_target": "animation.common.look_at_target",
				"walk_controller": "controller.animation.gecko.move"
			},
			"scripts": {
				"animate": [
					"look_at_target",
					"walk_controller"
				]
			}
		}
	}
}