{
	"format_version": "1.10.0",
	"minecraft:client_entity": {
		"description": {
			"identifier": "snf:harpyeagle",
			"materials": {
				"default": "entity_alphatest"
			},
			"textures": {
				"default": "textures/entity/harpyeagle"
			},
			"geometry": {
				"default": "geometry.harpyeagle"
			},
			"render_controllers": [
				"controller.render.harpyeagle"
			],
			"spawn_egg": {
				"base_color": "#dcdcdc",
				"overlay_color": "#202020"
			},
			"animations": {
				"idle": "animation.harpyeagle.idle",
				"move": "animation.harpyeagle.move",
				"fly": "animation.harpyeagle.fly",
				"walk_controller": "controller.animation.harpyeagle.move",
				"fly_controller": "controller.animation.harpyeagle.fly",
				"look_at_target": "animation.common.look_at_target"
			},
			"scripts": {
				"animate": [
					"walk_controller",
					"fly_controller",
					"look_at_target"
				]
			}
		}
	}
}