{
	"format_version": "1.10.0",
	"minecraft:client_entity": {
		"description": {
			"identifier": "snf:macaw",
			"materials": {
				"default": "entity_alphatest"
			},
			"textures": {
				"red": "textures/entity/redmacaw",
				"blue": "textures/entity/bluemacaw (2)",
				"green": "textures/entity/greenmacaw"
			},
			"geometry": {
				"default": "geometry.macaw"
			},
			"render_controllers": [
				"controller.render.macaw"
			],
			"spawn_egg": {
				"base_color": "#ff3838",
				"overlay_color": "#4fbdf8"
			},
			"animations": {
				"idle": "animation.macaw.idle",
				"move": "animation.macaw.walk",
				"fly": "animation.macaw.fly",
				"walk_controller": "controller.animation.macaw.move",
				"look_at_target": "animation.common.look_at_target",
				"fly_controller": "controller.animation.macaw.fly"
			},
			"scripts": {
				"animate": [
					"walk_controller",
					"look_at_target",
					"fly_controller"
				]
			}
		}
	}
}