{
	"format_version": "1.10.0",
	"minecraft:client_entity": {
		"description": {
			"identifier": "snf:warpedtainttaur",
			"materials": {
				"default": "entity_emissive_alpha"
			},
			"textures": {
				"default": "textures/entity/warpedtainttaur (2)"
			},
			"geometry": {
				"default": "geometry.warpedtainttaur"
			},
			"render_controllers": [
				"controller.render.warpedtainttaur"
			],
			"spawn_egg": {
				"base_color": "#fcc47d",
				"overlay_color": "#1bfff9"
			},
			"animations": {
				"bite": "animation.warpedtainttaur.bite",
				"scratch": "animation.warpedtainttaur.scratch",
				"idle": "animation.warpedtainttaur.idle",
				"walking": "animation.warpedtainttaur.walking",
				"roar": "animation.warpedtainttaur.roar",
				"look_at_target": "animation.common.look_at_target",
				"walk_controller": "controller.animation.warpedtainttaur.walking",
				"attack_controller": "controller.animation.warpedtainttaur.attack",
				"roar_contoller": "controller.animation.warpedtainttaur.roar"
			},
			"scripts": {
				"animate": [
					"attack_controller",
					"walk_controller",
					"look_at_target",
					"roar_contoller"
				]
			}
		}
	}
}