{
    "format_version": "1.10.0",
    "animation_controllers": {
      "controller.animation.tp_item": {
        "states": {
          "default": {
            "transitions": [
              {
                "tp": "query.is_alive"
              }
            ]
          },
          "tp": {
            "on_entry": [
              "/tp @e[type=item,r=2] ~~~",
              "/tp @s ~~~"
            ],
            "transitions": [
              {
                "default": "1.0"
              }
            ]
          }
        }
      }
    }
  }