{
	"format_version": "1.12.0",
	"animation_controllers": {
		"controller.animation.alligator.attack": {
			"states": {
				"default": {
					"transitions": [
						{
							"attacking": "query.is_delayed_attacking"
						}
					]
				},
				"attacking": {
					"blend_transition": 0.2,
					"animations": [
						"attack"
					],
					"transitions": [
						{
							"default": "!query.is_delayed_attacking"
						}
					]
				}
			}
		},
		"controller.animation.alligator.move": {
			"initial_state": "standing",
			"states": {
				"standing": {
					"blend_transition": 0.2,
					"animations": [
						"idle"
					],
					"transitions": [
						{
							"swimming": "query.is_in_water&&!query.is_on_ground"
						},
						{
							"moving": "query.modified_move_speed>0.1"
						}
					]
				},
				"swimming": {
					"blend_transition": 0.2,
					"animations": [
						"swim",
						"look_at_target"
					],
					"transitions": [
						{
							"moving": "!query.is_in_water&&query.is_on_ground"
						}
					]
				},
				"moving": {
					"blend_transition": 0.2,
					"animations": [
						"move",
						"look_at_target"
					],
					"transitions": [
						{
							"standing": "query.modified_move_speed<0.1"
						}
					]
				}
			}
		}
	}
}