{
	"format_version": "1.10.0",
	"animation_controllers": {
		"controller.animation.harpyeagle.move": {
			"initial_state": "standing",
			"states": {
				"standing": {
					"blend_transition": 0.2,
					"animations": [
						"idle"
					],
					"transitions": [
						{
							"moving": "query.modified_move_speed>0.1"
						}
					]
				},
				"moving": {
					"blend_transition": 0.2,
					"animations": [
						"move"
					],
					"transitions": [
						{
							"standing": "query.modified_move_speed<0.1"
						}
					]
				}
			}
		},
		"controller.animation.harpyeagle.fly": {
			"states": {
				"default": {
					"transitions": [
						{
							"flying": "!query.is_on_ground"
						}
					],
					"blend_transition": 0.2
				},
				"flying": {
					"animations": [
						"fly"
					],
					"transitions": [
						{
							"default": "query.is_on_ground"
						}
					],
					"blend_transition": 0.2
				}
			}
		}
	}
}