{
	"format_version": "1.12.0",
	"animation_controllers": {
		"controller.animation.warpedtainttaur.attack": {
			"states": {
				"default": {
					"transitions": [
						{
							"attacking": "query.is_delayed_attacking"
						}
					]
				},
				"attacking": {
					"blend_transition": 0.5,
					"animations": [
						"bite"
					],
					"transitions": [
						{
							"default": "!query.is_delayed_attacking"
						}
					]
				}
			}
		},
		"controller.animation.warpedtainttaur.scratch": {
			"states": {
				"default": {
					"transitions": [
						{
							"scratching": "query.is_ram_attacking"
						}
					]
				},
				"scratching": {
					"blend_transition": 0.5,
					"animations": [
						"scratch"
					],
					"transitions": [
						{
							"default": "!query.is_ram_attacking"
						}
					]
				}
			}
		},
		"controller.animation.warpedtainttaur.roar": {
			"initial_state": "default",
			"states": {
				"default": {
					"transitions": [
						{
							"roar": "query.is_roaring"
						}
					]
				},
				"roar": {
					"blend_transition": 0.2,
					"animations": [
						"roar"
					],
					"transitions": [
						{
							"default": "!query.is_roaring"
						}
					]
				}
			}
		},
		"controller.animation.warpedtainttaur.walking": {
			"initial_state": "standing",
			"states": {
				"standing": {
					"blend_transition": 0.5,
					"animations": [
						"idle"
					],
					"transitions": [
						{
							"moving": "query.modified_move_speed>0.1"
						}
					]
				},
				"moving": {
					"blend_transition": 0.5,
					"animations": [
						"walking"
					],
					"transitions": [
						{
							"standing": "query.modified_move_speed<0.1"
						}
					]
				}
			}
		}
	}
}