{
  "minecraft:feature_rules" : {
    "distribution" : {
      "y" : {
        "extent" : [
          63,
          128
        ],
        "distribution" : "uniform"
      },
      "z" : {
        "extent" : [
          0,
          16
        ],
        "distribution" : "uniform"
      },
      "iterations" : 2,
      "coordinate_eval_order" : "zyx",
      "x" : {
        "extent" : [
          0,
          16
        ],
        "distribution" : "uniform"
      }
    },
    "conditions" : {
      "minecraft:biome_filter" : [
        {
          "any_of" : [
            {
              "operator" : "==",
              "value" : "jungle_edge_mutated",
              "test" : "has_biome_tag"
            },
            {
              "operator" : "==",
              "value" : "desert_hills",
              "test" : "has_biome_tag"
            },
            {
              "operator" : "==",
              "value" : "bamboo_jungle_hills",
              "test" : "has_biome_tag"
            },
            {
              "operator" : "==",
              "value" : "extreme_hills_edge",
              "test" : "has_biome_tag"
            },
            {
              "operator" : "==",
              "value" : "birch_forest_hills",
              "test" : "has_biome_tag"
            },
            {
              "operator" : "==",
              "value" : "extreme_hills_plus_trees_mutated",
              "test" : "has_biome_tag"
            },
            {
              "operator" : "==",
              "value" : "mesa_plateau",
              "test" : "has_biome_tag"
            },
            {
              "operator" : "==",
              "value" : "forest_hills",
              "test" : "has_biome_tag"
            },
            {
              "operator" : "==",
              "value" : "cold_taiga_hills",
              "test" : "has_biome_tag"
            },
            {
              "operator" : "==",
              "value" : "mesa_plateau_stone_mutated",
              "test" : "has_biome_tag"
            },
            {
              "operator" : "==",
              "value" : "ice_mountains",
              "test" : "has_biome_tag"
            },
            {
              "operator" : "==",
              "value" : "jungle",
              "test" : "has_biome_tag"
            },
            {
              "operator" : "==",
              "value" : "jungle_hills",
              "test" : "has_biome_tag"
            },
            {
              "operator" : "==",
              "value" : "desert_mutated",
              "test" : "has_biome_tag"
            },
            {
              "operator" : "==",
              "value" : "beach",
              "test" : "has_biome_tag"
            },
            {
              "operator" : "==",
              "value" : "extreme_hills_mutated",
              "test" : "has_biome_tag"
            },
            {
              "operator" : "==",
              "value" : "birch_forest_hills_mutated",
              "test" : "has_biome_tag"
            },
            {
              "operator" : "==",
              "value" : "mesa",
              "test" : "has_biome_tag"
            },
            {
              "operator" : "==",
              "value" : "flower_forest",
              "test" : "has_biome_tag"
            },
            {
              "operator" : "==",
              "value" : "mesa_plateau_mutated",
              "test" : "has_biome_tag"
            },
            {
              "operator" : "==",
              "value" : "frozen_ocean",
              "test" : "has_biome_tag"
            },
            {
              "operator" : "==",
              "value" : "cold_taiga_mutated",
              "test" : "has_biome_tag"
            },
            {
              "operator" : "==",
              "value" : "taiga",
              "test" : "has_biome_tag"
            },
            {
              "operator" : "==",
              "value" : "mushroom_island",
              "test" : "has_biome_tag"
            },
            {
              "operator" : "==",
              "value" : "ice_plains",
              "test" : "has_biome_tag"
            },
            {
              "operator" : "==",
              "value" : "plains",
              "test" : "has_biome_tag"
            },
            {
              "operator" : "==",
              "value" : "jungle_edge",
              "test" : "has_biome_tag"
            },
            {
              "operator" : "==",
              "value" : "desert",
              "test" : "has_biome_tag"
            },
            {
              "operator" : "==",
              "value" : "bamboo_jungle",
              "test" : "has_biome_tag"
            },
            {
              "operator" : "==",
              "value" : "jungle_mutated",
              "test" : "has_biome_tag"
            },
            {
              "operator" : "==",
              "value" : "extreme_hills",
              "test" : "has_biome_tag"
            },
            {
              "operator" : "==",
              "value" : "birch_forest",
              "test" : "has_biome_tag"
            },
            {
              "operator" : "==",
              "value" : "savanna",
              "test" : "has_biome_tag"
            },
            {
              "operator" : "==",
              "value" : "extreme_hills_plus_trees",
              "test" : "has_biome_tag"
            },
            {
              "operator" : "==",
              "value" : "birch_forest_mutated",
              "test" : "has_biome_tag"
            },
            {
              "operator" : "==",
              "value" : "mesa_bryce",
              "test" : "has_biome_tag"
            },
            {
              "operator" : "==",
              "value" : "forest",
              "test" : "has_biome_tag"
            },
            {
              "operator" : "==",
              "value" : "cold_taiga",
              "test" : "has_biome_tag"
            },
            {
              "operator" : "==",
              "value" : "mesa_plateau_stone",
              "test" : "has_biome_tag"
            },
            {
              "operator" : "==",
              "value" : "frozen_river",
              "test" : "has_biome_tag"
            },
            {
              "operator" : "==",
              "value" : "mushroom_island_shore",
              "test" : "has_biome_tag"
            },
            {
              "operator" : "==",
              "value" : "ice_plains_spikes",
              "test" : "has_biome_tag"
            }
          ]
        }
      ],
      "placement_pass" : "underground_pass"
    },
    "description" : {
      "places_feature" : "lucky_block_feature",
      "identifier" : "overworld_underground_lucky_block_feature"
    }
  },
  "format_version" : "1.13.0"
}