{
  "resource_pack_name": "vanilla",
  "texture_name": "atlas.terrain",
  "padding": 8,
  "num_mip_levels": 4,
  "texture_data": {
    "tomb_1": {
      "textures": "textures/entity/tomb_1"
    },
    "tomb_2": {
      "textures": "textures/entity/tomb_2"
    },
    "tomb_3": {
      "textures": "textures/entity/tomb_3"
    },
    "tomb_4": {
      "textures": "textures/entity/tomb_4"
    },
    "tomb_8": {
      "textures": "textures/entity/tomb_8"
    },
    "tomb_5": {
      "textures": "textures/entity/tomb_5"
    },
    "tomb_10": {
      "textures": "textures/entity/tomb_10"
    },
    "tomb_1_quartz": {
      "textures": "textures/entity/tomb_1_quartz"
    },
    "tomb_7": {
      "textures": "textures/entity/tomb_7"
    },
    "tomb_6": {
      "textures": "textures/entity/tomb_6"
    }
  }
}