{
	"format_version": "1.16.0",
	"minecraft:entity": {
		"description": {
			"identifier": "snf:alligator",
			"is_spawnable": true,
			"is_summonable": true,
			"is_experimental": false
		},
		"component_groups": {
			"snf:babyalligator": {
				"minecraft:tameable": {
					"probability": 1,
					"tame_items": [
						"chicken",
						"mutton",
						"porkchop",
						"beef",
						"salmon"
					]
				},
				"minecraft:type_family": {
					"family": [
						"babyalligator",
						"mob"
					]
				},
				"minecraft:collision_box": {
					"width": 0.8,
					"height": 0.3
				},
				"minecraft:underwater_movement": {
					"value": 0.18
				},
				"minecraft:is_baby": {},
				"minecraft:scale": {
					"value": 0.8
				},
				"minecraft:behavior.move_to_water": {
					"priority": 8,
					"search_range": 15,
					"search_height": 5,
					"goal_radius": 0.1
				},
				"minecraft:ageable": {
					"duration": 6000,
					"drop_items": [
						"snf:alligatorscutte"
					],
					"grow_up": {
						"event": "snf:ageable_grow_up",
						"target": "self"
					}
				}
			},
			"snf:alligator_adult": {
				"minecraft:experience_reward": {
					"on_bred": "math.random(1,7)",
					"on_death": "query.last_hit_by_player?math.random(1,3):0"
				},
				"minecraft:type_family": {
					"family": [
						"alligator",
						"mob"
					]
				},
				"minecraft:underwater_movement": {
					"value": 0.12
				},
				"minecraft:loot": {
					"table": "loot_tables/entity/alligator.json"
				},
				"minecraft:breedable": {
					"require_tame": true,
					"causes_pregnancy": true,
					"breeds_with": {
						"mate_type": "snf:alligator",
						"baby_type": "snf:babyalligator",
						"breed_event": {
							"event": "snf:become_pregnant",
							"target": "self"
						}
					},
					"breed_items": [
						"chicken",
						"mutton",
						"porkchop",
						"beef",
						"salmon"
					]
				},
				"minecraft:behavior.breed": {
					"priority": 2,
					"speed_multiplier": 1
				},
				"minecraft:behavior.move_to_land": {
					"priority": 6,
					"search_range": 16,
					"search_height": 5,
					"goal_radius": 0.5
				},
				"minecraft:behavior.random_stroll": {
					"priority": 9
				}
			},
			"minecraft:pregnant": {
				"minecraft:behavior.go_home": {
					"priority": 0,
					"speed_multiplier": 1,
					"interval": 0,
					"goal_radius": 4,
					"on_home": [
						{
							"event": "snf:go_lay_egg",
							"target": "self"
						}
					]
				}
			},
			"minecraft:wants_to_lay_egg": {
				"minecraft:behavior.lay_egg": {
					"priority": 1,
					"speed_multiplier": 1,
					"search_range": 16,
					"search_height": 4,
					"goal_radius": 1.5,
					"on_lay": {
						"event": "snf:laid_egg",
						"target": "self"
					}
				}
			}
		},
		"components": {
			"minecraft:rideable": {
				"rider_can_interact": true,
				"family_types": [
					"babyalligator"
				],
				"seat_count": 2,
				"pull_in_entities": true,
				"seats": [
					{
						"max_rider_count": 1,
						"lock_rider_rotation": 0,
						"rotate_rider_by": 0,
						"position": [
							0,
							0.8,
							-1
						]
					},
					{
						"lock_rider_rotation": 0,
						"max_rider_count": 1,
						"rotate_rider_by": 0,
						"position": [
							0,
							0.85,
							0.4
						]
					}
				]
			},
			"minecraft:type_family": {
				"family": [
					"alligator",
					"mob"
				]
			},
			"minecraft:health": {
				"value": 36,
				"max": 36
			},
			"minecraft:physics": {
				"has_collision": true,
				"has_gravity": true
			},
			"minecraft:movement": {
				"value": 0.25,
				"max": 0.25
			},
			"minecraft:attack": {
				"damage": 4
			},
			"minecraft:behavior.random_stroll": {
				"priority": 12,
				"speed_multiplier": 1
			},
			"minecraft:behavior.random_swim": {
				"priority": 12,
				"speed_multiplier": 1
			},
			"minecraft:behavior.hurt_by_target": {
				"priority": 1,
				"alert_same_type": true
			},
			"minecraft:behavior.nearest_attackable_target": {
				"priority": 1,
				"must_see": true,
				"reselect_targets": true,
				"within_radius": 100,
				"must_see_forget_duration": 40,
				"entity_types": [
					{
						"filters": {
							"all_of": [
								{
									"test": "is_daytime",
									"all_of": [
										{
											"test": "is_moving"
										}
									],
									"subject": "other",
									"value": true
								},
								{
									"test": "has_component",
									"subject": "self",
									"operator": "!=",
									"value": "minecraft:attack_cooldown"
								},
								{
									"any_of": [
										{
											"test": "is_family",
											"subject": "other",
											"value": "sheep"
										},
										{
											"test": "is_family",
											"subject": "other",
											"value": "goat"
										},
										{
											"test": "is_family",
											"subject": "other",
											"value": "villager"
										},
										{
											"test": "is_family",
											"subject": "other",
											"value": "player"
										}
									]
								}
							]
						},
						"max_dist": 100
					},
					{
						"filters": {
							"all_of": [
								{
									"test": "in_water",
									"subject": "other",
									"value": true
								},
								{
									"any_of": [
										{
											"test": "is_family",
											"subject": "other",
											"value": "drowned"
										},
										{
											"test": "is_family",
											"subject": "other",
											"value": "guardian"
										},
										{
											"test": "is_family",
											"subject": "other",
											"value": "guardian_elder"
										}
									]
								}
							]
						},
						"max_dist": 100
					}
				]
			},
			"minecraft:behavior.delayed_attack": {
				"priority": 0,
				"attack_once": false,
				"track_target": true,
				"require_complete_path": false,
				"random_stop_interval": 0,
				"reach_multiplier": 1,
				"speed_multiplier": 1,
				"attack_duration": 0.45,
				"hit_delay_pct": 0.3
			},
			"minecraft:behavior.random_look_around": {
				"priority": 6
			},
			"minecraft:pushable": {
				"is_pushable": true,
				"is_pushable_by_piston": true
			},
			"minecraft:collision_box": {
				"height": 0.99,
				"width": 2.2
			},
			"minecraft:underwater_movement": {
				"value": 0.22
			},
			"minecraft:breathable": {
				"total_supply": 15,
				"breathes_water": true,
				"breathes_air": true
			},
			"minecraft:jump.static": {
				"jump_power": 0.52
			},
			"minecraft:navigation.generic": {
				"can_jump": true,
				"can_walk": true,
				"can_swim": true,
				"can_sink": false,
				"can_path_over_water": false,
				"avoid_damage_blocks": true,
				"is_amphibious": true,
				"can_breach": true
			},
			"minecraft:behavior.swim_idle": {
				"priority": 7,
				"idle_time": 5,
				"success_rate": 0.05
			},
			"minecraft:movement.amphibious": {},
			"minecraft:loot": {
				"table": "loot_tables/entity/alligator.json"
			},
			"minecraft:despawn": {
				"despawn_from_distance": {
					"max_distance": 256
				}
			},
			"minecraft:experience_reward": {
				"on_death": 0.6
			}
		},
		"events": {
			"snf:ageable_grow_up": {
				"remove": {
					"component_groups": [
						"snf:babyalligator"
					]
				},
				"add": {
					"component_groups": [
						"snf:alligator_adult"
					]
				}
			},
			"snf:entity_spawned": {
				"randomize": [
					{
						"weight": 50,
						"add": {
							"component_groups": [
								"snf:alligator_adult"
							]
						}
					},
					{
						"weight": 50,
						"add": {
							"component_groups": [
								"snf:babyalligator"
							]
						}
					}
				]
			},
			"snf:entity_born": {
				"add": {
					"component_groups": [
						"snf:babyalligator"
					]
				}
			},
			"snf:become_pregnant": {
				"add": {
					"component_groups": [
						"minecraft:pregnant"
					]
				}
			},
			"snf:go_lay_egg": {
				"add": {
					"component_groups": [
						"minecraft:wants_to_lay_egg"
					]
				},
				"remove": {
					"component_groups": [
						"minecraft:pregnant"
					]
				}
			},
			"snf:laid_egg": {
				"remove": {
					"component_groups": [
						"minecraft:wants_to_lay_egg"
					]
				}
			}
		}
	}
}