{
	"format_version": "1.16.0",
	"minecraft:entity": {
		"description": {
			"identifier": "snf:babyalligator",
			"is_spawnable": false,
			"is_summonable": true,
			"is_experimental": false
		},
		"component_groups": {},
		"components": {
			"minecraft:behavior.follow_parent": {
				"priority": 2
			},
			"minecraft:angry": {
				"broadcast_anger_on_being_attacked": true,
				"broadcastAnger": true,
				"broadcastRange": 50,
				"broadcast_targets": [
					"alligator"
				],
				"duration": 90,
				"filters": {
					"any_of": [
						{
							"test": "is_family",
							"subject": "other",
							"value": "alligator"
						}
					]
				}
			},
			"minecraft:ageable": {
				"drop_items": [
					"snf:alligatorscutte"
				],
				"duration": 6000
			},
			"minecraft:behavior.move_to_water": {
				"priority": 6
			},
			"minecraft:type_family": {
				"family": [
					"babyalligator",
					"mob"
				]
			},
			"minecraft:health": {
				"value": 13,
				"max": 13
			},
			"minecraft:physics": {
				"has_collision": true,
				"has_gravity": true
			},
			"minecraft:movement": {
				"value": 0.18,
				"max": 0.18
			},
			"minecraft:behavior.random_stroll": {
				"priority": 24,
				"speed_multiplier": 1
			},
			"minecraft:behavior.random_swim": {
				"priority": 16,
				"speed_multiplier": 1
			},
			"minecraft:behavior.hurt_by_target": {
				"priority": 1,
				"alert_same_type": true
			},
			"minecraft:behavior.random_look_around": {
				"priority": 8
			},
			"minecraft:pushable": {
				"is_pushable": true,
				"is_pushable_by_piston": true
			},
			"minecraft:collision_box": {
				"height": 0.3,
				"width": 0.8
			},
			"minecraft:underwater_movement": {
				"value": 0.18
			},
			"minecraft:breathable": {
				"total_supply": 15,
				"breathes_water": true,
				"breathes_air": true,
				"breathes_solids": true
			},
			"minecraft:jump.static": {
				"jump_power": 0.42
			},
			"minecraft:navigation.generic": {
				"can_jump": true,
				"can_walk": true,
				"can_swim": true,
				"can_sink": false,
				"can_path_over_water": false,
				"avoid_damage_blocks": true,
				"is_amphibious": true,
				"can_breach": true
			},
			"minecraft:behavior.swim_idle": {
				"priority": 7,
				"idle_time": 5,
				"success_rate": 0.05
			},
			"minecraft:movement.amphibious": {},
			"minecraft:despawn": {
				"despawn_from_distance": {
					"max_distance": 256
				}
			},
			"minecraft:experience_reward": {
				"on_death": 0.2
			},
			"events": {
				"snf:ageable_grow_up": {
					"remove": {
						"component_groups": [
							"snf:babyalligator"
						]
					},
					"add": {
						"component_groups": [
							"snf:alligator_adult"
						]
					}
				}
			}
		}
	}
}