{
	"format_version": "1.16.0",
	"minecraft:entity": {
		"description": {
			"identifier": "snf:gecko",
			"is_spawnable": true,
			"is_summonable": true,
			"is_experimental": false
		},
		"component_groups": {
			"snf:gecko_baby": {
				"minecraft:behavior.follow_parent": {
					"priority": 1
				},
				"minecraft:is_baby": {},
				"minecraft:scale": {
					"value": 0.6
				},
				"minecraft:ageable": {
					"duration": 1200,
					"feed_items": [
						"melon_slice"
					],
					"grow_up": {
						"event": "snf:ageable_grow_up",
						"target": "self"
					}
				}
			},
			"snf:gecko_adult": {
				"minecraft:experience_reward": {
					"on_bred": 0.5,
					"on_death": 0.6
				},
				"minecraft:loot": {
					"table": "loot_tables/entity/gecko.json"
				},
				"minecraft:behavior.breed": {
					"priority": 3,
					"speed_multiplier": 1
				},
				"minecraft:breedable": {
					"require_tame": true,
					"require_full_health": true,
					"allow_sitting": true,
					"breeds_with": {
						"mate_type": "snf:gecko",
						"baby_type": "snf:gecko",
						"breed_event": {
							"event": "minecraft:entity_born",
							"target": "baby"
						}
					},
					"breed_items": [
						"melon_slice"
					]
				}
			},
			"snf:gecko_wild": {
				"minecraft:health": {
					"value": 5,
					"max": 5
				},
				"minecraft:tameable": {
					"probability": 0.6,
					"tame_items": [
						"melon_slice"
					],
					"tame_event": {
						"event": "minecraft:on_tame",
						"target": "self"
					}
				},
				"minecraft:behavior.tempt": {
					"priority": 5,
					"speed_multiplier": 0.5,
					"within_radius": 16,
					"can_get_scared": true,
					"items": [
						"melon_slice"
					]
				},
				"minecraft:behavior.avoid_mob_type": {
					"priority": 6,
					"entity_types": [
						{
							"filters": {
								"test": "is_family",
								"subject": "other",
								"value": "player"
							},
							"max_dist": 10,
							"walk_speed_multiplier": 0.8,
							"sprint_speed_multiplier": 1.33
						}
					]
				}
			},
			"snf:gecko_tame": {
				"minecraft:type_family": {
					"family": [
						"gecko_tamed"
					]
				},
				"minecraft:is_tamed": {},
				"minecraft:health": {
					"value": 9,
					"max": 9
				},
				"minecraft:behavior.tempt": {
					"priority": 5,
					"speed_multiplier": 0.5,
					"within_radius": 16,
					"items": [
						"melon_slice"
					]
				},
				"minecraft:behavior.follow_owner": {
					"priority": 4,
					"speed_multiplier": 1,
					"start_distance": 10,
					"stop_distance": 2,
					"can_teleport": true
				}
			},
			"snf:spotted_gecko": {
				"minecraft:variant": {
					"value": 0
				}
			},
			"snf:tokay_gecko": {
				"minecraft:variant": {
					"value": 1
				}
			},
			"snf:african_gecko": {
				"minecraft:variant": {
					"value": 2
				}
			}
		},
		"components": {
			"minecraft:behavior.find_cover": {
				"priority": 6,
				"speed_multiplier": 1.02,
				"cooldown_time": 60
			},
			"minecraft:behavior.avoid_mob_type": {
				"priority": 4,
				"entity_types": [
					{
						"filters": {
							"test": "is_family",
							"subject": "other",
							"value": "player"
						},
						"max_dist": 12,
						"walk_speed_multiplier": 2.5,
						"sprint_speed_multiplier": 2.5
					},
					{
						"filters": {
							"test": "is_family",
							"subject": "other",
							"value": "ocelot"
						},
						"max_dist": 12,
						"walk_speed_multiplier": 2.5,
						"sprint_speed_multiplier": 2.5
					}
				]
			},
			"minecraft:experience_reward": {
				"on_death": 0.4
			},
			"minecraft:loot": {
				"table": "loot_tables/entity/gecko.json"
			},
			"minecraft:is_hidden_when_invisible": {},
			"minecraft:type_family": {
				"family": [
					"gecko",
					"mob"
				]
			},
			"minecraft:breathable": {
				"total_supply": 15,
				"suffocate_time": 0,
				"breathes_air": true,
				"breathes_water": false
			},
			"minecraft:collision_box": {
				"width": 0.6,
				"height": 0.3
			},
			"minecraft:nameable": {},
			"minecraft:hurt_on_condition": {
				"damage_conditions": [
					{
						"filters": {
							"test": "in_lava",
							"subject": "self",
							"operator": "==",
							"value": true
						},
						"cause": "lava",
						"damage_per_tick": 4
					}
				]
			},
			"minecraft:movement": {
				"value": 0.17
			},
			"minecraft:leashable": {
				"soft_distance": 4,
				"hard_distance": 6,
				"max_distance": 10
			},
			"minecraft:balloonable": {
				"mass": 0.5
			},
			"minecraft:navigation.climb": {
				"can_path_over_water": true,
				"can_walk": true
			},
			"minecraft:movement.basic": {},
			"minecraft:jump.static": {},
			"minecraft:can_climb": {},
			"minecraft:despawn": {
				"despawn_from_distance": {
					"max_distance": 256
				}
			},
			"minecraft:behavior.float": {
				"priority": 1
			},
			"minecraft:behavior.panic": {
				"priority": 1,
				"speed_multiplier": 2
			},
			"minecraft:behavior.tempt": {
				"priority": 4,
				"speed_multiplier": 1,
				"items": [
					"melon_slice"
				]
			},
			"minecraft:behavior.random_stroll": {
				"priority": 6,
				"speed_multiplier": 1
			},
			"minecraft:behavior.look_at_player": {
				"priority": 7,
				"look_distance": 6,
				"probability": 0.02
			},
			"minecraft:behavior.random_look_around": {
				"priority": 8
			},
			"minecraft:physics": {},
			"minecraft:pushable": {
				"is_pushable": true,
				"is_pushable_by_piston": true
			}
		},
		"events": {
			"minecraft:entity_spawned": {
				"sequence": [
					{
						"randomize": [
							{
								"weight": 3,
								"remove": {},
								"add": {
									"component_groups": [
										"snf:gecko_adult",
										"snf:gecko_wild"
									]
								}
							},
							{
								"weight": 1,
								"remove": {},
								"add": {
									"component_groups": [
										"snf:gecko_baby",
										"snf:gecko_wild"
									]
								}
							}
						]
					},
					{
						"randomize": [
							{
								"weight": 33.3,
								"add": {
									"component_groups": [
										"snf:spotted_gecko"
									]
								}
							},
							{
								"weight": 33.3,
								"add": {
									"component_groups": [
										"snf:african_gecko"
									]
								}
							},
							{
								"weight": 33.3,
								"add": {
									"component_groups": [
										"snf:tokay_gecko"
									]
								}
							}
						]
					}
				]
			},
			"minecraft:entity_born": {
				"sequence": [
					{
						"filters": {
							"test": "has_component",
							"operator": "!=",
							"value": "minecraft:is_baby"
						},
						"remove": {},
						"add": {
							"component_groups": [
								"snf:gecko_baby",
								"snf:gecko_tame"
							]
						}
					}
				]
			},
			"snf:ageable_grow_up": {
				"remove": {
					"component_groups": [
						"snf:gecko_baby"
					]
				},
				"add": {
					"component_groups": [
						"snf:gecko_adult"
					]
				}
			},
			"minecraft:on_tame": {
				"sequence": [
					{
						"remove": {
							"component_groups": [
								"snf:gecko_wild"
							]
						}
					},
					{
						"add": {
							"component_groups": [
								"snf:gecko_tame"
							]
						}
					}
				]
			}
		}
	}
}