{
	"format_version": "1.16.0",
	"minecraft:entity": {
		"description": {
			"identifier": "snf:harpyeagle",
			"is_spawnable": true,
			"is_summonable": true,
			"is_experimental": false
		},
		"component_groups": {},
		"components": {
			"minecraft:break_blocks": {
				"breakable_blocks": [
					"deadbush"
				]
			},
			"minecraft:behavior.eat_block": {
				"priority": 1,
				"eat_and_replace_block_pairs": [
					{
						"eat_block": "deadbush",
						"replace_block": "air"
					}
				],
				"success_chance": "1",
				"time_until_eat": 1.8
			},
			"minecraft:behavior.move_to_block": {
				"start_chance": 1,
				"target_offset": [
					0,
					0,
					0
				],
				"tick_interval": 20,
				"target_selection_method": "nearest",
				"stay_duration": 360,
				"goal_radius": 0.5,
				"priority": 2,
				"search_range": 200,
				"search_height": 200,
				"target_blocks": [
					"snf:straw_nest"
				],
				"speed_multiplier": 1.1
			},
			"minecraft:inventory": {
				"container_type": "inventory",
				"inventory_size": 1,
				"private": true,
				"restrict_to_owner": false
			},
			"minecraft:equippable": {
				"slots": [
					{
						"accepted_items": [
							"chicken",
							"mutton",
							"rabbit",
							"rabbit_foot",
							"beef",
							"porkchop",
							"cod",
							"salmon",
							"stick"
						],
						"slot": 1
					}
				]
			},
			"minecraft:loot": {
				"table": "loot_tables/entity/harpyeagle.json"
			},
			"minecraft:behavior.pickup_items": {
				"priority": 6,
				"max_dist": 3,
				"goal_radius": 2,
				"speed_multiplier": 1,
				"can_pickup_any_item": true,
				"excluded_items": [
					"minecraft:glow_ink_sac"
				]
			},
			"minecraft:rideable": {
				"seats": [
					{
						"position": [
							0,
							-0.3,
							0
						],
						"rotate_rider_by": 90,
						"max_rider_count": 1,
						"lock_rider_rotation": 0
					}
				],
				"family_types": [
					"cod",
					"salmon",
					"fish",
					"fox",
					"rabbit"
				],
				"pull_in_entities": true,
				"seat_count": 1,
				"rider_can_interact": true,
				"crouching_skip_interact": false
			},
			"minecraft:equipment": {
				"table": "loot_tables/entity/gear/harpyeagle_equipment.json",
				"slot_drop_chance": [
					{
						"slot": "slot.weapon.mainhand"
					}
				]
			},
			"minecraft:can_climb": {},
			"minecraft:type_family": {
				"family": [
					"harpyeagle",
					"mob"
				]
			},
			"minecraft:behavior.swoop_attack": {
				"priority": 1,
				"damage_reach": 0.2,
				"speed_multiplier": 1,
				"delay_range": [
					1,
					1.5
				]
			},
			"minecraft:attack": {
				"damage": 2
			},
			"minecraft:behavior.hurt_by_target": {
				"priority": 1,
				"alert_same_type": true
			},
			"minecraft:behavior.nearest_attackable_target": {
				"priority": 1,
				"must_see": true,
				"reselect_targets": true,
				"within_radius": 100,
				"must_see_forget_duration": 40,
				"entity_types": [
					{
						"filters": {
							"all_of": [
								{
									"test": "is_daytime",
									"all_of": [
										{
											"test": "is_riding"
										},
										{
											"test": "is_moving"
										}
									],
									"subject": "other",
									"value": true
								},
								{
									"test": "has_component",
									"subject": "self",
									"operator": "!=",
									"value": "minecraft:attack_cooldown"
								},
								{
									"any_of": [
										{
											"test": "is_family",
											"subject": "other",
											"value": "cod"
										},
										{
											"test": "is_family",
											"subject": "other",
											"value": "salmon"
										},
										{
											"test": "is_family",
											"subject": "other",
											"value": "fox"
										},
										{
											"test": "is_family",
											"subject": "other",
											"value": "rabbit"
										}
									]
								}
							]
						},
						"max_dist": 100
					}
				]
			},
			"minecraft:experience_reward": {
				"on_death": 0.8
			},
			"minecraft:behavior.delayed_attack": {
				"priority": 0,
				"attack_once": false,
				"track_target": true,
				"require_complete_path": false,
				"random_stop_interval": 0,
				"reach_multiplier": 1.21,
				"speed_multiplier": 1.15,
				"attack_duration": 0.45,
				"hit_delay_pct": 0.3
			},
			"minecraft:behavior.equip_items": {
				"priority": 2
			},
			"minecraft:behavior.eat_carried_item": {
				"priority": 1,
				"delay_before_eating": 1.5
			},
			"minecraft:shareables": {
				"all_items": true,
				"all_items_max_amount": 1,
				"items": [
					{
						"item": "stick",
						"priority": 0,
						"stored_in_inventory": true,
						"max_amount": 6,
						"pickup_limit": 6
					},
					{
						"item": "minecraft:beef",
						"priority": 0,
						"max_amount": 1
					},
					{
						"item": "minecraft:bread",
						"priority": 0,
						"max_amount": 1
					},
					{
						"item": "minecraft:chicken",
						"priority": 0,
						"max_amount": 1
					},
					{
						"item": "minecraft:cooked_beef",
						"priority": 0,
						"max_amount": 1
					},
					{
						"item": "minecraft:cooked_chicken",
						"priority": 0,
						"max_amount": 1
					},
					{
						"item": "minecraft:cooked_porkchop",
						"priority": 0,
						"max_amount": 1
					},
					{
						"item": "minecraft:cooked_rabbit",
						"priority": 0,
						"max_amount": 1
					},
					{
						"item": "minecraft:cooked_salmon",
						"priority": 0,
						"max_amount": 1
					},
					{
						"item": "minecraft:mutton",
						"priority": 0,
						"max_amount": 1
					},
					{
						"item": "minecraft:porkchop",
						"priority": 0,
						"max_amount": 1
					},
					{
						"item": "minecraft:rabbit",
						"priority": 0,
						"max_amount": 1
					},
					{
						"item": "minecraft:rabbit_stew",
						"priority": 0,
						"max_amount": 1
					},
					{
						"item": "minecraft:salmon",
						"priority": 0,
						"max_amount": 1
					}
				]
			},
			"minecraft:follow_range": {
				"value": 100,
				"max": 100
			},
			"minecraft:equip_item": {},
			"minecraft:is_hidden_when_invisible": {},
			"minecraft:breathable": {
				"total_supply": 25,
				"suffocate_time": 8
			},
			"minecraft:collision_box": {
				"width": 1.1,
				"height": 1.4
			},
			"minecraft:nameable": {},
			"minecraft:health": {
				"value": 12,
				"max": 12
			},
			"minecraft:hurt_on_condition": {
				"damage_conditions": [
					{
						"filters": {
							"test": "in_lava",
							"subject": "self",
							"operator": "==",
							"value": true
						},
						"cause": "lava",
						"damage_per_tick": 4
					}
				]
			},
			"minecraft:movement": {
				"value": 1.8
			},
			"minecraft:damage_sensor": {
				"triggers": {
					"cause": "fall",
					"deals_damage": false
				}
			},
			"minecraft:jump.static": {},
			"minecraft:can_fly": {},
			"minecraft:navigation.fly": {
				"can_path_from_air": true,
				"can_jump": true,
				"can_walk": true,
				"can_sink": true,
				"can_swim": true
			},
			"minecraft:movement.fly": {},
			"minecraft:physics": {
				"has_collision": true,
				"has_gravity": true
			},
			"minecraft:pushable": {
				"is_pushable": true,
				"is_pushable_by_piston": true
			},
			"minecraft:despawn": {
				"despawn_from_distance": {}
			},
			"minecraft:behavior.float": {
				"priority": 0
			},
			"minecraft:conditional_bandwidth_optimization": {},
			"minecraft:game_event_movement_tracking": {
				"emit_flap": true
			},
			"minecraft:leashable": {
				"soft_distance": 4,
				"hard_distance": 6,
				"max_distance": 10
			},
			"minecraft:balloonable": {},
			"minecraft:behavior.random_stroll": {
				"priority": 20
			},
			"minecraft:behavior.random_fly": {
				"priority": 24,
				"can_land_on_trees": true,
				"speed_multiplier": 1.35,
				"avoid_damage_blocks": true,
				"y_dist": 30
			},
			"minecraft:behavior.random_look_around": {
				"priority": 4
			}
		},
		"events": {}
	}
}