{
	"format_version": "1.16.0",
	"minecraft:entity": {
		"description": {
			"identifier": "snf:macaw",
			"runtime_identifier": "parrot",
			"is_spawnable": true,
			"is_summonable": true,
			"is_experimental": false
		},
		"component_groups": {
			"snf:macaw_red": {
				"minecraft:variant": {
					"value": 0
				}
			},
			"snf:macaw_blue": {
				"minecraft:variant": {
					"value": 1
				}
			},
			"snf:macaw_green": {
				"minecraft:variant": {
					"value": 2
				}
			}
		},
		"components": {
			"minecraft:behavior.avoid_mob_type": {
				"priority": 2,
				"entity_types": [
					{
						"filters": {
							"test": "is_family",
							"subject": "other",
							"value": "ocelot"
						},
						"max_dist": 12,
						"walk_speed_multiplier": 1.5,
						"sprint_speed_multiplier": 1.5
					}
				]
			},
			"minecraft:behavior.follow_mob": {
				"priority": 4,
				"speed_multiplier": 1.2,
				"stop_distance": 3,
				"search_range": 20
			},
			"minecraft:experience_reward": {
				"on_death": 0.7
			},
			"minecraft:behavior.play": {
				"priority": 2,
				"speed_multiplier": 1
			},
			"minecraft:flocking": {
				"match_variants": false,
				"use_center_of_mass": true,
				"low_flock_limit": 2,
				"high_flock_limit": 7,
				"goal_weight": 2,
				"loner_chance": 0.1,
				"influence_radius": 3,
				"breach_influence": 7,
				"separation_weight": 1.75,
				"separation_threshold": 8,
				"cohesion_weight": 2,
				"cohesion_threshold": 1.95,
				"innner_cohesion_threshold": 1.25,
				"min_height": 1.5,
				"max_height": 6,
				"block_distance": 2,
				"block_weight": 0.85
			},
			"minecraft:loot": {
				"table": "loot_tables/entity/macaw.json"
			},
			"minecraft:ambient_sound_interval": {
				"range": 6,
				"value": 1
			},
			"minecraft:breathable": {
				"total_supply": 15,
				"suffocate_time": 0
			},
			"minecraft:collision_box": {
				"width": 0.7,
				"height": 1
			},
			"minecraft:nameable": {},
			"minecraft:health": {
				"value": 8,
				"max": 8
			},
			"minecraft:hurt_on_condition": {
				"damage_conditions": [
					{
						"filters": {
							"test": "in_lava",
							"subject": "self",
							"operator": "==",
							"value": true
						},
						"cause": "lava",
						"damage_per_tick": 4
					}
				]
			},
			"minecraft:movement": {
				"value": 0.8
			},
			"minecraft:type_family": {
				"family": [
					"macaw",
					"mob"
				]
			},
			"minecraft:damage_sensor": {
				"triggers": {
					"cause": "fall",
					"deals_damage": false
				}
			},
			"minecraft:jump.static": {},
			"minecraft:can_fly": {},
			"minecraft:navigation.fly": {
				"can_walk": true,
				"can_path_over_water": true,
				"can_path_from_air": true
			},
			"minecraft:movement.fly": {},
			"minecraft:physics": {},
			"minecraft:pushable": {
				"is_pushable": true,
				"is_pushable_by_piston": true
			},
			"minecraft:despawn": {
				"despawn_from_distance": {
					"max_distance": 256
				}
			},
			"minecraft:behavior.float": {
				"priority": 0
			},
			"minecraft:behavior.panic": {
				"priority": 0,
				"speed_multiplier": 1.5
			},
			"minecraft:conditional_bandwidth_optimization": {},
			"minecraft:game_event_movement_tracking": {
				"emit_flap": true
			},
			"minecraft:leashable": {
				"soft_distance": 4,
				"hard_distance": 6,
				"max_distance": 10
			},
			"minecraft:balloonable": {},
			"minecraft:behavior.random_stroll": {
				"priority": 12,
				"speed_multiplier": 1
			},
			"minecraft:behavior.random_fly": {
				"priority": 12,
				"can_land_on_trees": true,
				"speed_multiplier": 1.5,
				"avoid_damage_blocks": true
			}
		},
		"events": {
			"minecraft:entity_spawned": {
				"randomize": [
					{
						"weight": 33.3,
						"add": {
							"component_groups": [
								"snf:macaw_blue"
							]
						}
					},
					{
						"weight": 33.3,
						"add": {
							"component_groups": [
								"snf:macaw_green"
							]
						}
					},
					{
						"weight": 33.3,
						"add": {
							"component_groups": [
								"snf:macaw_red"
							]
						}
					}
				]
			}
		}
	}
}