{
	"format_version": "1.16.0",
	"minecraft:entity": {
		"description": {
			"identifier": "snf:warpedtainttaur",
			"runtime_identifier": "minecraft:sheep",
			"is_spawnable": true,
			"is_summonable": true,
			"is_experimental": false
		},
		"component_groups": {},
		"components": {
			"minecraft:behavior.hold_ground": {
				"priority": 4,
				"broadcast": true,
				"broadcast_range": 50,
				"min_radius": 15
			},
			"minecraft:behavior.stomp_attack": {
				"priority": 12,
				"track_target": true,
				"require_complete_path": true,
				"stomp_range_multiplier": 2,
				"no_damage_range_multiplier": 2
			},
			"minecraft:celebrate_hunt": {
				"duration": 8,
				"radius": 30,
				"broadcast": true,
				"celebration_targets": {
					"test": "is_family",
					"subject": "other",
					"value": "hoglin"
				}
			},
			"minecraft:scale": {
				"value": 1.1
			},
			"minecraft:is_hidden_when_invisible": {},
			"minecraft:behavior.eat_block": {
				"priority": 2,
				"eat_and_replace_block_pairs": [
					{
						"eat_block": "warped_fungus",
						"replace_block": "air"
					}
				],
				"success_chance": "1",
				"time_until_eat": 1.8
			},
			"minecraft:behavior.knockback_roar": {
				"damage_filters": {
					"any_of": [
						{
							"test": "is_family",
							"subject": "other",
							"value": "player"
						},
						{
							"test": "is_family",
							"subject": "other",
							"value": "hoglin"
						},
						{
							"test": "is_family",
							"subject": "other",
							"value": "zoglin"
						}
					]
				},
				"priority": 16,
				"duration": 2,
				"attack_time": 0.2,
				"knockback_damage": 1,
				"knockback_range": 4,
				"knockback_filters": {
					"test": "is_family",
					"subject": "other",
					"operator": "!=",
					"value": "warpedtainttaur"
				},
				"knockback_strength": 4,
				"cooldown_time": 30
			},
			"minecraft:behavior.mount_pathing": {
				"priority": 5,
				"track_target": true,
				"speed_multiplier": 1.4
			},
			"minecraft:hurt_on_condition": {
				"damage_conditions": [
					{
						"cause": "lava",
						"damage_per_tick": 3
					}
				]
			},
			"minecraft:follow_range": {
				"value": 30
			},
			"minecraft:lava_movement": {
				"value": 0.2
			},
			"minecraft:fire_immune": true,
			"minecraft:behavior.charge_attack": {
				"priority": 2,
				"speed_multiplier": 1.04,
				"success_rate": 0.9
			},
			"minecraft:angry": {
				"broadcast_anger_on_being_attacked": true,
				"broadcast_filters": {
					"any_of": [
						{
							"test": "is_family",
							"subject": "other",
							"value": "player"
						},
						{
							"test": "is_family",
							"subject": "other",
							"value": "hoglin"
						},
						{
							"test": "is_family",
							"subject": "other",
							"value": "zoglin"
						}
					]
				},
				"duration": 10,
				"broadcast_targets": [
					"warpedtainttaur"
				]
			},
			"minecraft:knockback_resistance": {
				"value": 0.6
			},
			"minecraft:type_family": {
				"family": [
					"warpedtainttaur",
					"mob"
				]
			},
			"minecraft:health": {
				"value": 50,
				"max": 50
			},
			"minecraft:physics": {
				"has_collision": true,
				"has_gravity": true
			},
			"minecraft:movement": {
				"value": 0.3,
				"max": 0.3
			},
			"minecraft:attack": {
				"damage": 6
			},
			"minecraft:movement.basic": {},
			"minecraft:behavior.random_stroll": {
				"priority": 12,
				"speed_multiplier": 1
			},
			"minecraft:behavior.hurt_by_target": {
				"priority": 4,
				"alert_same_type": true,
				"hurt_owner": false
			},
			"minecraft:behavior.random_look_around": {
				"priority": 6
			},
			"minecraft:pushable": {
				"is_pushable": true,
				"is_pushable_by_piston": true
			},
			"minecraft:collision_box": {
				"height": 1.8,
				"width": 2.2
			},
			"minecraft:jump.static": {
				"jump_power": 0.52
			},
			"minecraft:navigation.generic": {
				"can_jump": true,
				"can_walk": true,
				"avoid_damage_blocks": true,
				"avoid_portals": true,
				"can_path_over_lava": false
			},
			"minecraft:loot": {
				"table": "loot_tables/entity/warpedtainttaur.json"
			},
			"minecraft:despawn": {
				"despawn_from_distance": {
					"max_distance": 256
				}
			},
			"minecraft:behavior.nearest_attackable_target": {
				"priority": 2,
				"within_radius": 30,
				"reselect_targets": true,
				"must_see": true,
				"entity_types": [
					{
						"filters": {
							"test": "is_family",
							"subject": "other",
							"value": "player"
						}
					},
					{
						"filters": {
							"test": "is_family",
							"subject": "other",
							"value": "hoglin"
						}
					},
					{
						"filters": {
							"test": "is_family",
							"subject": "other",
							"value": "zoglin"
						}
					}
				]
			},
			"minecraft:behavior.delayed_attack": {
				"priority": 0,
				"attack_once": false,
				"track_target": true,
				"require_complete_path": false,
				"random_stop_interval": 0,
				"reach_multiplier": 1,
				"speed_multiplier": 1,
				"attack_duration": 0.3,
				"hit_delay_pct": 0.3
			},
			"minecraft:experience_reward": {
				"on_death": 0.6
			}
		},
		"events": {}
	}
}