{
	"format_version": "1.19.0",
	"minecraft:entity": {
		"description": {
			"identifier": "gc:damage_count",
			"is_summonable": true,
			"is_spawnable": false,
			"runtime_identifier": "egg",
      "properties":{
				"gc:positive" : { "type": "int", "range": [ 0, 2  ], "default": 2 , "client_sync": true },
				"gc:damage_l1": { "type": "int", "range": [ 0, 10 ], "default": 10, "client_sync": true },
				"gc:damage_l2": { "type": "int", "range": [ 0, 10 ], "default": 10, "client_sync": true },
				"gc:damage_l3": { "type": "int", "range": [ 0, 10 ], "default": 10, "client_sync": true },
				"gc:damage_l4": { "type": "int", "range": [ 0, 10 ], "default": 10, "client_sync": true },
				"gc:damage_l5": { "type": "int", "range": [ 0, 10 ], "default": 10, "client_sync": true },
				"gc:damage_l6": { "type": "int", "range": [ 0, 10 ], "default": 10, "client_sync": true },
				"gc:damage_l7": { "type": "int", "range": [ 0, 10 ], "default": 10, "client_sync": true },
				"gc:damage_l8": { "type": "int", "range": [ 0, 10 ], "default": 10, "client_sync": true },
				"gc:damage_l9": { "type": "int", "range": [ 0, 10 ], "default": 10, "client_sync": true }
      }
		},
		"component_groups": {
			"gc:despawn":{ "minecraft:despawn": {"filters": {"test":"is_family","subject": "self","operator": "!=","value": "imortal"}}}
		},
		"components": {
			"minecraft:timer": {
				"time": [ 1.5, 1.5 ],
				"looping": true,
				"time_down_event": {
					"event": "gc:despawn",
					"target": "self"
				}
			},
			"minecraft:type_family": {"family": ["count"]},
			"minecraft:collision_box": {"height": 0.00001, "width": 0.00001},
			"minecraft:custom_hit_test": {
				"hitboxes": [
					{
						"height": 0,
						"width": 0,
						"pivot": [999,9999,999]
					}
				]
			},
			"minecraft:damage_sensor": {
				"triggers":[
					{
						"cause": "all",
						"deals_damage": false
					}
				]
			},
			"minecraft:pushable": {"is_pushable": false, "is_pushable_by_piston": false},
			"minecraft:physics": {"has_collision": false, "has_gravity": false}
		},
		"events": {
      "gc:positive__0":{ "set_property":{ "gc:positive": 0 } },
      "gc:positive__1":{ "set_property":{ "gc:positive": 1 } },
      "gc:damage_l1__0":{ "set_property":{ "gc:damage_l1": 0 } },
      "gc:damage_l1__1":{ "set_property":{ "gc:damage_l1": 1 } },
      "gc:damage_l1__2":{ "set_property":{ "gc:damage_l1": 2 } },
      "gc:damage_l1__3":{ "set_property":{ "gc:damage_l1": 3 } },
      "gc:damage_l1__4":{ "set_property":{ "gc:damage_l1": 4 } },
      "gc:damage_l1__5":{ "set_property":{ "gc:damage_l1": 5 } },
      "gc:damage_l1__6":{ "set_property":{ "gc:damage_l1": 6 } },
      "gc:damage_l1__7":{ "set_property":{ "gc:damage_l1": 7 } },
      "gc:damage_l1__8":{ "set_property":{ "gc:damage_l1": 8 } },
      "gc:damage_l1__9":{ "set_property":{ "gc:damage_l1": 9 } },
      "gc:damage_l1__10":{ "set_property":{ "gc:damage_l1": 10 } },
			
      "gc:damage_l2__0":{ "set_property":{ "gc:damage_l2": 0 } },
      "gc:damage_l2__1":{ "set_property":{ "gc:damage_l2": 1 } },
      "gc:damage_l2__2":{ "set_property":{ "gc:damage_l2": 2 } },
      "gc:damage_l2__3":{ "set_property":{ "gc:damage_l2": 3 } },
      "gc:damage_l2__4":{ "set_property":{ "gc:damage_l2": 4 } },
      "gc:damage_l2__5":{ "set_property":{ "gc:damage_l2": 5 } },
      "gc:damage_l2__6":{ "set_property":{ "gc:damage_l2": 6 } },
      "gc:damage_l2__7":{ "set_property":{ "gc:damage_l2": 7 } },
      "gc:damage_l2__8":{ "set_property":{ "gc:damage_l2": 8 } },
      "gc:damage_l2__9":{ "set_property":{ "gc:damage_l2": 9 } },
			
      "gc:damage_l3__0":{ "set_property":{ "gc:damage_l3": 0 } },
      "gc:damage_l3__1":{ "set_property":{ "gc:damage_l3": 1 } },
      "gc:damage_l3__2":{ "set_property":{ "gc:damage_l3": 2 } },
      "gc:damage_l3__3":{ "set_property":{ "gc:damage_l3": 3 } },
      "gc:damage_l3__4":{ "set_property":{ "gc:damage_l3": 4 } },
      "gc:damage_l3__5":{ "set_property":{ "gc:damage_l3": 5 } },
      "gc:damage_l3__6":{ "set_property":{ "gc:damage_l3": 6 } },
      "gc:damage_l3__7":{ "set_property":{ "gc:damage_l3": 7 } },
      "gc:damage_l3__8":{ "set_property":{ "gc:damage_l3": 8 } },
      "gc:damage_l3__9":{ "set_property":{ "gc:damage_l3": 9 } },
			
      "gc:damage_l4__0":{ "set_property":{ "gc:damage_l4": 0 } },
      "gc:damage_l4__1":{ "set_property":{ "gc:damage_l4": 1 } },
      "gc:damage_l4__2":{ "set_property":{ "gc:damage_l4": 2 } },
      "gc:damage_l4__3":{ "set_property":{ "gc:damage_l4": 3 } },
      "gc:damage_l4__4":{ "set_property":{ "gc:damage_l4": 4 } },
      "gc:damage_l4__5":{ "set_property":{ "gc:damage_l4": 5 } },
      "gc:damage_l4__6":{ "set_property":{ "gc:damage_l4": 6 } },
      "gc:damage_l4__7":{ "set_property":{ "gc:damage_l4": 7 } },
      "gc:damage_l4__8":{ "set_property":{ "gc:damage_l4": 8 } },
      "gc:damage_l4__9":{ "set_property":{ "gc:damage_l4": 9 } },
			
      "gc:damage_l5__0":{ "set_property":{ "gc:damage_l5": 0 } },
      "gc:damage_l5__1":{ "set_property":{ "gc:damage_l5": 1 } },
      "gc:damage_l5__2":{ "set_property":{ "gc:damage_l5": 2 } },
      "gc:damage_l5__3":{ "set_property":{ "gc:damage_l5": 3 } },
      "gc:damage_l5__4":{ "set_property":{ "gc:damage_l5": 4 } },
      "gc:damage_l5__5":{ "set_property":{ "gc:damage_l5": 5 } },
      "gc:damage_l5__6":{ "set_property":{ "gc:damage_l5": 6 } },
      "gc:damage_l5__7":{ "set_property":{ "gc:damage_l5": 7 } },
      "gc:damage_l5__8":{ "set_property":{ "gc:damage_l5": 8 } },
      "gc:damage_l5__9":{ "set_property":{ "gc:damage_l5": 9 } },
			
      "gc:damage_l6__0":{ "set_property":{ "gc:damage_l6": 0 } },
      "gc:damage_l6__1":{ "set_property":{ "gc:damage_l6": 1 } },
      "gc:damage_l6__2":{ "set_property":{ "gc:damage_l6": 2 } },
      "gc:damage_l6__3":{ "set_property":{ "gc:damage_l6": 3 } },
      "gc:damage_l6__4":{ "set_property":{ "gc:damage_l6": 4 } },
      "gc:damage_l6__5":{ "set_property":{ "gc:damage_l6": 5 } },
      "gc:damage_l6__6":{ "set_property":{ "gc:damage_l6": 6 } },
      "gc:damage_l6__7":{ "set_property":{ "gc:damage_l6": 7 } },
      "gc:damage_l6__8":{ "set_property":{ "gc:damage_l6": 8 } },
      "gc:damage_l6__9":{ "set_property":{ "gc:damage_l6": 9 } },
			
      "gc:damage_l7__0":{ "set_property":{ "gc:damage_l7": 0 } },
      "gc:damage_l7__1":{ "set_property":{ "gc:damage_l7": 1 } },
      "gc:damage_l7__2":{ "set_property":{ "gc:damage_l7": 2 } },
      "gc:damage_l7__3":{ "set_property":{ "gc:damage_l7": 3 } },
      "gc:damage_l7__4":{ "set_property":{ "gc:damage_l7": 4 } },
      "gc:damage_l7__5":{ "set_property":{ "gc:damage_l7": 5 } },
      "gc:damage_l7__6":{ "set_property":{ "gc:damage_l7": 6 } },
      "gc:damage_l7__7":{ "set_property":{ "gc:damage_l7": 7 } },
      "gc:damage_l7__8":{ "set_property":{ "gc:damage_l7": 8 } },
      "gc:damage_l7__9":{ "set_property":{ "gc:damage_l7": 9 } },
			
      "gc:damage_l8__0":{ "set_property":{ "gc:damage_l8": 0 } },
      "gc:damage_l8__1":{ "set_property":{ "gc:damage_l8": 1 } },
      "gc:damage_l8__2":{ "set_property":{ "gc:damage_l8": 2 } },
      "gc:damage_l8__3":{ "set_property":{ "gc:damage_l8": 3 } },
      "gc:damage_l8__4":{ "set_property":{ "gc:damage_l8": 4 } },
      "gc:damage_l8__5":{ "set_property":{ "gc:damage_l8": 5 } },
      "gc:damage_l8__6":{ "set_property":{ "gc:damage_l8": 6 } },
      "gc:damage_l8__7":{ "set_property":{ "gc:damage_l8": 7 } },
      "gc:damage_l8__8":{ "set_property":{ "gc:damage_l8": 8 } },
      "gc:damage_l8__9":{ "set_property":{ "gc:damage_l8": 9 } },
			
      "gc:damage_l9__0":{ "set_property":{ "gc:damage_l9": 0 } },
      "gc:damage_l9__1":{ "set_property":{ "gc:damage_l9": 1 } },
      "gc:damage_l9__2":{ "set_property":{ "gc:damage_l9": 2 } },
      "gc:damage_l9__3":{ "set_property":{ "gc:damage_l9": 3 } },
      "gc:damage_l9__4":{ "set_property":{ "gc:damage_l9": 4 } },
      "gc:damage_l9__5":{ "set_property":{ "gc:damage_l9": 5 } },
      "gc:damage_l9__6":{ "set_property":{ "gc:damage_l9": 6 } },
      "gc:damage_l9__7":{ "set_property":{ "gc:damage_l9": 7 } },
      "gc:damage_l9__8":{ "set_property":{ "gc:damage_l9": 8 } },
      "gc:damage_l9__9":{ "set_property":{ "gc:damage_l9": 9 } },
			
			"gc:despawn":{"add": {"component_groups": ["gc:despawn"]}}
		}
	}
}