{
	"format_version": "1.12.0",
	"minecraft:geometry": [
		{
			"description": {
				"identifier": "geometry.straw_nest",
				"texture_width": 128,
				"texture_height": 128,
				"visible_bounds_width": 3,
				"visible_bounds_height": 1.5,
				"visible_bounds_offset": [
					0,
					0.25,
					0
				]
			},
			"bones": [
				{
					"name": "nest",
					"pivot": [
						0,
						0,
						0
					],
					"cubes": [
						{
							"origin": [
								-8,
								3,
								8
							],
							"size": [
								16,
								0,
								2
							],
							"uv": [
								26,
								34
							]
						},
						{
							"origin": [
								-8,
								2,
								-8
							],
							"size": [
								16,
								3,
								4
							],
							"uv": [
								28,
								25
							]
						},
						{
							"origin": [
								-8,
								2,
								-4
							],
							"size": [
								4,
								3,
								8
							],
							"uv": [
								20,
								36
							]
						},
						{
							"origin": [
								-8,
								0,
								-8
							],
							"size": [
								16,
								2,
								16
							],
							"uv": [
								0,
								0
							]
						},
						{
							"origin": [
								4,
								2,
								-4
							],
							"size": [
								4,
								3,
								8
							],
							"uv": [
								0,
								30
							]
						},
						{
							"origin": [
								-8,
								2,
								4
							],
							"size": [
								16,
								3,
								4
							],
							"uv": [
								28,
								18
							]
						},
						{
							"origin": [
								-10,
								3,
								-10
							],
							"size": [
								2,
								0,
								20
							],
							"uv": [
								4,
								18
							]
						},
						{
							"origin": [
								8,
								3,
								-10
							],
							"size": [
								2,
								0,
								20
							],
							"uv": [
								0,
								18
							]
						},
						{
							"origin": [
								-8,
								3,
								-10
							],
							"size": [
								16,
								0,
								2
							],
							"uv": [
								26,
								32
							]
						}
					]
				}
			]
		}
	]
}