{
	"format_version": "1.12.0",
	"minecraft:geometry": [
		{
			"description": {
				"identifier": "geometry.alligator",
				"texture_width": 128,
				"texture_height": 128,
				"visible_bounds_width": 10,
				"visible_bounds_height": 4,
				"visible_bounds_offset": [
					0,
					1,
					0
				]
			},
			"bones": [
				{
					"name": "alligator",
					"pivot": [
						0,
						0,
						5
					]
				},
				{
					"name": "body",
					"parent": "alligator",
					"pivot": [
						0,
						3,
						-11
					]
				},
				{
					"name": "right_leg",
					"parent": "body",
					"pivot": [
						-7,
						6,
						-3
					],
					"cubes": [
						{
							"origin": [
								-11,
								0,
								-6
							],
							"size": [
								4,
								9,
								9
							],
							"uv": [
								0,
								90
							]
						},
						{
							"origin": [
								-14,
								0,
								-11
							],
							"size": [
								6,
								0,
								7
							],
							"uv": [
								0,
								45
							]
						}
					]
				},
				{
					"name": "left_leg",
					"parent": "body",
					"pivot": [
						7,
						6,
						-3
					],
					"cubes": [
						{
							"origin": [
								8,
								0,
								-11
							],
							"size": [
								6,
								0,
								7
							],
							"uv": [
								0,
								38
							]
						},
						{
							"origin": [
								7,
								0,
								-6
							],
							"size": [
								4,
								9,
								9
							],
							"uv": [
								37,
								89
							]
						}
					]
				},
				{
					"name": "right_arm",
					"parent": "body",
					"pivot": [
						-7,
						6,
						-18
					],
					"cubes": [
						{
							"origin": [
								-14,
								0,
								-22
							],
							"size": [
								6,
								0,
								7
							],
							"uv": [
								0,
								16
							]
						},
						{
							"origin": [
								-11,
								0,
								-17
							],
							"size": [
								4,
								9,
								5
							],
							"uv": [
								89,
								0
							]
						}
					]
				},
				{
					"name": "left_arm",
					"parent": "body",
					"pivot": [
						7,
						6,
						-15
					],
					"cubes": [
						{
							"origin": [
								7,
								0,
								-17
							],
							"size": [
								4,
								9,
								5
							],
							"uv": [
								82,
								24
							]
						},
						{
							"origin": [
								8,
								0,
								-22
							],
							"size": [
								6,
								0,
								7
							],
							"uv": [
								0,
								0
							]
						}
					]
				},
				{
					"name": "torso",
					"parent": "body",
					"pivot": [
						0,
						4,
						-11
					],
					"cubes": [
						{
							"origin": [
								-6,
								16,
								-20
							],
							"size": [
								0,
								2,
								25
							],
							"uv": [
								42,
								15
							]
						},
						{
							"origin": [
								-8,
								3,
								-20
							],
							"size": [
								16,
								13,
								25
							],
							"uv": [
								0,
								0
							]
						},
						{
							"origin": [
								6,
								16,
								-20
							],
							"size": [
								0,
								2,
								25
							],
							"uv": [
								42,
								13
							]
						}
					]
				},
				{
					"name": "tail",
					"parent": "torso",
					"pivot": [
						0,
						10,
						6
					]
				},
				{
					"name": "joint1",
					"parent": "tail",
					"pivot": [
						0,
						10,
						6
					],
					"cubes": [
						{
							"origin": [
								3,
								14,
								5
							],
							"size": [
								0,
								2,
								22
							],
							"uv": [
								57,
								0
							]
						},
						{
							"origin": [
								-3,
								14,
								5
							],
							"size": [
								0,
								2,
								22
							],
							"uv": [
								42,
								24
							]
						},
						{
							"origin": [
								-5,
								3,
								5
							],
							"size": [
								10,
								11,
								22
							],
							"uv": [
								0,
								38
							]
						}
					]
				},
				{
					"name": "joint2",
					"parent": "joint1",
					"pivot": [
						0,
						10,
						27
					],
					"cubes": [
						{
							"origin": [
								-1,
								13,
								27
							],
							"size": [
								0,
								2,
								22
							],
							"uv": [
								42,
								22
							]
						},
						{
							"origin": [
								1,
								13,
								27
							],
							"size": [
								0,
								2,
								22
							],
							"uv": [
								42,
								20
							]
						},
						{
							"origin": [
								-2.5,
								3,
								27
							],
							"size": [
								5,
								10,
								22
							],
							"uv": [
								42,
								49
							]
						}
					]
				},
				{
					"name": "joint3",
					"parent": "joint2",
					"pivot": [
						0,
						10,
						45
					],
					"cubes": [
						{
							"origin": [
								0,
								3,
								49
							],
							"size": [
								0,
								8,
								16
							],
							"uv": [
								46,
								65
							]
						}
					]
				},
				{
					"name": "head",
					"parent": "body",
					"pivot": [
						0,
						9,
						-22
					],
					"locators": {
						"lead": [
							0,
							10,
							-29
						]
					}
				},
				{
					"name": "upper_jaw",
					"parent": "head",
					"pivot": [
						0,
						3,
						-22
					],
					"cubes": [
						{
							"origin": [
								4.01,
								7,
								-43
							],
							"size": [
								0,
								2,
								12
							],
							"uv": [
								0,
								2
							]
						},
						{
							"origin": [
								-4.01,
								7,
								-43
							],
							"size": [
								0,
								2,
								12
							],
							"uv": [
								0,
								0
							]
						},
						{
							"origin": [
								-4,
								7,
								-43
							],
							"size": [
								8,
								2,
								0
							],
							"uv": [
								0,
								52
							]
						},
						{
							"origin": [
								-4,
								9,
								-43
							],
							"size": [
								8,
								4,
								15
							],
							"uv": [
								0,
								71
							]
						},
						{
							"origin": [
								-3,
								13,
								-32
							],
							"size": [
								6,
								1,
								4
							],
							"uv": [
								42,
								48
							]
						},
						{
							"origin": [
								-6,
								9,
								-28
							],
							"size": [
								12,
								5,
								8
							],
							"uv": [
								70,
								81
							]
						},
						{
							"origin": [
								4,
								14,
								-28
							],
							"size": [
								0,
								2,
								8
							],
							"uv": [
								0,
								2
							]
						},
						{
							"origin": [
								-4,
								14,
								-28
							],
							"size": [
								0,
								2,
								8
							],
							"uv": [
								0,
								0
							]
						}
					]
				},
				{
					"name": "bottom_jaw",
					"parent": "head",
					"pivot": [
						0,
						3,
						-22
					],
					"cubes": [
						{
							"origin": [
								3.99,
								9,
								-43.9
							],
							"size": [
								0,
								2,
								14
							],
							"uv": [
								74,
								50
							]
						},
						{
							"origin": [
								-3.99,
								9,
								-43.9
							],
							"size": [
								0,
								2,
								14
							],
							"uv": [
								74,
								48
							]
						},
						{
							"origin": [
								-4,
								9,
								-43.9
							],
							"size": [
								8,
								2,
								0
							],
							"uv": [
								0,
								23
							]
						},
						{
							"origin": [
								-4,
								4,
								-44
							],
							"size": [
								8,
								5,
								16
							],
							"uv": [
								57,
								0
							]
						},
						{
							"origin": [
								-6,
								3,
								-28
							],
							"size": [
								12,
								6,
								8
							],
							"uv": [
								74,
								48
							]
						}
					]
				}
			]
		}
	]
}