{
	"format_version": "1.12.0",
	"minecraft:geometry": [
		{
			"description": {
				"identifier": "geometry.alligator_armor_chestplate",
				"texture_width": 64,
				"texture_height": 64,
				"visible_bounds_width": 3,
				"visible_bounds_height": 3,
				"visible_bounds_offset": [
					0,
					1.5,
					0
				]
			},
			"bones": [
				{
					"name": "waist",
					"pivot": [
						0,
						0,
						0
					]
				},
				{
					"name": "body",
					"parent": "waist",
					"pivot": [
						0,
						24,
						0
					],
					"cubes": [
						{
							"origin": [
								-4.5,
								11,
								-3
							],
							"size": [
								9,
								14,
								6
							],
							"uv": [
								0,
								0
							]
						}
					]
				},
				{
					"name": "spike1",
					"parent": "body",
					"pivot": [
						5,
						22,
						0
					],
					"cubes": [
						{
							"origin": [
								2,
								15,
								3
							],
							"size": [
								0,
								9,
								2
							],
							"uv": [
								33,
								5
							]
						}
					]
				},
				{
					"name": "spike2",
					"parent": "body",
					"pivot": [
						0,
						24,
						0
					],
					"cubes": [
						{
							"origin": [
								-2,
								15,
								3
							],
							"size": [
								0,
								9,
								2
							],
							"uv": [
								33,
								5
							]
						}
					]
				},
				{
					"name": "sidespike",
					"parent": "body",
					"pivot": [
						0,
						0,
						0
					],
					"cubes": [
						{
							"origin": [
								-6.5,
								14,
								0
							],
							"size": [
								2,
								6,
								0
							],
							"uv": [
								1,
								30
							]
						},
						{
							"origin": [
								4.5,
								14,
								0
							],
							"size": [
								2,
								6,
								0
							],
							"uv": [
								0,
								30
							]
						}
					]
				},
				{
					"name": "leftArm",
					"parent": "body",
					"pivot": [
						5,
						22,
						0
					],
					"mirror": true,
					"cubes": [
						{
							"origin": [
								4.5,
								20,
								-3
							],
							"size": [
								4,
								5,
								6
							],
							"uv": [
								0,
								20
							]
						}
					]
				},
				{
					"name": "spike5",
					"parent": "leftArm",
					"pivot": [
						23,
						22,
						0
					],
					"cubes": [
						{
							"origin": [
								1.5,
								25,
								0
							],
							"size": [
								6,
								2,
								0
							],
							"uv": [
								14,
								20
							]
						}
					]
				},
				{
					"name": "spike",
					"parent": "leftArm",
					"pivot": [
						5,
						22,
						0
					],
					"cubes": [
						{
							"origin": [
								8.5,
								20,
								0
							],
							"size": [
								2,
								5,
								0
							],
							"uv": [
								0,
								20
							]
						}
					]
				},
				{
					"name": "rightArm",
					"parent": "body",
					"pivot": [
						-5,
						22,
						0
					],
					"cubes": [
						{
							"origin": [
								-8.5,
								20,
								-3
							],
							"size": [
								4,
								5,
								6
							],
							"uv": [
								0,
								20
							]
						}
					]
				},
				{
					"name": "spike3",
					"parent": "rightArm",
					"pivot": [
						-5,
						22,
						0
					],
					"cubes": [
						{
							"origin": [
								-8.5,
								25,
								0
							],
							"size": [
								6,
								2,
								0
							],
							"uv": [
								14,
								22
							]
						}
					]
				},
				{
					"name": "spike4",
					"parent": "rightArm",
					"pivot": [
						-5,
						22,
						0
					],
					"cubes": [
						{
							"origin": [
								-10.5,
								20,
								0
							],
							"size": [
								2,
								5,
								0
							],
							"uv": [
								0,
								0
							]
						}
					]
				}
			]
		}
	]
}