{
	"format_version": "1.12.0",
	"minecraft:geometry": [
		{
			"description": {
				"identifier": "geometry.gecko",
				"texture_width": 64,
				"texture_height": 64,
				"visible_bounds_width": 3,
				"visible_bounds_height": 1.5,
				"visible_bounds_offset": [
					0,
					0.25,
					0
				]
			},
			"bones": [
				{
					"name": "gecko",
					"pivot": [
						0,
						1,
						-2
					]
				},
				{
					"name": "right_arm",
					"parent": "gecko",
					"pivot": [
						-3,
						2,
						-5
					],
					"cubes": [
						{
							"origin": [
								-3,
								-4,
								-7
							],
							"size": [
								0,
								4,
								4
							],
							"uv": [
								21,
								0
							]
						},
						{
							"origin": [
								-4,
								-2,
								-6
							],
							"size": [
								1,
								4,
								2
							],
							"uv": [
								0,
								12
							]
						}
					]
				},
				{
					"name": "left_arm",
					"parent": "gecko",
					"pivot": [
						3,
						2,
						-5
					],
					"cubes": [
						{
							"origin": [
								3,
								-2,
								-6
							],
							"size": [
								1,
								4,
								2
							],
							"uv": [
								29,
								0
							]
						},
						{
							"origin": [
								3,
								-4,
								-7
							],
							"size": [
								0,
								4,
								4
							],
							"uv": [
								0,
								0
							]
						}
					]
				},
				{
					"name": "right_leg",
					"parent": "gecko",
					"pivot": [
						-3,
						2,
						2
					],
					"cubes": [
						{
							"origin": [
								-4,
								-2,
								1
							],
							"size": [
								1,
								4,
								2
							],
							"uv": [
								29,
								27
							]
						},
						{
							"origin": [
								-3,
								-4,
								0
							],
							"size": [
								0,
								4,
								4
							],
							"uv": [
								21,
								0
							]
						}
					]
				},
				{
					"name": "left_leg",
					"parent": "gecko",
					"pivot": [
						3,
						2,
						2
					],
					"cubes": [
						{
							"origin": [
								3,
								-2,
								1
							],
							"size": [
								1,
								4,
								2
							],
							"uv": [
								19,
								12
							]
						},
						{
							"origin": [
								3,
								-4,
								0
							],
							"size": [
								0,
								4,
								4
							],
							"uv": [
								0,
								0
							]
						}
					]
				},
				{
					"name": "body",
					"parent": "gecko",
					"pivot": [
						0,
						1,
						-1
					],
					"cubes": [
						{
							"origin": [
								-3,
								0,
								-6
							],
							"size": [
								6,
								3,
								9
							],
							"uv": [
								0,
								0
							]
						}
					]
				},
				{
					"name": "tail",
					"parent": "body",
					"pivot": [
						0,
						1,
						3
					],
					"cubes": [
						{
							"origin": [
								-1.5,
								0,
								3
							],
							"size": [
								3,
								3,
								9
							],
							"uv": [
								17,
								13
							]
						}
					]
				},
				{
					"name": "head",
					"parent": "gecko",
					"pivot": [
						0,
						1,
						-6
					],
					"cubes": [
						{
							"origin": [
								-4,
								2,
								-11
							],
							"size": [
								2,
								5,
								5
							],
							"pivot": [
								0,
								0,
								0
							],
							"rotation": [
								0,
								0,
								2.5
							],
							"uv": [
								0,
								22
							]
						},
						{
							"origin": [
								2,
								2,
								-11
							],
							"size": [
								2,
								5,
								5
							],
							"pivot": [
								0,
								0,
								0
							],
							"rotation": [
								0,
								0,
								-2.5
							],
							"uv": [
								14,
								25
							]
						},
						{
							"origin": [
								-3,
								0,
								-13
							],
							"size": [
								6,
								3,
								7
							],
							"uv": [
								0,
								12
							]
						}
					],
					"locators": {
						"locator": [
							0,
							2,
							-9
						]
					}
				}
			]
		}
	]
}