{
	"format_version": "1.12.0",
	"minecraft:geometry": [
		{
			"description": {
				"identifier": "geometry.harpyeagle",
				"texture_width": 64,
				"texture_height": 64,
				"visible_bounds_width": 4,
				"visible_bounds_height": 3.5,
				"visible_bounds_offset": [
					0,
					1.25,
					0
				]
			},
			"bones": [
				{
					"name": "harpyeagle",
					"pivot": [
						0,
						11,
						0
					]
				},
				{
					"name": "head",
					"parent": "harpyeagle",
					"pivot": [
						0,
						14,
						-3
					],
					"cubes": [
						{
							"origin": [
								-1.5,
								14,
								-7
							],
							"size": [
								3,
								7,
								5
							],
							"uv": [
								20,
								0
							]
						},
						{
							"origin": [
								-1.5,
								20,
								-8
							],
							"size": [
								3,
								1,
								1
							],
							"uv": [
								0,
								8
							]
						},
						{
							"origin": [
								-0.5,
								17,
								-10
							],
							"size": [
								1,
								3,
								3
							],
							"uv": [
								24,
								18
							]
						},
						{
							"origin": [
								-0.5,
								16,
								-10
							],
							"size": [
								1,
								1,
								1
							],
							"uv": [
								8,
								0
							]
						},
						{
							"origin": [
								-3.5,
								16,
								-4
							],
							"size": [
								7,
								7,
								0
							],
							"uv": [
								36,
								0
							]
						},
						{
							"origin": [
								-3.5,
								23,
								-4
							],
							"size": [
								7,
								6,
								0
							],
							"pivot": [
								0,
								23,
								-4
							],
							"rotation": [
								-20,
								0,
								0
							],
							"uv": [
								32,
								12
							]
						}
					],
					"locators": {
						"lead": [
							0,
							16,
							-5
						]
					}
				},
				{
					"name": "torso",
					"parent": "harpyeagle",
					"pivot": [
						0,
						11,
						0
					],
					"cubes": [
						{
							"origin": [
								-2,
								7.40192,
								-4.5
							],
							"size": [
								4,
								6,
								12
							],
							"pivot": [
								0,
								12,
								2
							],
							"rotation": [
								-40,
								0,
								0
							],
							"uv": [
								0,
								0
							]
						}
					]
				},
				{
					"name": "left_wing",
					"parent": "torso",
					"pivot": [
						2,
						15,
						-4
					],
					"cubes": [
						{
							"origin": [
								2,
								6.40192,
								-4.5
							],
							"size": [
								1,
								7,
								13
							],
							"pivot": [
								0,
								12,
								2
							],
							"rotation": [
								-40,
								0,
								0
							],
							"uv": [
								23,
								18
							]
						}
					]
				},
				{
					"name": "right_wing",
					"parent": "torso",
					"pivot": [
						-2,
						15,
						-4
					],
					"cubes": [
						{
							"origin": [
								-3,
								6.40192,
								-4.5
							],
							"size": [
								1,
								7,
								13
							],
							"pivot": [
								0,
								12,
								2
							],
							"rotation": [
								-40,
								0,
								0
							],
							"uv": [
								0,
								31
							]
						}
					]
				},
				{
					"name": "tail",
					"parent": "torso",
					"pivot": [
						0,
						9,
						7
					],
					"cubes": [
						{
							"origin": [
								-3,
								12.40192,
								7.5
							],
							"size": [
								6,
								1,
								12
							],
							"pivot": [
								0,
								12,
								2
							],
							"rotation": [
								-40,
								0,
								0
							],
							"uv": [
								0,
								18
							]
						}
					]
				},
				{
					"name": "leftLeg",
					"parent": "harpyeagle",
					"pivot": [
						1,
						9,
						-2
					],
					"rotation": [
						0,
						-5,
						0
					],
					"cubes": [
						{
							"origin": [
								0.5,
								5,
								-2
							],
							"size": [
								2,
								4,
								4
							],
							"uv": [
								0,
								18
							]
						},
						{
							"origin": [
								1,
								1,
								-1
							],
							"size": [
								1,
								4,
								0
							],
							"uv": [
								2,
								0
							]
						},
						{
							"origin": [
								0,
								0,
								-3
							],
							"size": [
								3,
								1,
								4
							],
							"uv": [
								15,
								38
							]
						}
					]
				},
				{
					"name": "rightArm",
					"parent": "harpyeagle",
					"pivot": [
						-1,
						9,
						-1
					],
					"rotation": [
						0,
						5,
						0
					],
					"cubes": [
						{
							"origin": [
								-2,
								1,
								-1
							],
							"size": [
								1,
								4,
								0
							],
							"uv": [
								0,
								0
							]
						},
						{
							"origin": [
								-3,
								0,
								-3
							],
							"size": [
								3,
								1,
								4
							],
							"uv": [
								36,
								7
							]
						},
						{
							"origin": [
								-2.5,
								5,
								-2
							],
							"size": [
								2,
								4,
								4
							],
							"uv": [
								0,
								0
							]
						}
					],
					"locators": {
						"held_item": {
							"offset": [
								0,
								1.5,
								0
							],
							"rotation": [
								0,
								0,
								0
							]
						}
					}
				},
				{
					"name": "rightItem",
					"parent": "rightArm",
					"pivot": [
						0,
						1.5,
						0
					],
					"rotation": [
						0,
						0,
						0
					]
				}
			]
		}
	]
}