{
	"format_version": "1.12.0",
	"minecraft:geometry": [
		{
			"description": {
				"identifier": "geometry.macaw",
				"texture_width": 64,
				"texture_height": 64,
				"visible_bounds_width": 4,
				"visible_bounds_height": 4,
				"visible_bounds_offset": [
					0,
					1,
					0
				]
			},
			"bones": [
				{
					"name": "macaw",
					"pivot": [
						0,
						8,
						0
					]
				},
				{
					"name": "head",
					"parent": "macaw",
					"pivot": [
						0,
						11,
						-2
					],
					"cubes": [
						{
							"origin": [
								-1.5,
								11,
								-5
							],
							"size": [
								3,
								7,
								4
							],
							"uv": [
								0,
								0
							]
						},
						{
							"origin": [
								-1.5,
								17,
								-6
							],
							"size": [
								3,
								1,
								1
							],
							"uv": [
								0,
								11
							]
						},
						{
							"origin": [
								-0.5,
								13,
								-8
							],
							"size": [
								1,
								4,
								3
							],
							"uv": [
								22,
								7
							]
						}
					]
				},
				{
					"name": "torso",
					"parent": "macaw",
					"pivot": [
						0,
						8,
						0
					],
					"cubes": [
						{
							"origin": [
								-2,
								5.40192,
								-4.5
							],
							"size": [
								4,
								5,
								12
							],
							"pivot": [
								0,
								9,
								2
							],
							"rotation": [
								-40,
								0,
								0
							],
							"uv": [
								24,
								3
							]
						}
					]
				},
				{
					"name": "left_wing",
					"parent": "torso",
					"pivot": [
						2,
						12,
						-4
					],
					"cubes": [
						{
							"origin": [
								2,
								9.6033,
								-4.20933
							],
							"size": [
								1,
								6,
								14
							],
							"pivot": [
								2,
								12,
								-5
							],
							"rotation": [
								-40,
								0,
								0
							],
							"uv": [
								16,
								21
							]
						}
					]
				},
				{
					"name": "right_wing",
					"parent": "torso",
					"pivot": [
						-2,
						12,
						-4
					],
					"cubes": [
						{
							"origin": [
								-3,
								9.6033,
								-4.20933
							],
							"size": [
								1,
								6,
								14
							],
							"pivot": [
								2,
								12,
								-5
							],
							"rotation": [
								-40,
								0,
								0
							],
							"uv": [
								0,
								15
							]
						}
					]
				},
				{
					"name": "tail",
					"parent": "torso",
					"pivot": [
						0,
						6,
						7
					],
					"cubes": [
						{
							"origin": [
								-2,
								9.40192,
								7.5
							],
							"size": [
								4,
								1,
								14
							],
							"pivot": [
								0,
								9,
								2
							],
							"rotation": [
								-40,
								0,
								0
							],
							"uv": [
								0,
								0
							]
						}
					]
				},
				{
					"name": "left_leg",
					"parent": "macaw",
					"pivot": [
						1,
						7,
						-2
					],
					"rotation": [
						0,
						-5,
						0
					],
					"cubes": [
						{
							"origin": [
								0.5,
								4,
								-2
							],
							"size": [
								2,
								3,
								4
							],
							"uv": [
								22,
								0
							]
						},
						{
							"origin": [
								1,
								1,
								-1
							],
							"size": [
								1,
								3,
								0
							],
							"uv": [
								2,
								0
							]
						},
						{
							"origin": [
								0,
								0,
								-3
							],
							"size": [
								3,
								1,
								4
							],
							"uv": [
								0,
								22
							]
						}
					]
				},
				{
					"name": "right_leg",
					"parent": "macaw",
					"pivot": [
						-1,
						7,
						-1
					],
					"rotation": [
						0,
						5,
						0
					],
					"cubes": [
						{
							"origin": [
								-2,
								1,
								-1
							],
							"size": [
								1,
								3,
								0
							],
							"uv": [
								0,
								0
							]
						},
						{
							"origin": [
								-3,
								0,
								-3
							],
							"size": [
								3,
								1,
								4
							],
							"uv": [
								16,
								20
							]
						},
						{
							"origin": [
								-2.5,
								4,
								-2
							],
							"size": [
								2,
								3,
								4
							],
							"uv": [
								0,
								15
							]
						}
					]
				}
			]
		}
	]
}