{
	"format_version": "1.12.0",
	"minecraft:geometry": [
		{
			"description": {
				"identifier": "geometry.warpedtainttaur",
				"texture_width": 128,
				"texture_height": 128,
				"visible_bounds_width": 8,
				"visible_bounds_height": 5,
				"visible_bounds_offset": [
					0,
					1.5,
					0
				]
			},
			"bones": [
				{
					"name": "warpedtainttaur",
					"pivot": [
						0,
						18,
						-3
					]
				},
				{
					"name": "head",
					"parent": "warpedtainttaur",
					"pivot": [
						0,
						22,
						-15
					],
					"locators": {
						"locator": [
							0,
							22,
							-21
						]
					}
				},
				{
					"name": "upper_jaw",
					"parent": "head",
					"pivot": [
						0,
						23,
						-15
					],
					"cubes": [
						{
							"origin": [
								-4,
								23,
								-32
							],
							"size": [
								8,
								5,
								9
							],
							"uv": [
								0,
								85
							]
						},
						{
							"origin": [
								-5,
								23,
								-23
							],
							"size": [
								10,
								6,
								8
							],
							"uv": [
								80,
								52
							]
						}
					]
				},
				{
					"name": "bottom_jaw",
					"parent": "head",
					"pivot": [
						0,
						23,
						-15
					],
					"cubes": [
						{
							"origin": [
								-4,
								17,
								-33
							],
							"size": [
								8,
								6,
								10
							],
							"uv": [
								56,
								66
							]
						},
						{
							"origin": [
								-5,
								17,
								-23
							],
							"size": [
								10,
								6,
								8
							],
							"uv": [
								58,
								82
							]
						},
						{
							"origin": [
								5,
								14,
								-23
							],
							"size": [
								0,
								3,
								8
							],
							"uv": [
								43,
								2
							]
						},
						{
							"origin": [
								-5,
								14,
								-23
							],
							"size": [
								0,
								3,
								8
							],
							"uv": [
								59,
								2
							]
						},
						{
							"origin": [
								-4,
								23,
								-33
							],
							"size": [
								8,
								2,
								0
							],
							"uv": [
								43,
								13
							]
						}
					]
				},
				{
					"name": "body",
					"parent": "warpedtainttaur",
					"pivot": [
						0,
						18,
						-3
					]
				},
				{
					"name": "upper_body",
					"parent": "body",
					"pivot": [
						0,
						16,
						0
					],
					"cubes": [
						{
							"origin": [
								-7,
								10,
								-15
							],
							"size": [
								14,
								17,
								15
							],
							"uv": [
								0,
								0
							]
						},
						{
							"origin": [
								7,
								7,
								-15
							],
							"size": [
								0,
								3,
								15
							],
							"uv": [
								0,
								66
							]
						},
						{
							"origin": [
								-7,
								7,
								-15
							],
							"size": [
								0,
								3,
								15
							],
							"uv": [
								0,
								63
							]
						},
						{
							"origin": [
								0,
								27,
								-15
							],
							"size": [
								0,
								15,
								15
							],
							"uv": [
								0,
								44
							]
						}
					]
				},
				{
					"name": "lower_body",
					"parent": "body",
					"pivot": [
						0,
						16,
						0
					],
					"cubes": [
						{
							"origin": [
								-7,
								10,
								0
							],
							"size": [
								14,
								14,
								13
							],
							"uv": [
								0,
								32
							]
						},
						{
							"origin": [
								7,
								7,
								0
							],
							"size": [
								0,
								3,
								13
							],
							"uv": [
								34,
								83
							]
						},
						{
							"origin": [
								-7,
								7,
								0
							],
							"size": [
								0,
								3,
								13
							],
							"uv": [
								60,
								83
							]
						},
						{
							"origin": [
								0,
								24,
								0
							],
							"size": [
								0,
								18,
								13
							],
							"uv": [
								62,
								29
							]
						}
					]
				},
				{
					"name": "tail",
					"parent": "lower_body",
					"pivot": [
						0,
						18,
						13
					],
					"cubes": [
						{
							"origin": [
								-4,
								14,
								13
							],
							"size": [
								8,
								10,
								18
							],
							"uv": [
								41,
								14
							]
						},
						{
							"origin": [
								4,
								11,
								13
							],
							"size": [
								0,
								3,
								18
							],
							"uv": [
								30,
								48
							]
						},
						{
							"origin": [
								-4,
								11,
								13
							],
							"size": [
								0,
								3,
								18
							],
							"uv": [
								30,
								51
							]
						}
					]
				},
				{
					"name": "joint",
					"parent": "tail",
					"pivot": [
						0,
						20,
						31
					],
					"cubes": [
						{
							"origin": [
								-2,
								18,
								31
							],
							"size": [
								4,
								6,
								18
							],
							"uv": [
								36,
								42
							]
						},
						{
							"origin": [
								-2,
								15,
								31
							],
							"size": [
								0,
								3,
								18
							],
							"uv": [
								0,
								57
							]
						},
						{
							"origin": [
								2,
								15,
								31
							],
							"size": [
								0,
								3,
								18
							],
							"uv": [
								30,
								54
							]
						}
					]
				},
				{
					"name": "left_arm",
					"parent": "warpedtainttaur",
					"pivot": [
						6,
						16,
						-13
					],
					"cubes": [
						{
							"origin": [
								6,
								0,
								-16
							],
							"size": [
								6,
								16,
								6
							],
							"uv": [
								93,
								19
							]
						}
					]
				},
				{
					"name": "hand",
					"parent": "left_arm",
					"pivot": [
						9,
						0,
						-13
					],
					"cubes": [
						{
							"origin": [
								7,
								0,
								-21
							],
							"size": [
								9,
								0,
								10
							],
							"uv": [
								33,
								0
							]
						}
					]
				},
				{
					"name": "right_arm",
					"parent": "warpedtainttaur",
					"pivot": [
						-6,
						16,
						-13
					],
					"cubes": [
						{
							"origin": [
								-12,
								0,
								-16
							],
							"size": [
								6,
								16,
								6
							],
							"uv": [
								88,
								90
							]
						}
					]
				},
				{
					"name": "hand2",
					"parent": "right_arm",
					"pivot": [
						-11,
						0,
						-13
					],
					"cubes": [
						{
							"origin": [
								-15,
								0,
								-21
							],
							"size": [
								9,
								0,
								10
							],
							"uv": [
								52,
								0
							]
						}
					]
				},
				{
					"name": "left_leg",
					"parent": "warpedtainttaur",
					"pivot": [
						6,
						16,
						6
					],
					"cubes": [
						{
							"origin": [
								6,
								7,
								1
							],
							"size": [
								6,
								9,
								10
							],
							"uv": [
								75,
								0
							]
						},
						{
							"origin": [
								6,
								0,
								5
							],
							"size": [
								6,
								7,
								6
							],
							"uv": [
								86,
								76
							]
						},
						{
							"origin": [
								7,
								0,
								0
							],
							"size": [
								9,
								0,
								10
							],
							"uv": [
								72,
								66
							]
						}
					]
				},
				{
					"name": "right_leg",
					"parent": "warpedtainttaur",
					"pivot": [
						-6,
						16,
						6
					],
					"cubes": [
						{
							"origin": [
								-12,
								7,
								1
							],
							"size": [
								6,
								9,
								10
							],
							"uv": [
								26,
								75
							]
						},
						{
							"origin": [
								-12,
								0,
								5
							],
							"size": [
								6,
								7,
								6
							],
							"uv": [
								0,
								99
							]
						},
						{
							"origin": [
								-16,
								0,
								0
							],
							"size": [
								9,
								0,
								10
							],
							"uv": [
								65,
								19
							]
						}
					]
				}
			]
		}
	]
}