{
	"format_version": "1.16.100",
	"minecraft:item": {
		"description": {
			"identifier": "ruby:ruby_sword",
			"category": "equipment"
		},
		"components": {
			"minecraft:creative_category": {
				"parent": "itemGroup.name.sword"
			},
			"minecraft:max_stack_size": 1,
			"minecraft:hand_equipped": true,
			"minecraft:durability": {
				"max_durability": 350
			},
			"minecraft:damage": 5,
			"minecraft:icon": {
				"texture": "ruby_ruby_sword"
			},
			"minecraft:enchantable": {
				"value": 14,
				"slot": "sword"
			},
			"minecraft:can_destroy_in_creative": false,
			"minecraft:digger": {
				"use_efficiency": true,
				"destroy_speeds": [
					{
						"block": "minecraft:web",
						"speed": 12
					},
					{
						"block": "minecraft:bamboo",
						"speed": 8
					}
				]
			},
			"minecraft:weapon": {},
			"tag:minecraft:is_sword": {}
		}
	}
}