{
	"format_version": "1.16.100",
	"minecraft:item": {
		"description": {
			"identifier": "ruby:ruby_shovel",
			"category": "equipment"
		},
		"components": {
			"minecraft:max_stack_size": 1,
			"minecraft:hand_equipped": true,
			"minecraft:durability": {
				"max_durability": 400
			},
			"minecraft:mining_speed": 1,
			"minecraft:damage": 3,
			"minecraft:enchantable": {
				"value": 14,
				"slot": "shovel"
			},
			"minecraft:use_on": {
				"blocks": [
					"minecraft:grass",
					"minecraft:snow",
					"minecraft:snow_layer"
				]
			},
			"minecraft:digger": {
				"use_efficiency": true,
				"destroy_speeds": [
					{
						"block": {
							"tags": "query.any_tag('dirt', 'sand', 'gravel', 'grass', 'snow')"
						},
						"speed": 6
					}
				]
			},
			"minecraft:icon": {
				"texture": "ruby_ruby_shovel"
			},
			"minecraft:creative_category": {
				"parent": "itemGroup.name.shovel"
			},
			"tag:minecraft:is_shovel": {}
		}
	}
}