{
	"format_version": "1.16.100",
	"minecraft:item": {
		"description": {
			"identifier": "ruby:ruby_axe",
			"category": "equipment"
		},
		"components": {
			"minecraft:max_stack_size": 1,
			"minecraft:hand_equipped": true,
			"minecraft:durability": {
				"max_durability": 375
			},
			"minecraft:mining_speed": 1,
			"minecraft:damage": 6,
			"minecraft:enchantable": {
				"value": 14,
				"slot": "axe"
			},
			"minecraft:use_on": {
				"blocks": [
					"log",
					"log2",
					"wood"
				]
			},
			"minecraft:digger": {
				"use_efficiency": true,
				"destroy_speeds": [
					{
						"block": {
							"tags": "query.any_tag('wood', 'pumpkin', 'plant')"
						},
						"speed": 6
					},
					{
						"block": "minecraft:chest",
						"speed": 6
					},
					{
						"block": "minecraft:melon_block",
						"speed": 6
					}
				]
			},
			"minecraft:icon": {
				"texture": "ruby_ruby_axe"
			},
			"minecraft:creative_category": {
				"parent": "itemGroup.name.axe"
			},
			"tag:minecraft:is_axe": {}
		}
	}
}