{
	"format_version": "1.16.100",
	"minecraft:item": {
		"description": {
			"identifier": "ruby:ruby_hoe",
			"category": "equipment"
		},
		"components": {
			"minecraft:max_stack_size": 1,
			"minecraft:hand_equipped": true,
			"minecraft:durability": {
				"max_durability": 350
			},
			"minecraft:damage": 0,
			"minecraft:enchantable": {
				"value": 14,
				"slot": "hoe"
			},
			"minecraft:use_on": {
				"blocks": [
					"grass",
					"dirt",
					"grass_path"
				]
			},
			"minecraft:icon": {
				"texture": "ruby_ruby_hoe"
			},
			"minecraft:creative_category": {
				"parent": "itemGroup.name.hoe"
			},
			"tag:minecraft:is_hoe": {}
		}
	}
}