{
	"format_version": "1.16.100",
	"minecraft:item": {
		"description": {
			"identifier": "ruby:ruby_helmet",
			"category": "equipment"
		},
		"components": {
			"minecraft:max_stack_size": 1,
			"minecraft:enchantable": {
				"value": 9,
				"slot": "armor_head"
			},
			"minecraft:durability": {
				"max_durability": 222,
				"damage_chance": {
					"min": 60,
					"max": 100
				}
			},
			"minecraft:icon": {
				"texture": "ruby_ruby_helmet"
			},
			"minecraft:render_offsets": "helmets",
			"minecraft:armor": {
				"protection": 2
			},
			"minecraft:wearable": {
				"slot": "slot.armor.head"
			},
			"minecraft:creative_category": {
				"parent": "itemGroup.name.helmet"
			}
		}
	}
}