{
  "format_version": "1.10.0",
  "particle_effect": {
    "description": {
      "identifier": "minecraft:eyeofender_death_explode_particle",
      "basic_render_parameters": {
        "material": "particles_blend",
        "texture": "textures/particle/particles"
      }
    },
    "components": {
      "minecraft:emitter_rate_instant": {
        "num_particles": 1
      },        
      "minecraft:emitter_lifetime_once": {
      },
      "minecraft:emitter_shape_point": {
      },
      "minecraft:particle_initial_speed": [ 0, 0, 0 ],
      "minecraft:particle_lifetime_expression": {
        "max_lifetime": "3 / Math.Random(1, 5) + 0.1"
      },
      "minecraft:particle_motion_dynamic": {
        "linear_acceleration": [ "variable.acceleration.x * 15", "variable.acceleration.y", "variable.acceleration.z * 15" ],
        "linear_drag_coefficient": 2.5
      },
      "minecraft:particle_motion_collision": {
        "coefficient_of_restitution": 0.1,
        "collision_drag": 10.0,
        "collision_radius": 0.1
      },
      "minecraft:particle_appearance_billboard": {
        "size": [ "variable.particle_random_1 * variable.particle_random_2 * 0.6 + 0.1", "variable.particle_random_1 * variable.particle_random_2 * 0.6 + 0.1" ],
        "facing_camera_mode": "lookat_xyz",
        "uv": {
          "texture_width": 128,
          "texture_height": 128,
          "flipbook": {
            "base_UV": [ 56, 0 ],
            "size_UV": [ 8, 8 ],
            "step_UV": [ -8, 0 ],
            "frames_per_second": 8,
            "max_frame": 8,
            "stretch_to_lifetime": true,
            "loop": false
          }
        }
      },
      "minecraft:particle_appearance_tinting": {
        "color": [ "variable.particle_random_1 * 0.6 + 0.4", "(variable.particle_random_1 * 0.6 + 0.4) * 0.3", "(variable.particle_random_1 * 0.6 + 0.4) * 0.9", 1.0 ]
      },
      "minecraft:particle_appearance_lighting": {}
    }
  }
} 