{
	"format_version": "1.16.100",
	"minecraft:item": {
		"description": {
			"identifier": "snf:alligator_armor_chestplate",
			"category": "equipment"
		},
		"components": {
			"tag:snf:alligator_armor_chestplate": {},
			"minecraft:creative_category": {
				"parent": "itemGroup.name.chestplate"
			},
			"minecraft:icon": {
				"texture": "snf_chestplate_alligator"
			},
			"minecraft:display_name": {
				"value": "Alligator Chestplate"
			},
			"minecraft:max_stack_size": 1,
			"minecraft:enchantable": {
				"value": 10,
				"slot": "armor_torso"
			},
			"minecraft:armor": {
				"protection": 10
			},
			"minecraft:repairable": {
				"repair_items": [
					{
						"items": [
							"snf:alligatorscutte"
						],
						"repair_amount": 400
					}
				]
			},
			"minecraft:wearable": {
				"dispensable": true,
				"slot": "slot.armor.chest"
			},
			"minecraft:durability": {
				"max_durability": 400
			},
			"minecraft:on_use": {
				"on_use": {
					"event": "equip_sound"
				}
			}
		},
		"events": {
			"swim_speed": {
				"sequence": [
					{
						"add_mob_effect": {
							"effect": "speed",
							"amplifier": 5,
							"duration": 1,
							"target": "player"
						},
						"condition": "query.is_in_water"
					}
				]
			},
			"equip_sound": {
				"sequence": [
					{
						"condition": "query.armor_texture_slot(0)==-1&&!query.equipped_item_any_tag('slot.armor.torso','snf:alligator_armor_chestplate')",
						"run_command": {
							"command": [
								"playsound armor.equip_leather @s"
							]
						}
					}
				]
			}
		}
	}
}