{
	"format_version": "1.16.100",
	"minecraft:item": {
		"description": {
			"identifier": "snf:claw_dagger",
			"category": "equipment"
		},
		"components": {
			"minecraft:throwable": {
				"do_swing_animation": true,
				"max_draw_duration": 0.4,
				"launch_power_scale": 0
			},
			"minecraft:creative_category": {
				"parent": "itemGroup.name.sword"
			},
			"minecraft:max_stack_size": 1,
			"minecraft:hand_equipped": true,
			"minecraft:durability": {
				"max_durability": 190
			},
			"minecraft:damage": 6,
			"minecraft:enchantable": {
				"value": 10,
				"slot": "sword"
			},
			"minecraft:icon": {
				"texture": "snf_claw_dagger"
			},
			"minecraft:display_name": {
				"value": "Claw Dagger"
			},
			"minecraft:repairable": {
				"repair_items": [
					{
						"items": [
							"snf:claw"
						],
						"repair_amount": 190
					}
				]
			},
			"minecraft:can_destroy_in_creative": false
		},
		"events": {}
	}
}