{
	"format_version": "1.16.100",
	"minecraft:item": {
		"description": {
			"identifier": "snf:geckotail",
			"category": "nature"
		},
		"components": {
			"minecraft:creative_category": {
				"parent": "itemGroup.name.cookedFood"
			},
			"minecraft:icon": {
				"texture": "snf_geckotail"
			},
			"minecraft:food": {
				"nutrition": 1,
				"can_always_eat": true,
				"saturation_modifier": "poor"
			},
			"minecraft:use_animation": "eat",
			"minecraft:use_duration": 1.6
		},
		"events": {
			"snf:eathunger": {
				"add_mob_effect": {
					"effect": "hunger",
					"amplifier": 2,
					"duration": 12,
					"target": "player"
				}
			}
		}
	}
}