{
	"format_version": "1.16.100",
	"minecraft:item": {
		"description": {
			"identifier": "snf:pendant_of_the_nether",
			"category": "equipment"
		},
		"components": {
			"minecraft:display_name": {
				"value": "§gPendant Of The Nether"
			},
			"minecraft:cooldown": {
				"category": "chorusfruit",
				"duration": 30
			},
			"minecraft:on_use": {
				"on_use": {
					"event": "used"
				}
			},
			"minecraft:durability": {
				"max_durability": 480,
				"damage_chance": {
					"min": 60,
					"max": 100
				}
			},
			"minecraft:creative_category": {
				"parent": "itemGroup.name.tools"
			},
			"minecraft:allow_off_hand": false,
			"minecraft:hand_equipped": false,
			"minecraft:use_duration": 2,
			"minecraft:max_stack_size": 1,
			"minecraft:icon": {
				"texture": "snf_pendant_of_the_nether"
			},
			"minecraft:render_offsets": {
				"main_hand": {
					"third_person": {
						"scale": [
							0.1,
							0.1,
							0.1
						]
					},
					"first_person": {
						"scale": [
							0.037999999999977205,
							0.037999999999977205,
							0.037999999999977205
						]
					}
				},
				"off_hand": {
					"third_person": {
						"scale": [
							0.1,
							0.1,
							0.1
						]
					},
					"first_person": {
						"scale": [
							0.037999999999977205,
							0.037999999999977205,
							0.037999999999977205
						]
					}
				}
			}
		},
		"events": {
			"used": {
				"sequence": [
					{
						"add_mob_effect": {
							"effect": "strength",
							"target": "holder",
							"duration": 40,
							"amplifier": 2
						}
					},
					{
						"add_mob_effect": {
							"effect": "speed",
							"target": "holder",
							"duration": 40,
							"amplifier": 2
						}
					},
					{
						"add_mob_effect": {
							"effect": "fire_resistance",
							"target": "holder",
							"duration": 40,
							"amplifier": 0
						}
					},
					{
						"damage": {
							"type": "magic",
							"amount": 20,
							"target": "self"
						}
					},
					{
						"run_command": {
							"command": [
								"playsound portal.portal @p ~ ~ ~",
								"particle snf:pendant_nether ~ ~ ~"
							],
							"target": "player"
						}
					}
				]
			}
		}
	}
}