{
	"format_version": "1.12",
	"minecraft:recipe_shaped": {
		"description": {
			"identifier": "snf:pendant_of_the_nether"
		},
		"tags": [
			"crafting_table"
		],
		"pattern": [
			"gEg",
			"gSg",
			"gNg"
		],
		"key": {
			"g": {
				"item": "minecraft:gold_ingot"
			},
			"E": {
				"item": "minecraft:emerald"
			},
			"S": {
				"item": "snf:tooth"
			},
			"N": {
				"item": "minecraft:netherite_scrap"
			}
		},
		"result": {
			"item": "snf:pendant_of_the_nether",
			"count": 1
		}
	}
}