{
    "entity_sounds": {
        "entities": {
            "snf:alligator": {
                "volume": 0.8,
                "pitch": [
                    1.0,
                    1.0
                ],
                "events": {
                    "ambient": "mob.alligator.idle",
                    "hurt": "mob.alligator.hurt",
                    "death": "mob.alligator.death",
                    "attack": "mob.alligator.attack"
                }
            },
            "snf:babyalligator": {
                "volume": 1.0,
                "pitch": [
                    1.0,
                    1.0
                ],
                "events": {
                    "ambient": "mob.babyalligator.idle",
                    "hurt": "mob.babyalligator.hurt",
                    "death": "mob.babyalligator.death"
                }
            },
            "snf:macaw": {
                "volume": 1,
                "pitch": [
                    1.0,
                    1.0
                ],
                "events": {
                    "ambient": "mob.macaw.idle",
                    "hurt": "mob.macaw.hurt",
                    "death": "mob.macaw.death"
                }
            },
            "snf:gecko": {
                "volume": 1,
                "pitch": [
                    1.0,
                    1.0
                ],
                "events": {
                    "hurt": "mob.gecko.hurt",
                    "death": "mob.gecko.death"
                }
            },
            "snf:harpyeagle": {
                "volume": 1.0,
                "pitch": [
                    0.6,
                    1.0
                ],
                "events": {
                    "ambient": "mob.harpyeagle.idle",
                    "hurt": "mob.harpyeagle.hurt",
                    "death": "mob.harpyeagle.death"
                }
            },
            "snf:warpedtainttaur": {
                "volume": 1.0,
                "pitch": [
                    1.0,
                    1.0
                ],
                "events": {
                    "ambient": "mob.warpedtainttaur.idle",
                    "hurt": "mob.warpedtainttaur.hurt",
                    "attack": "mob.warpedtainttaur.attack",
                    "death": "mob.warpedtainttaur.death"
                }
            }
        }
    }
}