{
  "format_version": "1.16.100",
  "minecraft:fog_settings": {
    "description": {
      "identifier": "realsource:fog_basalt_deltas"
    },
    "distance": {
      "air": {
        "fog_start": 10.0,
        "fog_end": 96.0,
        "fog_color": "#685f70",
        "render_distance_type": "fixed"
      },
      "water": {
        "fog_start": 0.0,
        "fog_end": 15.0,
        "fog_color": "#423e42",
        "render_distance_type": "fixed",
        "transition_fog": {
          "init_fog": {
            "fog_start": 0.0,
            "fog_end": 0.01,
            "fog_color": "#423e42",
            "render_distance_type": "fixed"
          },
          "min_percent": 0.25,
          "mid_seconds": 5,
          "mid_percent": 0.6,
          "max_seconds": 30
        }
      },
      "weather": {
        "fog_start": 10.0,
        "fog_end": 96.0,
        "fog_color": "#685f70",
        "render_distance_type": "fixed"
      }
    }
  }
}
