{
  "format_version": "1.16.100",
  "minecraft:fog_settings": {
    "description": {
      "identifier": "realsource:fog_default"
    },
    "distance": {
      "air": {
        "fog_start": 0.92,
        "fog_end": 1.0,
        "fog_color": "#63abeb",
        "render_distance_type": "render"
      },
      "water": {
        "fog_start": 0,
        "fog_end": 60.0,
        "fog_color": "#44AFF5",
        "render_distance_type": "fixed",
        "transition_fog": {
          "init_fog": {
            "fog_start": 0.0,
            "fog_end": 0.01,
            "fog_color": "#44AFF5",
            "render_distance_type": "fixed"
          },
          "min_percent": 0.25,
          "mid_seconds": 5,
          "mid_percent": 0.6,
          "max_seconds": 30
        }
      },
      "weather": {
        "fog_start": 0.23,
        "fog_end": 0.7,
        "fog_color": "#666666",
        "render_distance_type": "render"
      },
      "lava": {
        "fog_start": 0.0,
        "fog_end": 0.64,
        "fog_color": "#991A00",
        "render_distance_type": "fixed"
      },
      "lava_resistance": {
        "fog_start": 2.0,
        "fog_end": 4.0,
        "fog_color": "#991A00",
        "render_distance_type": "fixed"
      }
    },
    "volumetric": {
      "density": {
        "air": {
          "max_density": 0.026,
          "max_density_height": 80,
          "zero_density_height": 120,
	  "uniform": false
        },
	"lava": {
          "max_density": 0.0,
          "max_density_height": 80,
          "zero_density_height": 120,
	  "uniform": false
        },
	"lava_resistance": {
          "max_density": 0.0,
          "max_density_height": 80,
          "zero_density_height": 120,
	  "uniform": false
        }
      },
      "media_coefficients": {
        "air": {
          "scattering": [ 0.004, 0.003, 0.003  ],
          "absorption": [ 0.20, 0.20, 0.20  ]
        },
        "water": {
          "scattering": [ 0.001, 0.009, 0.012  ],
          "absorption": [ 0.16, 0.101, 0.102 ]
        }
      }
    }
  }
}
