{
	"format_version": "1.8.0",
	"animations": {
		"animation.ocelot.baby_transform": {
			"loop": true,
			"bones": {
				"head": {
					"scale": 1.5
				}
			}
		},
		"animation.ocelot.sit": {
			"loop": true,
			"bones": {
				"backLegL": {
					"rotation": [-45, 0, 0],
					"position": [0, "-2.0 - this", "6.0 - this"]
				},
				"backLegR": {
					"rotation": ["-45 - this", 0, 0],
					"position": [0, "-2.0 - this", "6.0 - this"]
				},
				"body": {
					"rotation": ["-45 - this", 0, 0]
				},
				"frontLegL": {
					"rotation": ["42.15 - this", 0, 0],
					"position": [0, "-1.5 - this", "-7.0 - this"]
				},
				"frontLegR": {
					"rotation": ["42.15 - this", 0, 0],
					"position": [0, "-1.5 - this", "-7.0 - this"]
				},
				"head": {
					"position": [0, -2, 0]
				},
				"tail1": {
					"rotation": ["45 - this", 0, 0],
					"position": [0, 0, 0]
				},
				"tail2": {
					"rotation": ["45 - this", 0, 0],
					"position": [0, 0, 0]
				}
			}
		},
		"animation.ocelot.sneak": {
			"loop": true,
			"bones": {
				"backLegL": {
					"rotation": ["math.cos(query.modified_distance_moved * 38.17) * 57.3 * query.modified_move_speed - this", 0, 0],
					"position": [0, "1.0 - this", 0]
				},
				"backLegR": {
					"rotation": ["math.cos(query.modified_distance_moved * 38.17 + 180.0) * 57.3 * query.modified_move_speed - this", 0, 0],
					"position": [0, "1.0 - this", 0]
				},
				"body": {
					"position": [0, -1, 0]
				},
				"frontLegL": {
					"rotation": ["math.cos(query.modified_distance_moved * 38.17 + 180.0) * 57.3 * query.modified_move_speed - this", 0, 0],
					"position": [0, "1.0 - this", 0]
				},
				"frontLegR": {
					"rotation": ["math.cos(query.modified_distance_moved * 38.17) * 57.3 * query.modified_move_speed - this", 0, 0],
					"position": [0, "1.0 - this", 0]
				},
				"head": {
					"position": [0, -1, 0]
				},
				"tail1": {
					"position": [0, "1.0 - this", 0]
				},
				"tail2": {
					"rotation": ["62.0 + math.cos(query.modified_distance_moved * 57.3) * 27.0 * query.modified_move_speed - this", 0, 0]
				},
				"top_head4": {
					"rotation": [-55, 0, 0]
				}
			}
		},
		"animation.ocelot.sprint": {
			"loop": true,
			"bones": {
				"backLegL": {
					"rotation": ["math.cos(query.modified_distance_moved * 38.17) * 57.3 * query.modified_move_speed - this", 0, 0]
				},
				"backLegR": {
					"rotation": ["math.cos(query.modified_distance_moved * 38.17 + 17.19) * 57.3 * query.modified_move_speed - this", 0, 0]
				},
				"frontLegL": {
					"rotation": ["math.cos(query.modified_distance_moved * 38.17 + 197.19) * 57.3 * query.modified_move_speed - this", 0, 0]
				},
				"frontLegR": {
					"rotation": ["math.cos(query.modified_distance_moved * 38.17 + 180.0) * 57.3 * query.modified_move_speed - this", 0, 0]
				},
				"tail1": {
					"rotation": ["-this", 0, 0]
				},
				"tail2": {
					"rotation": ["62.0 + math.cos(query.modified_distance_moved * 57.3) * 18.0 * query.modified_move_speed - this", 0, 0]
				},
				"hungerbl_leg": {
					"rotation": ["math.cos(query.modified_distance_moved * 38.17) * 57.3 * query.modified_move_speed - this", 0, 0]
				},
				"hungerbr_leg": {
					"rotation": ["math.cos(query.modified_distance_moved * 38.17 + 17.19) * 57.3 * query.modified_move_speed - this", 0, 0]
				},
				"hungerfl_leg": {
					"rotation": ["math.cos(query.modified_distance_moved * 38.17 + 197.19) * 57.3 * query.modified_move_speed - this", 0, 0]
				},
				"hungerfr_leg": {
					"rotation": ["math.cos(query.modified_distance_moved * 38.17 + 180.0) * 57.3 * query.modified_move_speed - this", 0, 0]
				}
			}
		},
		"animation.ocelot.walk": {
			"loop": true,
			"bones": {
				"backLegL": {
					"rotation": ["math.cos(query.modified_distance_moved * 38.17) * 57.3 * query.modified_move_speed - this", 0, 0]
				},
				"backLegR": {
					"rotation": ["math.cos(query.modified_distance_moved * 38.17 + 180.0) * 57.3 * query.modified_move_speed - this", 0, 0]
				},
				"frontLegL": {
					"rotation": ["math.cos(query.modified_distance_moved * 38.17 + 180.0) * 57.3 * query.modified_move_speed - this", 0, 0]
				},
				"frontLegR": {
					"rotation": ["math.cos(query.modified_distance_moved * 38.17) * 57.3 * query.modified_move_speed - this", 0, 0]
				},
				"tail1": {
					"rotation": ["-51.57 - this", 0, 0]
				},
				"tail2": {
					"rotation": ["62.0 + math.cos(query.modified_distance_moved * 57.3) * 45.0 * query.modified_move_speed - this", 0, 0]
				},
				"hungerbl_leg": {
					"rotation": ["math.cos(query.modified_distance_moved * 38.17) * 57.3 * query.modified_move_speed - this", 0, 0]
				},
				"hungerbr_leg": {
					"rotation": ["math.cos(query.modified_distance_moved * 38.17 + 180.0) * 57.3 * query.modified_move_speed - this", 0, 0]
				},
				"hungerfl_leg": {
					"rotation": ["math.cos(query.modified_distance_moved * 38.17 + 180.0) * 57.3 * query.modified_move_speed - this", 0, 0]
				},
				"hungerfr_leg": {
					"rotation": ["math.cos(query.modified_distance_moved * 38.17) * 57.3 * query.modified_move_speed - this", 0, 0]
				}
			}
		}
	}
}