{
	"format_version": "1.8.0",
	"animations": {
		"animation.quadruped.walk": {
			"loop": true,
			"anim_time_update": "query.modified_distance_moved",
			"bones": {
				"leg0": {
					"rotation": ["math.cos(query.anim_time * 38.17) *  80.0", 0, 0]
				},
				"leg1": {
					"rotation": ["math.cos(query.anim_time * 38.17) * -80.0", 0, 0]
				},
				"leg2": {
					"rotation": ["math.cos(query.anim_time * 38.17) * -80.0", 0, 0]
				},
				"leg3": {
					"rotation": ["math.cos(query.anim_time * 38.17) *  80.0", 0, 0]
				},
				"leg1s": {
					"rotation": ["math.cos(query.anim_time * 38.17) * -80.0", 0, 0]
				},
				"leg2s": {
					"rotation": ["math.cos(query.anim_time * 38.17) * -80.0", 0, 0]
				},
				"leg2s2": {
					"rotation": ["math.cos(query.anim_time * 38.17) * -80.0", 0, 0]
				},
				"leg3s": {
					"rotation": ["math.cos(query.anim_time * 38.17) *  80.0", 0, 0]
				},
				"leg3s2": {
					"rotation": ["math.cos(query.anim_time * 38.17) *  80.0", 0, 0]
				},
				"leg0s": {
					"rotation": ["math.cos(query.anim_time * 38.17) *  80.0", 0, 0]
				}
			}
		}
	}
}