{
  "format_version": "1.10.0",
  "minecraft:client_entity": {
    "description": {
      "identifier": "minecraft:chicken",
      "min_engine_version": "1.12.0",
      "materials": {
        "default": "chicken_legs",
        "legs": "chicken_legs"
      },
      "textures": {
        "default": "textures/entity/chicken",
        "default2": "textures/entity/chicken2",
        "default3": "textures/entity/chicken3",
        "default4": "textures/entity/chicken4",
        "default5": "textures/entity/chicken5",
        "default6": "textures/entity/chicken6",
        "default7": "textures/entity/chicken7",
        "default8": "textures/entity/chicken8"
      },
      "geometry": {
        "default": "geometry.chicken"
      },
      "animations": {
        "move": "animation.chicken.move",
        "general": "animation.chicken.general.v1.0",
        "look_at_target": "animation.common.look_at_target",
        "baby_transform": "animation.chicken.baby_transform"
      },
      "scripts": {
        "animate": [
          "general",
          {
            "move": "query.modified_move_speed"
          },
          "look_at_target",
          {
            "baby_transform": "query.is_baby"
          }
        ]
      },
      "render_controllers": [
        "controller.render.chicken"
      ],
      "spawn_egg": {
        "texture": "spawn_egg",
        "texture_index": 0
      }
    }
  }
}
