{
  "format_version": "1.8.0",
  "minecraft:client_entity": {
    "description": {
      "identifier": "minecraft:creeper",
      "min_engine_version": "1.8.0",
      "materials": {
        "default": "phantom",
        "charged": "charged_creeper"
      },
      "textures": {
        "default": "textures/entity/creeper/creeper",
        "charged": "textures/entity/creeper/creeper_armor",
        "default2": "textures/entity/creeper/creeper2",
        "default3": "textures/entity/creeper/creeper3",
        "default4": "textures/entity/creeper/creeper4",
        "default5": "textures/entity/creeper/creeper5",
        "default6": "textures/entity/creeper/creeper6",
        "default7": "textures/entity/creeper/creeper7",
        "default8": "textures/entity/creeper/creeper8",
        "default9": "textures/entity/creeper/creeper9",
        "default10": "textures/entity/creeper/creeper10",
        "default11": "textures/entity/creeper/creeper11",
        "default12": "textures/entity/creeper/creeper12",
        "default13": "textures/entity/creeper/creeper13",
        "default14": "textures/entity/creeper/creeper14",
        "default15": "textures/entity/creeper/creeper15",
        "default16": "textures/entity/creeper/creeper16"
      },
      "geometry": {
        "default": "geometry.creeper.v1.8",
        "charged": "geometry.creeper.charged.v1.8"
      },
      "spawn_egg": {
        "texture": "spawn_egg",
        "texture_index": 6
      },
      "scripts": {
        "pre_animation": [
          "variable.wobble = Math.sin(query.swell_amount * 5730) * query.swell_amount * 0.01 + 1.0;",
          "variable.swelling_scale1 = (Math.pow(Math.clamp(query.swell_amount, 0.0, 1.0), 4.0) * 0.4 + 1.0) * variable.wobble;",
          "variable.swelling_scale2 = (Math.pow(Math.clamp(query.swell_amount, 0.0, 1.0), 4.0) * 0.1 + 1.0) / variable.wobble;",
          "variable.leg_rot = Math.cos(query.modified_distance_moved * 38.17326) * 80.22 * query.modified_move_speed;",
          "variable.flash = Math.mod(Math.Round(query.swell_amount * 10.0), 2.0);",
          "variable.Xvar = (variable.Xvar ?? Math.random(0,999));"
        ]
      },
      "animations": {
        "creeper_head": "animation.common.look_at_target",
        "creeper_legs": "animation.creeper.legs",
        "creeper_swelling": "animation.creeper.swelling"
      },
      "animation_controllers": [
        {
          "creeper_head": "controller.animation.creeper.head"
        },
        {
          "creeper_legs": "controller.animation.creeper.legs"
        },
        {
          "creeper_swelling": "controller.animation.creeper.swelling"
        }
      ],
      "render_controllers": [
        "controller.render.creeper",
        "controller.render.creeper_armor"
      ]
    }
  }
}
