{
  "format_version": "1.10.0",
  "minecraft:client_entity": {
    "description": {
      "identifier": "minecraft:glow_squid",
      "materials": { "default": "phantom" },
      "textures": {
        "default": "textures/entity/squid/glow_squid",
        "default2": "textures/entity/squid/glow_squid2",
        "default3": "textures/entity/squid/glow_squid3",
        "default4": "textures/entity/squid/glow_squid4",
        "default5": "textures/entity/squid/glow_squid5",
        "default6": "textures/entity/squid/glow_squid6",
        "default7": "textures/entity/squid/glow_squid7",
        "default8": "textures/entity/squid/glow_squid8",
        "default9": "textures/entity/squid/glow_squid9",
        "default10": "textures/entity/squid/glow_squid10",
        "default11": "textures/entity/squid/glow_squid11"
      },
      "geometry": {
        "default": "geometry.glow_squid"
      },
      "animations": {
        "move": "animation.squid.move",
        "squid_rotate": "animation.squid.rotate"
      },
      "scripts": {
        "animate": [
          "move",
          "squid_rotate"
        ],
        "initialize": [
          "variable.Xvar = Math.random(0,999);"
        ]
      },
      "render_controllers": [ "controller.render.glow_squid" ],
      "spawn_egg": {
        "base_color": "#0x095656",
        "overlay_color": "#0x85f1bc"
      }
    }
  }
}
}