{
  "format_version": "1.10.0",
  "minecraft:client_entity": {
    "description": {
      "identifier": "minecraft:piglin",
      "materials": {
        "default": "piglin"
      },
      "textures": {
        "default": "textures/entity/piglin/piglin",
        "default2": "textures/entity/piglin/piglin2",
        "default3": "textures/entity/piglin/piglin3",
        "default4": "textures/entity/piglin/piglin4",
        "default5": "textures/entity/piglin/piglin5",
        "default6": "textures/entity/piglin/piglin6",
        "default7": "textures/entity/piglin/piglin7",
        "default8": "textures/entity/piglin/piglin8",
        "default9": "textures/entity/piglin/piglin9",
        "default10": "textures/entity/piglin/piglin10",
        "default11": "textures/entity/piglin/piglin11",
        "default12": "textures/entity/piglin/piglin12",
        "default13": "textures/entity/piglin/piglin13",
        "default14": "textures/entity/piglin/piglin14",
        "default15": "textures/entity/piglin/piglin15",
        "default16": "textures/entity/piglin/piglin16",
        "default17": "textures/entity/piglin/piglin17",
        "default18": "textures/entity/piglin/piglin18",
        "default19": "textures/entity/piglin/piglin19",
        "default20": "textures/entity/piglin/piglin20",
        "default21": "textures/entity/piglin/piglin21",
        "default22": "textures/entity/piglin/piglin22",
        "default23": "textures/entity/piglin/piglin23",
        "default24": "textures/entity/piglin/piglin24",
        "default25": "textures/entity/piglin/piglin25",
        "default26": "textures/entity/piglin/piglin26",
        "default27": "textures/entity/piglin/piglin27",
        "default28": "textures/entity/piglin/piglin28",
        "default29": "textures/entity/piglin/piglin29",
        "default30": "textures/entity/piglin/piglin30",
        "default31": "textures/entity/piglin/piglin31",
        "default32": "textures/entity/piglin/piglin32",
        "default33": "textures/entity/piglin/piglin33",
        "default34": "textures/entity/piglin/piglin34",
        "default35": "textures/entity/piglin/piglin35",
        "default36": "textures/entity/piglin/piglin36",
        "default37": "textures/entity/piglin/piglin37",
        "default38": "textures/entity/piglin/piglin38",
        "default39": "textures/entity/piglin/piglin39",
        "default40": "textures/entity/piglin/piglin40",
        "default41": "textures/entity/piglin/piglin41",
        "default42": "textures/entity/piglin/piglin42",
        "default43": "textures/entity/piglin/piglin43",
        "default44": "textures/entity/piglin/piglin44",
        "default45": "textures/entity/piglin/piglin45",
        "default46": "textures/entity/piglin/piglin46",
        "default47": "textures/entity/piglin/piglin47",
        "default48": "textures/entity/piglin/piglin48",
        "default49": "textures/entity/piglin/piglin49",
        "default50": "textures/entity/piglin/piglin50",
        "default51": "textures/entity/piglin/piglin51",
        "default52": "textures/entity/piglin/piglin52",
        "default53": "textures/entity/piglin/piglin53",
        "default54": "textures/entity/piglin/piglin54",
        "default55": "textures/entity/piglin/piglin55",
        "default56": "textures/entity/piglin/piglin56",
        "default57": "textures/entity/piglin/piglin57",
        "default58": "textures/entity/piglin/piglin58",
        "default59": "textures/entity/piglin/piglin59",
        "default60": "textures/entity/piglin/piglin60",
        "default61": "textures/entity/piglin/piglin61",
        "default62": "textures/entity/piglin/piglin62",
        "default63": "textures/entity/piglin/piglin63",
        "default64": "textures/entity/piglin/piglin64",
        "default65": "textures/entity/piglin/piglin65",
        "default66": "textures/entity/piglin/piglin66",
        "default67": "textures/entity/piglin/piglin67",
        "default68": "textures/entity/piglin/piglin68",
        "default69": "textures/entity/piglin/piglin69",
        "default70": "textures/entity/piglin/piglin70",
        "default71": "textures/entity/piglin/piglin71",
        "default76": "textures/entity/piglin/piglin76",
        "default77": "textures/entity/piglin/piglin77",
        "default78": "textures/entity/piglin/piglin78",
        "default79": "textures/entity/piglin/piglin79",
        "default80": "textures/entity/piglin/piglin80",
        "default81": "textures/entity/piglin/piglin81",
        "default82": "textures/entity/piglin/piglin82"
      },
      "geometry": {
        "default": "geometry.piglin"
      },
      "spawn_egg": {
        "base_color": "#995f40",
        "overlay_color": "#f9f3a4"
      },
      "scripts": {
        "pre_animation": [
          "variable.tcos0 = (Math.cos(query.modified_distance_moved * 38.17) * query.modified_move_speed / variable.gliding_speed_value) * 57.3;",
          "variable.attack = Math.sin((1.0 - (1.0 - variable.attack_time) * (1.0 - variable.attack_time)) * 180.0) * 57.3;",
          "variable.attack2 = Math.sin(variable.attack_time * 180.0) * 57.3;",
          "variable.z_bob = Math.cos(query.life_time * 103.13244) * 2.865 + 2.865;",
          "variable.x_bob = Math.sin(query.life_time * 76.776372) * 2.865;"
        ],
        "animate": [
          {
            "admire": "query.is_admiring"
          },
          {
            "humanoid_big_head": "query.is_baby"
          },
          {
            "celebrate_hunt": "query.is_celebrating"
          },
          {
            "celebrate_hunt_special": "query.is_celebrating_special"
          },
          "move",
          "bob",
          "look_at_target_controller",
          "piglin_attack_controller",
          "riding_controller"
        ],
        "initialize": [
          "variable.Xvar = Math.random(0,999);"
        ]
      },
      "animations": {
        "move": "animation.piglin.move",
        "bob": "animation.humanoid.bob",
        "humanoid_big_head": "animation.humanoid.big_head",
        "admire": "animation.piglin.admire",
        "celebrate_hunt": "animation.piglin.celebrate_hunt",
        "celebrate_hunt_special": "animation.piglin.celebrate_hunt_special",
        "look_at_target_controller": "controller.animation.humanoid.look_at_target",
        "look_at_target_default": "animation.humanoid.look_at_target.default",
        "look_at_target_gliding": "animation.humanoid.look_at_target.gliding",
        "look_at_target_swimming": "animation.humanoid.look_at_target.swimming",
        "piglin_attack_controller": "controller.animation.piglin.attack",
        "crossbow_hold": "animation.piglin.crossbow.hold",
        "crossbow_charge": "animation.piglin.crossbow.charge",
        "melee_attack": "animation.piglin.sword.attack",
        "hand_attack": "animation.piglin.hand.attack",
        "riding_controller": "controller.animation.humanoid.riding",
        "riding.arms": "animation.humanoid.riding.arms",
        "riding.legs": "animation.humanoid.riding.legs"
      },
      "render_controllers": [
        "controller.render.piglin"
      ],
      "enable_attachables": true
    }
  }
}
