{
  "format_version": "1.8.0",
  "minecraft:client_entity": {
    "description": {
      "identifier": "minecraft:silverfish",
      "min_engine_version": "1.8.0",
      "materials": {
        "default": "endermite"
      },
      "textures": {
        "default": "textures/entity/silverfish",
        "default2": "textures/entity/silverfish2",
        "default3": "textures/entity/silverfish3",
        "default4": "textures/entity/silverfish4",
        "default5": "textures/entity/silverfish5",
        "default6": "textures/entity/silverfish6",
        "default7": "textures/entity/silverfish7",
        "default8": "textures/entity/silverfish8",
        "default9": "textures/entity/silverfish9",
        "default10": "textures/entity/silverfish10",
        "default11": "textures/entity/silverfish11",
        "default12": "textures/entity/silverfish12"
      },
      "geometry": {
        "default": "geometry.silverfish"
      },
      "animations": {
        "move": "animation.silverfish.move"
      },
      "animation_controllers": [
        {
          "move": "controller.animation.silverfish.move"
        }
      ],
      "render_controllers": [
        "controller.render.silverfish"
      ],
      "spawn_egg": {
        "texture": "spawn_egg",
        "texture_index": 8
      },
      "scripts": {
        "pre_animation": [
          "variable.Xvar = (variable.Xvar ?? Math.random(0,999));"
        ]
      }
    }
  }
}
