{
  "format_version": "1.10.0",
  "minecraft:client_entity": {
    "description": {
      "identifier": "minecraft:squid",
      "materials": {
        "default": "phantom"
      },
      "textures": {
        "default": "textures/entity/squid/squid",
        "default2": "textures/entity/squid/squid2",
        "default3": "textures/entity/squid/squid3",
        "default4": "textures/entity/squid/squid4",
        "default5": "textures/entity/squid/squid5",
        "default6": "textures/entity/squid/squid6",
        "default7": "textures/entity/squid/squid7",
        "default8": "textures/entity/squid/squid8",
        "default9": "textures/entity/squid/squid9",
        "default10": "textures/entity/squid/squid10",
        "default11": "textures/entity/squid/squid11",
        "default12": "textures/entity/squid/squid12",
        "default13": "textures/entity/squid/squid13",
        "default14": "textures/entity/squid/squid14",
        "default15": "textures/entity/squid/squid15"
      },
      "geometry": {
        "default": "geometry.squid"
      },
      "animations": {
        "move": "animation.squid.move",
        "squid_rotate": "animation.squid.rotate"
      },
      "scripts": {
        "animate": [
          "move",
          "squid_rotate"
        ],
        "initialize": [
          "variable.Xvar = Math.random(0,999);"
        ]
      },
      "render_controllers": [
        "controller.render.squid"
      ],
      "spawn_egg": {
        "texture": "spawn_egg",
        "texture_index": 15
      }
    }
  }
}