{
  "format_version": "1.8.0",
  "minecraft:client_entity": {
    "description": {
      "identifier": "minecraft:witch",
      "min_engine_version": "1.8.0",
      "materials": {
        "default": "phantom"
      },
      "textures": {
        "default": "textures/entity/witch",
        "default2": "textures/entity/witch2",
        "default3": "textures/entity/witch3",
        "default4": "textures/entity/witch4",
        "default5": "textures/entity/witch5",
        "default6": "textures/entity/witch6",
        "default7": "textures/entity/witch7",
        "default8": "textures/entity/witch8",
        "default9": "textures/entity/witch9",
        "default10": "textures/entity/witch10",
        "default11": "textures/entity/witch11",
        "default12": "textures/entity/witch12",
        "default13": "textures/entity/witch13",
        "default14": "textures/entity/witch14",
        "default15": "textures/entity/witch15",
        "default16": "textures/entity/witch16",
        "default17": "textures/entity/witch17",
        "default18": "textures/entity/witch18",
        "default19": "textures/entity/witch19",
        "default20": "textures/entity/witch20",
        "default21": "textures/entity/witch21",
        "default22": "textures/entity/witch22",
        "default23": "textures/entity/witch23",
        "default24": "textures/entity/witch24",
        "default25": "textures/entity/witch25"
      },
      "geometry": {
        "default": "geometry.villager.witch.v1.8"
      },
      "scripts": {
        "pre_animation": [
          "variable.Xvar = (variable.Xvar ?? Math.random(0,999));"
        ]
      },
      "animations": {
        "villager_general": "animation.villager.general",
        "look_at_target": "animation.common.look_at_target",
        "move": "animation.villager.move",
        "general": "animation.witch.general"
      },
      "animation_controllers": [
        {
          "general": "controller.animation.witch.general"
        },
        {
          "move": "controller.animation.villager.move"
        }
      ],
      "render_controllers": [
        "controller.render.witch"
      ],
      "spawn_egg": {
        "texture": "spawn_egg",
        "texture_index": 17
      }
    }
  }
}
