{
  "format_version": "1.8.0",
  "minecraft:client_entity": {
    "description": {
      "identifier": "minecraft:zombie",
      "min_engine_version": "1.8.0",
      "materials": {
        "default": "zombie"
      },
      "textures": {
        "default": "textures/entity/zombie/zombie",
        "default2": "textures/entity/zombie/zombie2",
        "default3": "textures/entity/zombie/zombie3",
        "default4": "textures/entity/zombie/zombie4",
        "default5": "textures/entity/zombie/zombie5",
        "default6": "textures/entity/zombie/zombie6",
        "default7": "textures/entity/zombie/zombie7",
        "default8": "textures/entity/zombie/zombie8",
        "default9": "textures/entity/zombie/zombie9",
        "default10": "textures/entity/zombie/zombie10",
        "default11": "textures/entity/zombie/zombie11",
        "default12": "textures/entity/zombie/zombie12",
        "default13": "textures/entity/zombie/zombie13",
        "default14": "textures/entity/zombie/zombie14",
        "default15": "textures/entity/zombie/zombie15",
        "default16": "textures/entity/zombie/zombie16",
        "default17": "textures/entity/zombie/zombie17",
        "default18": "textures/entity/zombie/zombie18",
        "default19": "textures/entity/zombie/zombie19",
        "default20": "textures/entity/zombie/zombie20",
        "default21": "textures/entity/zombie/zombie21",
        "default22": "textures/entity/zombie/zombie22",
        "default23": "textures/entity/zombie/zombie23",
        "default24": "textures/entity/zombie/zombie24",
        "default25": "textures/entity/zombie/zombie25",
        "default26": "textures/entity/zombie/zombie26",
        "default27": "textures/entity/zombie/zombie27",
        "default28": "textures/entity/zombie/zombie28",
        "default29": "textures/entity/zombie/zombie29",
        "default30": "textures/entity/zombie/zombie30",
        "default31": "textures/entity/zombie/zombie31",
        "default32": "textures/entity/zombie/zombie32",
        "default33": "textures/entity/zombie/zombie33",
        "default34": "textures/entity/zombie/zombie34",
        "default35": "textures/entity/zombie/zombie35",
        "default36": "textures/entity/zombie/zombie36",
        "default37": "textures/entity/zombie/zombie37",
        "default38": "textures/entity/zombie/zombie38",
        "default39": "textures/entity/zombie/zombie39",
        "default40": "textures/entity/zombie/zombie40",
        "default41": "textures/entity/zombie/zombie41",
        "default42": "textures/entity/zombie/zombie42",
        "default43": "textures/entity/zombie/zombie43",
        "default44": "textures/entity/zombie/zombie44",
        "default45": "textures/entity/zombie/zombie45",
        "default46": "textures/entity/zombie/zombie46",
        "default47": "textures/entity/zombie/zombie47",
        "default48": "textures/entity/zombie/zombie48",
        "default49": "textures/entity/zombie/zombie49",
        "default50": "textures/entity/zombie/zombie50",
        "default51": "textures/entity/zombie/zombie51",
        "default52": "textures/entity/zombie/zombie52",
        "default53": "textures/entity/zombie/zombie53",
        "default54": "textures/entity/zombie/zombie54",
        "default55": "textures/entity/zombie/zombie55",
        "default56": "textures/entity/zombie/zombie56",
        "default57": "textures/entity/zombie/zombie57",
        "default58": "textures/entity/zombie/zombie58",
        "default59": "textures/entity/zombie/zombie59",
        "default60": "textures/entity/zombie/zombie60",
        "default61": "textures/entity/zombie/zombie61",
        "default62": "textures/entity/zombie/zombie62",
        "default63": "textures/entity/zombie/zombie63",
        "default64": "textures/entity/zombie/zombie64",
        "default65": "textures/entity/zombie/zombie65",
        "default66": "textures/entity/zombie/zombie66",
        "default67": "textures/entity/zombie/zombie67",
        "default68": "textures/entity/zombie/zombie68",
        "default69": "textures/entity/zombie/zombie69",
        "default70": "textures/entity/zombie/zombie70",
        "default71": "textures/entity/zombie/zombie71",
        "default72": "textures/entity/zombie/zombie72",
        "default73": "textures/entity/zombie/zombie73",
        "default74": "textures/entity/zombie/zombie74",
        "default75": "textures/entity/zombie/zombie75",
        "default76": "textures/entity/zombie/zombie76",
        "default77": "textures/entity/zombie/zombie77",
        "default78": "textures/entity/zombie/zombie78",
        "default79": "textures/entity/zombie/zombie79",
        "default80": "textures/entity/zombie/zombie80",
        "default81": "textures/entity/zombie/zombie81",
        "default82": "textures/entity/zombie/zombie82",
        "default83": "textures/entity/zombie/zombie83",
        "default84": "textures/entity/zombie/zombie84",
        "default85": "textures/entity/zombie/zombie85",
        "default86": "textures/entity/zombie/zombie86",
        "default87": "textures/entity/zombie/zombie87",
        "default88": "textures/entity/zombie/zombie88",
        "default89": "textures/entity/zombie/zombie89",
        "default90": "textures/entity/zombie/zombie90",
        "default91": "textures/entity/zombie/zombie91",
        "default92": "textures/entity/zombie/zombie92",
        "default93": "textures/entity/zombie/zombie93",
        "default94": "textures/entity/zombie/zombie94",
        "default95": "textures/entity/zombie/zombie95",
        "default96": "textures/entity/zombie/zombie96",
        "default97": "textures/entity/zombie/zombie97",
        "default98": "textures/entity/zombie/zombie98",
        "default99": "textures/entity/zombie/zombie99",
        "default100": "textures/entity/zombie/zombie100",
        "default101": "textures/entity/zombie/zombie101",
        "default102": "textures/entity/zombie/zombie102",
        "default103": "textures/entity/zombie/zombie103"
      },
      "geometry": {
        "default": "geometry.zombie.v1.8"
      },
      "spawn_egg": {
        "texture": "spawn_egg",
        "texture_index": 12
      },
      "scripts": {
        "pre_animation": [
          "variable.tcos0 = (Math.cos(query.modified_distance_moved * 38.17) * query.modified_move_speed / variable.gliding_speed_value) * 57.3;",
          "variable.Xvar = (variable.Xvar ?? Math.random(0,999));"
        ]
      },
      "animations": {
        "humanoid_big_head": "animation.humanoid.big_head",
        "look_at_target_default": "animation.humanoid.look_at_target.default",
        "look_at_target_gliding": "animation.humanoid.look_at_target.gliding",
        "look_at_target_swimming": "animation.humanoid.look_at_target.swimming",
        "move": "animation.humanoid.move",
        "riding.arms": "animation.humanoid.riding.arms",
        "riding.legs": "animation.humanoid.riding.legs",
        "holding": "animation.humanoid.holding",
        "brandish_spear": "animation.humanoid.brandish_spear",
        "charging": "animation.humanoid.charging",
        "attack.rotations": "animation.humanoid.attack.rotations",
        "sneaking": "animation.humanoid.sneaking",
        "bob": "animation.humanoid.bob",
        "damage_nearby_mobs": "animation.humanoid.damage_nearby_mobs",
        "bow_and_arrow": "animation.humanoid.bow_and_arrow",
        "use_item_progress": "animation.humanoid.use_item_progress",
        "zombie_attack_bare_hand": "animation.zombie.attack_bare_hand",
        "swimming": "animation.zombie.swimming"
      },
      "animation_controllers": [
        {
          "humanoid_baby_big_head": "controller.animation.humanoid.baby_big_head"
        },
        {
          "look_at_target": "controller.animation.humanoid.look_at_target"
        },
        {
          "move": "controller.animation.humanoid.move"
        },
        {
          "riding": "controller.animation.humanoid.riding"
        },
        {
          "holding": "controller.animation.humanoid.holding"
        },
        {
          "brandish_spear": "controller.animation.humanoid.brandish_spear"
        },
        {
          "charging": "controller.animation.humanoid.charging"
        },
        {
          "attack": "controller.animation.humanoid.attack"
        },
        {
          "sneaking": "controller.animation.humanoid.sneaking"
        },
        {
          "bob": "controller.animation.humanoid.bob"
        },
        {
          "damage_nearby_mobs": "controller.animation.humanoid.damage_nearby_mobs"
        },
        {
          "bow_and_arrow": "controller.animation.humanoid.bow_and_arrow"
        },
        {
          "use_item_progress": "controller.animation.humanoid.use_item_progress"
        },
        {
          "zombie_attack_bare_hand": "controller.animation.zombie.attack_bare_hand"
        },
        {
          "swimming": "controller.animation.zombie.swimming"
        }
      ],
      "render_controllers": [
        "controller.render.zombie"
      ],
      "enable_attachables": true
    }
  }
}
